
Currently Loaded Modules:
  1) intel-oneapi-compilers/2024.2.1   7) intel-oneapi-runtime/2024.2.1  13) sqlite/3.46.0           19) cmake/3.27.9          25) python-venv/1.0  31) sigio/2.3.3       37) gsi_common
  2) stack-oneapi/2024.2.1             8) zlib/1.2.13                    14) util-linux-uuid/2.40.2  20) snappy/1.2.1          26) py-numpy/1.26.4  32) sfcio/1.4.2       38) prod_util/2.1.1
  3) intel-oneapi-mpi/2021.13.1        9) pigz/2.8                       15) python/3.11.7           21) c-blosc/1.21.5        27) bufr/12.1.0      33) nemsio/2.5.4      39) gsi_ursa.intel
  4) stack-intel-oneapi-mpi/2021.13   10) zstd/1.5.6                     16) stack-python/3.11.7     22) hdf5/1.14.3           28) bacio/2.4.1      34) wrf-io/1.2.0
  5) intel-oneapi-mkl/2024.2.1        11) tar/1.34                       17) nghttp2/1.63.0          23) netcdf-c/4.9.2        29) w3emc/2.10.0     35) ncio/1.1.2
  6) glibc/2.34                       12) gettext/0.22.5                 18) curl/8.10.1             24) netcdf-fortran/4.6.1  30) ip/5.1.0         36) gsi-ncdiag/1.1.2

 

-- The C compiler identification is IntelLLVM 2024.2.1
-- The Fortran compiler identification is Intel 2021.1.0.20240703
-- Detecting C compiler ABI info
-- Detecting C compiler ABI info - done
-- Check for working C compiler: /apps/spack-2024-12/linux-rocky9-x86_64/gcc-11.4.1/intel-oneapi-compilers-2024.2.1-oqhstbmawnrsdw472p4pjsopj547o6xs/compiler/2024.2/bin/icx - skipped
-- Detecting C compile features
-- Detecting C compile features - done
-- Detecting Fortran compiler ABI info
-- Detecting Fortran compiler ABI info - done
-- Check for working Fortran compiler: /apps/spack-2024-12/linux-rocky9-x86_64/gcc-11.4.1/intel-oneapi-compilers-2024.2.1-oqhstbmawnrsdw472p4pjsopj547o6xs/compiler/2024.2/bin/ifort - skipped
-- OPENMP ................. OFF
-- ENABLE_MKL ............. ON
-- BUILD_GSDCLOUD ......... OFF
-- BUILD_MGBF ............. ON
-- BUILD_GSI .............. ON
-- BUILD_ENKF ............. ON
-- BUILD_REG_TESTING ...... ON
-- Building MGBF library
-- Found MPI_C: /apps/spack-2024-12/linux-rocky9-x86_64/oneapi-2024.2.1/intel-oneapi-mpi-2021.13.1-ss72gbndvat3oz22sa6lhmlbjkeabrn4/mpi/2021.13/lib/libmpifort.so (found version "3.1") 
-- Found MPI_Fortran: /apps/spack-2024-12/linux-rocky9-x86_64/oneapi-2024.2.1/intel-oneapi-mpi-2021.13.1-ss72gbndvat3oz22sa6lhmlbjkeabrn4/mpi/2021.13/lib/libmpifort.so (found version "3.1") 
-- Found MPI: TRUE (found version "3.1")  
-- Building GSI
-- GSI: OPENMP ................. OFF
-- GSI: ENABLE_MKL ............. ON
-- GSI: USE_GSDCLOUD ........... OFF
-- GSI: USE_MGBF ............... ON
-- GSI: GSI_MODE ............... Regional
-- Found MKL: /apps/spack-2024-12/linux-rocky9-x86_64/oneapi-2024.2.1/intel-oneapi-mkl-2024.2.1-xnoyobr3t3tov375bqiwzuue5fbtjixa/mkl/2024.2/lib/libmkl_intel_lp64.so;/apps/spack-2024-12/linux-rocky9-x86_64/oneapi-2024.2.1/intel-oneapi-mkl-2024.2.1-xnoyobr3t3tov375bqiwzuue5fbtjixa/mkl/2024.2/lib/libmkl_sequential.so;/apps/spack-2024-12/linux-rocky9-x86_64/oneapi-2024.2.1/intel-oneapi-mkl-2024.2.1-xnoyobr3t3tov375bqiwzuue5fbtjixa/mkl/2024.2/lib/libmkl_core.so  
-- Found NetCDF: /contrib/spack-stack/spack-stack-1.9.2/envs/ue-oneapi-2024.2.1/install/oneapi/2024.2.1/netcdf-c-4.9.2-idnwcbr/include;/contrib/spack-stack/spack-stack-1.9.2/envs/ue-oneapi-2024.2.1/install/oneapi/2024.2.1/netcdf-fortran-4.6.1-5fzfhfs/include (found version "4.9.2") found components: Fortran 
-- FindNetCDF defines targets:
--   - NetCDF_VERSION [4.9.2]
--   - NetCDF_PARALLEL [TRUE]
--   - NetCDF_C_CONFIG_EXECUTABLE [/contrib/spack-stack/spack-stack-1.9.2/envs/ue-oneapi-2024.2.1/install/oneapi/2024.2.1/netcdf-c-4.9.2-idnwcbr/bin/nc-config]
--   - NetCDF::NetCDF_C [SHARED] [Root: /contrib/spack-stack/spack-stack-1.9.2/envs/ue-oneapi-2024.2.1/install/oneapi/2024.2.1/netcdf-c-4.9.2-idnwcbr] Lib: /contrib/spack-stack/spack-stack-1.9.2/envs/ue-oneapi-2024.2.1/install/oneapi/2024.2.1/netcdf-c-4.9.2-idnwcbr/lib/libnetcdf.so 
--   - NetCDF_Fortran_CONFIG_EXECUTABLE [/contrib/spack-stack/spack-stack-1.9.2/envs/ue-oneapi-2024.2.1/install/oneapi/2024.2.1/netcdf-fortran-4.6.1-5fzfhfs/bin/nf-config]
--   - NetCDF::NetCDF_Fortran [SHARED] [Root: /contrib/spack-stack/spack-stack-1.9.2/envs/ue-oneapi-2024.2.1/install/oneapi/2024.2.1/netcdf-fortran-4.6.1-5fzfhfs] Lib: /contrib/spack-stack/spack-stack-1.9.2/envs/ue-oneapi-2024.2.1/install/oneapi/2024.2.1/netcdf-fortran-4.6.1-5fzfhfs/lib/libnetcdff.so 
-- Found ZLIB: /contrib/spack-stack/spack-stack-1.9.2/envs/ue-oneapi-2024.2.1/install/oneapi/2024.2.1/zlib-1.2.13-mkqknv7/lib/libz.so (found version "1.2.13")  
-- Found bacio: /contrib/spack-stack/spack-stack-1.9.2/envs/ue-oneapi-2024.2.1/install/oneapi/2024.2.1/bacio-2.4.1-ah7c33v/lib/libbacio_4.a (found version "2.4.1")
-- Found sigio: /contrib/spack-stack/spack-stack-1.9.2/envs/ue-oneapi-2024.2.1/install/oneapi/2024.2.1/sigio-2.3.3-ijtj4go/lib64/libsigio.a (found version "2.3.3")
-- Found sfcio: /contrib/spack-stack/spack-stack-1.9.2/envs/ue-oneapi-2024.2.1/install/oneapi/2024.2.1/sfcio-1.4.2-t4lwp3i/lib64/libsfcio.a (found version "1.4.2")
-- Found bacio: /contrib/spack-stack/spack-stack-1.9.2/envs/ue-oneapi-2024.2.1/install/oneapi/2024.2.1/bacio-2.4.1-ah7c33v/lib/libbacio_4.a (found version "2.4.1")
-- Found bacio: /contrib/spack-stack/spack-stack-1.9.2/envs/ue-oneapi-2024.2.1/install/oneapi/2024.2.1/bacio-2.4.1-ah7c33v/lib/libbacio_4.a (found version "2.4.1")
-- Found w3emc: /contrib/spack-stack/spack-stack-1.9.2/envs/ue-oneapi-2024.2.1/install/oneapi/2024.2.1/w3emc-2.10.0-o27swxn/lib64/libw3emc_4.a (found version "2.10.0")
-- Found MPI: TRUE (found version "3.1") found components: Fortran 
-- Found nemsio: /contrib/spack-stack/spack-stack-1.9.2/envs/ue-oneapi-2024.2.1/install/oneapi/2024.2.1/nemsio-2.5.4-usa45yy/lib64/libnemsio.a (found version "2.5.4")
-- Found MPI: TRUE (found version "3.1")  
-- Found ncio: /contrib/spack-stack/spack-stack-1.9.2/envs/ue-oneapi-2024.2.1/install/oneapi/2024.2.1/ncio-1.1.2-dktqete/lib64/libncio.a (found version "1.1.2")
-- Found ncdiag: /contrib/spack-stack/spack-stack-1.9.2/envs/ue-oneapi-2024.2.1/install/oneapi/2024.2.1/gsi-ncdiag-1.1.2-3cdofpx/lib64/libncdiag.a (found version "1.1.2")
-- Found OpenMP_Fortran: -qopenmp (found version "5.0") 
-- Found OpenMP: TRUE (found version "5.0") found components: Fortran 
-- Looking for Fortran sgemm
-- Looking for Fortran sgemm - not found
-- Performing Test CMAKE_HAVE_LIBC_PTHREAD
-- Performing Test CMAKE_HAVE_LIBC_PTHREAD - Success
-- Found Threads: TRUE  
-- Looking for Fortran sgemm
-- Looking for Fortran sgemm - found
-- Found BLAS: /apps/spack-2024-12/linux-rocky9-x86_64/oneapi-2024.2.1/intel-oneapi-mkl-2024.2.1-xnoyobr3t3tov375bqiwzuue5fbtjixa/mkl/2024.2/lib/libmkl_intel_lp64.so;/apps/spack-2024-12/linux-rocky9-x86_64/oneapi-2024.2.1/intel-oneapi-mkl-2024.2.1-xnoyobr3t3tov375bqiwzuue5fbtjixa/mkl/2024.2/lib/libmkl_intel_thread.so;/apps/spack-2024-12/linux-rocky9-x86_64/oneapi-2024.2.1/intel-oneapi-mkl-2024.2.1-xnoyobr3t3tov375bqiwzuue5fbtjixa/mkl/2024.2/lib/libmkl_core.so;/apps/spack-2024-12/linux-rocky9-x86_64/gcc-11.4.1/intel-oneapi-compilers-2024.2.1-oqhstbmawnrsdw472p4pjsopj547o6xs/compiler/2024.2/lib/libiomp5.so;-lm;-ldl  
-- Looking for Fortran cheev
-- Looking for Fortran cheev - found
-- Found LAPACK: /apps/spack-2024-12/linux-rocky9-x86_64/oneapi-2024.2.1/intel-oneapi-mkl-2024.2.1-xnoyobr3t3tov375bqiwzuue5fbtjixa/mkl/2024.2/lib/libmkl_intel_lp64.so;/apps/spack-2024-12/linux-rocky9-x86_64/oneapi-2024.2.1/intel-oneapi-mkl-2024.2.1-xnoyobr3t3tov375bqiwzuue5fbtjixa/mkl/2024.2/lib/libmkl_intel_thread.so;/apps/spack-2024-12/linux-rocky9-x86_64/oneapi-2024.2.1/intel-oneapi-mkl-2024.2.1-xnoyobr3t3tov375bqiwzuue5fbtjixa/mkl/2024.2/lib/libmkl_core.so;/apps/spack-2024-12/linux-rocky9-x86_64/gcc-11.4.1/intel-oneapi-compilers-2024.2.1-oqhstbmawnrsdw472p4pjsopj547o6xs/compiler/2024.2/lib/libiomp5.so;-lm;-ldl;-lm;-ldl  
-- Found ip: /contrib/spack-stack/spack-stack-1.9.2/envs/ue-oneapi-2024.2.1/install/oneapi/2024.2.1/ip-5.1.0-wbal3sn/lib64/libip_4.a (found version "5.1.0")
-- Found w3emc: /contrib/spack-stack/spack-stack-1.9.2/envs/ue-oneapi-2024.2.1/install/oneapi/2024.2.1/w3emc-2.10.0-o27swxn/lib64/libw3emc_4.a (found version "2.10.0")
-- Found bufr: /contrib/spack-stack/spack-stack-1.9.2/envs/ue-oneapi-2024.2.1/install/oneapi/2024.2.1/bufr-12.1.0-dxfkpsz/lib64/libbufr_4.so (found version "12.1.0")
-- Found wrf_io: /contrib/spack-stack/spack-stack-1.9.2/envs/ue-oneapi-2024.2.1/install/oneapi/2024.2.1/wrf-io-1.2.0-vayxo2a/lib/libwrf_io.a (found version "1.2.0")
-- Building EnKF
-- EnKF: OPENMP ................. OFF
-- EnKF: ENABLE_MKL ............. ON
-- EnKF: ENKF_MODE .............. GFS
-- Found NetCDF: /contrib/spack-stack/spack-stack-1.9.2/envs/ue-oneapi-2024.2.1/install/oneapi/2024.2.1/netcdf-c-4.9.2-idnwcbr/include;/contrib/spack-stack/spack-stack-1.9.2/envs/ue-oneapi-2024.2.1/install/oneapi/2024.2.1/netcdf-fortran-4.6.1-5fzfhfs/include (found version "4.9.2") found components: Fortran 
-- FindNetCDF defines targets:
--   - NetCDF_VERSION [4.9.2]
--   - NetCDF_PARALLEL [TRUE]
--   - NetCDF_C_CONFIG_EXECUTABLE [/contrib/spack-stack/spack-stack-1.9.2/envs/ue-oneapi-2024.2.1/install/oneapi/2024.2.1/netcdf-c-4.9.2-idnwcbr/bin/nc-config]
--   - NetCDF::NetCDF_C [SHARED] [Root: /contrib/spack-stack/spack-stack-1.9.2/envs/ue-oneapi-2024.2.1/install/oneapi/2024.2.1/netcdf-c-4.9.2-idnwcbr] Lib: /contrib/spack-stack/spack-stack-1.9.2/envs/ue-oneapi-2024.2.1/install/oneapi/2024.2.1/netcdf-c-4.9.2-idnwcbr/lib/libnetcdf.so 
--   - NetCDF_Fortran_CONFIG_EXECUTABLE [/contrib/spack-stack/spack-stack-1.9.2/envs/ue-oneapi-2024.2.1/install/oneapi/2024.2.1/netcdf-fortran-4.6.1-5fzfhfs/bin/nf-config]
--   - NetCDF::NetCDF_Fortran [SHARED] [Root: /contrib/spack-stack/spack-stack-1.9.2/envs/ue-oneapi-2024.2.1/install/oneapi/2024.2.1/netcdf-fortran-4.6.1-5fzfhfs] Lib: /contrib/spack-stack/spack-stack-1.9.2/envs/ue-oneapi-2024.2.1/install/oneapi/2024.2.1/netcdf-fortran-4.6.1-5fzfhfs/lib/libnetcdff.so 
-- Found bacio: /contrib/spack-stack/spack-stack-1.9.2/envs/ue-oneapi-2024.2.1/install/oneapi/2024.2.1/bacio-2.4.1-ah7c33v/lib/libbacio_4.a (found version "2.4.1")
-- Found sigio: /contrib/spack-stack/spack-stack-1.9.2/envs/ue-oneapi-2024.2.1/install/oneapi/2024.2.1/sigio-2.3.3-ijtj4go/lib64/libsigio.a (found version "2.3.3")
-- Found sfcio: /contrib/spack-stack/spack-stack-1.9.2/envs/ue-oneapi-2024.2.1/install/oneapi/2024.2.1/sfcio-1.4.2-t4lwp3i/lib64/libsfcio.a (found version "1.4.2")
-- Found bacio: /contrib/spack-stack/spack-stack-1.9.2/envs/ue-oneapi-2024.2.1/install/oneapi/2024.2.1/bacio-2.4.1-ah7c33v/lib/libbacio_4.a (found version "2.4.1")
-- Found bacio: /contrib/spack-stack/spack-stack-1.9.2/envs/ue-oneapi-2024.2.1/install/oneapi/2024.2.1/bacio-2.4.1-ah7c33v/lib/libbacio_4.a (found version "2.4.1")
-- Found w3emc: /contrib/spack-stack/spack-stack-1.9.2/envs/ue-oneapi-2024.2.1/install/oneapi/2024.2.1/w3emc-2.10.0-o27swxn/lib64/libw3emc_4.a (found version "2.10.0")
-- Found MPI: TRUE (found version "3.1") found components: Fortran 
-- Found nemsio: /contrib/spack-stack/spack-stack-1.9.2/envs/ue-oneapi-2024.2.1/install/oneapi/2024.2.1/nemsio-2.5.4-usa45yy/lib64/libnemsio.a (found version "2.5.4")
-- Found MPI: TRUE (found version "3.1")  
-- Found ncio: /contrib/spack-stack/spack-stack-1.9.2/envs/ue-oneapi-2024.2.1/install/oneapi/2024.2.1/ncio-1.1.2-dktqete/lib64/libncio.a (found version "1.1.2")
-- Found ip: /contrib/spack-stack/spack-stack-1.9.2/envs/ue-oneapi-2024.2.1/install/oneapi/2024.2.1/ip-5.1.0-wbal3sn/lib64/libip_4.a (found version "5.1.0")
-- Found w3emc: /contrib/spack-stack/spack-stack-1.9.2/envs/ue-oneapi-2024.2.1/install/oneapi/2024.2.1/w3emc-2.10.0-o27swxn/lib64/libw3emc_4.a (found version "2.10.0")
-- Copying GSI binary fix files from /scratch3/NCEPDEV/global/role.glopara/fix/gsi/20251105
-- RT: Control GSIexec Found: /scratch3/NCEPDEV/da/Andrew.Collard/git/develop/install/bin/gsi.x
-- RT: Control EnKFexec Found: /scratch3/NCEPDEV/da/Andrew.Collard/git/develop/install/bin/enkf.x
-- Configuring done (37.5s)
-- Generating done (0.5s)
-- Build files have been written to: /scratch3/NCEPDEV/da/Andrew.Collard/git/GSI_CRTMv3_dev_cdf/build
Dependee "/scratch3/NCEPDEV/da/Andrew.Collard/git/GSI_CRTMv3_dev_cdf/build/src/mgbf/CMakeFiles/mgbf.dir/DependInfo.cmake" is newer than depender "/scratch3/NCEPDEV/da/Andrew.Collard/git/GSI_CRTMv3_dev_cdf/build/src/mgbf/CMakeFiles/mgbf.dir/depend.internal".
Dependee "/scratch3/NCEPDEV/da/Andrew.Collard/git/GSI_CRTMv3_dev_cdf/build/src/mgbf/CMakeFiles/CMakeDirectoryInformation.cmake" is newer than depender "/scratch3/NCEPDEV/da/Andrew.Collard/git/GSI_CRTMv3_dev_cdf/build/src/mgbf/CMakeFiles/mgbf.dir/depend.internal".
[  0%] Building C object src/gsi/CMakeFiles/gsi_c_obj.dir/blockIO.c.o
[  0%] Building C object src/gsi/CMakeFiles/gsi_c_obj.dir/crc32_c.c.o
[  0%] Built target gsi_c_obj
Scanning dependencies of target mgbf
[  0%] Building Fortran object src/mgbf/CMakeFiles/mgbf.dir/jp_pkind.f90.o
[  0%] Building Fortran object src/mgbf/CMakeFiles/mgbf.dir/kinds.f90.o
[  1%] Building Fortran object src/mgbf/CMakeFiles/mgbf.dir/jp_pkind2.f90.o
[  1%] Building Fortran object src/mgbf/CMakeFiles/mgbf.dir/mg_timers.f90.o
[  1%] Building Fortran object src/mgbf/CMakeFiles/mgbf.dir/jp_pietc.f90.o
[  1%] Building Fortran object src/mgbf/CMakeFiles/mgbf.dir/jp_pbfil2.f90.o
[  1%] Building Fortran object src/mgbf/CMakeFiles/mgbf.dir/jp_pietc_s.f90.o
[  1%] Building Fortran object src/mgbf/CMakeFiles/mgbf.dir/jp_pmat.f90.o
[  1%] Building Fortran object src/mgbf/CMakeFiles/mgbf.dir/mg_parameter.f90.o
[  1%] Building Fortran object src/mgbf/CMakeFiles/mgbf.dir/mg_domain.f90.o
[  1%] Building Fortran object src/mgbf/CMakeFiles/mgbf.dir/mg_domain_loc.f90.o
[  1%] Building Fortran object src/mgbf/CMakeFiles/mgbf.dir/mg_mppstuff.f90.o
[  1%] Building Fortran object src/mgbf/CMakeFiles/mgbf.dir/jp_pbfil.f90.o
[  1%] Building Fortran object src/mgbf/CMakeFiles/mgbf.dir/jp_pmat4.f90.o
[  2%] Building Fortran object src/mgbf/CMakeFiles/mgbf.dir/jp_pbfil3.f90.o
[  2%] Building Fortran object src/mgbf/CMakeFiles/mgbf.dir/mg_intstate.f90.o
[  2%] Building Fortran object src/mgbf/CMakeFiles/mgbf.dir/mg_bocos.f90.o
[  2%] Building Fortran object src/mgbf/CMakeFiles/mgbf.dir/mg_filtering.f90.o
[  2%] Building Fortran object src/mgbf/CMakeFiles/mgbf.dir/mg_entrymod.f90.o
[  3%] Building Fortran object src/mgbf/CMakeFiles/mgbf.dir/mg_input.f90.o
[  3%] Building Fortran object src/mgbf/CMakeFiles/mgbf.dir/mg_interpolate.f90.o
[  3%] Building Fortran object src/mgbf/CMakeFiles/mgbf.dir/mg_generations.f90.o
[  3%] Building Fortran object src/mgbf/CMakeFiles/mgbf.dir/mg_transfer.f90.o
[  4%] Linking Fortran static library libmgbf.a
[  4%] Built target mgbf
Dependee "/scratch3/NCEPDEV/da/Andrew.Collard/git/GSI_CRTMv3_dev_cdf/build/src/gsi/CMakeFiles/gsi_fortran_obj.dir/DependInfo.cmake" is newer than depender "/scratch3/NCEPDEV/da/Andrew.Collard/git/GSI_CRTMv3_dev_cdf/build/src/gsi/CMakeFiles/gsi_fortran_obj.dir/depend.internal".
Dependee "/scratch3/NCEPDEV/da/Andrew.Collard/git/GSI_CRTMv3_dev_cdf/build/src/gsi/CMakeFiles/CMakeDirectoryInformation.cmake" is newer than depender "/scratch3/NCEPDEV/da/Andrew.Collard/git/GSI_CRTMv3_dev_cdf/build/src/gsi/CMakeFiles/gsi_fortran_obj.dir/depend.internal".
Scanning dependencies of target gsi_fortran_obj
[  4%] Building Fortran object src/gsi/CMakeFiles/gsi_fortran_obj.dir/kinds.F90.o
[  4%] Building Fortran object src/gsi/CMakeFiles/gsi_fortran_obj.dir/mpeu_mpif.F90.o
[  4%] Building Fortran object src/gsi/CMakeFiles/gsi_fortran_obj.dir/m_nc_berror.f90.o
[  5%] Building Fortran object src/gsi/CMakeFiles/gsi_fortran_obj.dir/wrf_params_mod.f90.o
[  5%] Building Fortran object src/gsi/CMakeFiles/gsi_fortran_obj.dir/nstio_module.f90.o
[  5%] Building Fortran object src/gsi/CMakeFiles/gsi_fortran_obj.dir/crc32.F90.o
[  5%] Building Fortran object src/gsi/CMakeFiles/gsi_fortran_obj.dir/constants.f90.o
[  5%] Building Fortran object src/gsi/CMakeFiles/gsi_fortran_obj.dir/gsi_io.f90.o
[  5%] Building Fortran object src/gsi/CMakeFiles/gsi_fortran_obj.dir/m_rerank.f90.o
[  5%] Building Fortran object src/gsi/CMakeFiles/gsi_fortran_obj.dir/sparsearr.f90.o
[  5%] Building Fortran object src/gsi/CMakeFiles/gsi_fortran_obj.dir/radarZ_global_module.f90.o
[  5%] Building Fortran object src/gsi/CMakeFiles/gsi_fortran_obj.dir/class_wrf_binary_interface.f90.o
[  5%] Building Fortran object src/gsi/CMakeFiles/gsi_fortran_obj.dir/native_endianness.f90.o
[  5%] Building Fortran object src/gsi/CMakeFiles/gsi_fortran_obj.dir/class_read_wrf_mass_guess.f90.o
[  5%] Building Fortran object src/gsi/CMakeFiles/gsi_fortran_obj.dir/pietc.f90.o
[  5%] Building Fortran object src/gsi/CMakeFiles/gsi_fortran_obj.dir/pvqc_tables.f90.o
[  7%] Building Fortran object src/gsi/CMakeFiles/gsi_fortran_obj.dir/aircraftobsqc.f90.o
[  7%] Building Fortran object src/gsi/CMakeFiles/gsi_fortran_obj.dir/antcorr_application.f90.o
[  7%] Building Fortran object src/gsi/CMakeFiles/gsi_fortran_obj.dir/atms_spatial_average_mod.f90.o
[  8%] Building Fortran object src/gsi/CMakeFiles/gsi_fortran_obj.dir/blacklist.f90.o
[  8%] Building Fortran object src/gsi/CMakeFiles/gsi_fortran_obj.dir/class_read_wrf_mass_files.f90.o
[  8%] Building Fortran object src/gsi/CMakeFiles/gsi_fortran_obj.dir/class_read_wrf_nmm_files.f90.o
[  9%] Building Fortran object src/gsi/CMakeFiles/gsi_fortran_obj.dir/class_read_wrf_nmm_guess.f90.o
[  9%] Building Fortran object src/gsi/CMakeFiles/gsi_fortran_obj.dir/class_regional_io.f90.o
[  9%] Building Fortran object src/gsi/CMakeFiles/gsi_fortran_obj.dir/class_wrf_netcdf_interface.f90.o
[  9%] Building Fortran object src/gsi/CMakeFiles/gsi_fortran_obj.dir/class_wrwrfmassa.f90.o
[  9%] Building Fortran object src/gsi/CMakeFiles/gsi_fortran_obj.dir/class_wrwrfnmma.f90.o
[  9%] Building Fortran object src/gsi/CMakeFiles/gsi_fortran_obj.dir/insitu_info.f90.o
[  9%] Building Fortran object src/gsi/CMakeFiles/gsi_fortran_obj.dir/m_find.f90.o
[  9%] Building Fortran object src/gsi/CMakeFiles/gsi_fortran_obj.dir/m_sortind.f90.o
[  9%] Building Fortran object src/gsi/CMakeFiles/gsi_fortran_obj.dir/m_tick.F90.o
[  9%] Building Fortran object src/gsi/CMakeFiles/gsi_fortran_obj.dir/phil1.f90.o
[  9%] Building Fortran object src/gsi/CMakeFiles/gsi_fortran_obj.dir/psort.f90.o
[  9%] Building Fortran object src/gsi/CMakeFiles/gsi_fortran_obj.dir/getcount_bufr.f90.o
[  9%] Building Fortran object src/gsi/CMakeFiles/gsi_fortran_obj.dir/gsdcloudanalysis.F90.o
[  9%] Building Fortran object src/gsi/CMakeFiles/gsi_fortran_obj.dir/gsdcloudanalysis4NMMB.F90.o
[  9%] Building Fortran object src/gsi/CMakeFiles/gsi_fortran_obj.dir/gsdcloudanalysis4gfs.F90.o
[  9%] Building Fortran object src/gsi/CMakeFiles/gsi_fortran_obj.dir/looplimits.f90.o
[  9%] Building Fortran object src/gsi/CMakeFiles/gsi_fortran_obj.dir/rsearch.F90.o
[  9%] Building Fortran object src/gsi/CMakeFiles/gsi_fortran_obj.dir/mpimod.F90.o
[  9%] Building Fortran object src/gsi/CMakeFiles/gsi_fortran_obj.dir/general_specmod.f90.o
[  9%] Building Fortran object src/gsi/CMakeFiles/gsi_fortran_obj.dir/mod_nmmb_to_a.f90.o
[  9%] Building Fortran object src/gsi/CMakeFiles/gsi_fortran_obj.dir/jcmod.f90.o
[  9%] Building Fortran object src/gsi/CMakeFiles/gsi_fortran_obj.dir/ncepgfs_ghg.f90.o
[  9%] Building Fortran object src/gsi/CMakeFiles/gsi_fortran_obj.dir/nltransf.f90.o
[  9%] Building Fortran object src/gsi/CMakeFiles/gsi_fortran_obj.dir/lagmod.f90.o
[  9%] Building Fortran object src/gsi/CMakeFiles/gsi_fortran_obj.dir/mod_strong.f90.o
[  9%] Building Fortran object src/gsi/CMakeFiles/gsi_fortran_obj.dir/fgrid2agrid_mod.f90.o
[  9%] Building Fortran object src/gsi/CMakeFiles/gsi_fortran_obj.dir/plib8.f90.o
[  9%] Building Fortran object src/gsi/CMakeFiles/gsi_fortran_obj.dir/wind_fft.f90.o
[  9%] Building Fortran object src/gsi/CMakeFiles/gsi_fortran_obj.dir/calc_fov_crosstrk.f90.o
[  9%] Building Fortran object src/gsi/CMakeFiles/gsi_fortran_obj.dir/gscond_ad.f90.o
[ 10%] Building Fortran object src/gsi/CMakeFiles/gsi_fortran_obj.dir/gsdcloudlib_pseudoq_mod.f90.o
[ 11%] Building Fortran object src/gsi/CMakeFiles/gsi_fortran_obj.dir/m_dgeevx.F90.o
[ 11%] Building Fortran object src/gsi/CMakeFiles/gsi_fortran_obj.dir/m_distance.f90.o
[ 11%] Building Fortran object src/gsi/CMakeFiles/gsi_fortran_obj.dir/m_uniq.f90.o
[ 11%] Building Fortran object src/gsi/CMakeFiles/gsi_fortran_obj.dir/mws_spatial_average_mod.f90.o
[ 11%] Building Fortran object src/gsi/CMakeFiles/gsi_fortran_obj.dir/nlmsas_ad.f90.o
[ 11%] Building Fortran object src/gsi/CMakeFiles/gsi_fortran_obj.dir/omegas_ad.f90.o
[ 12%] Building Fortran object src/gsi/CMakeFiles/gsi_fortran_obj.dir/phil.f90.o
[ 12%] Building Fortran object src/gsi/CMakeFiles/gsi_fortran_obj.dir/phil0.f90.o
[ 12%] Building Fortran object src/gsi/CMakeFiles/gsi_fortran_obj.dir/pmat.f90.o
[ 12%] Building Fortran object src/gsi/CMakeFiles/gsi_fortran_obj.dir/tcv_mod.f90.o
[ 12%] Building Fortran object src/gsi/CMakeFiles/gsi_fortran_obj.dir/windht.f90.o
[ 12%] Building Fortran object src/gsi/CMakeFiles/gsi_fortran_obj.dir/co_mop_ak.f90.o
[ 13%] Building Fortran object src/gsi/CMakeFiles/gsi_fortran_obj.dir/compute_fact10.f90.o
[ 13%] Building Fortran object src/gsi/CMakeFiles/gsi_fortran_obj.dir/fpvsx_ad.f90.o
[ 13%] Building Fortran object src/gsi/CMakeFiles/gsi_fortran_obj.dir/grdcrd.f90.o
[ 13%] Building Fortran object src/gsi/CMakeFiles/gsi_fortran_obj.dir/mp_compact_diffs_support.f90.o
[ 13%] Building Fortran object src/gsi/CMakeFiles/gsi_fortran_obj.dir/obserr_allsky_mw.f90.o
[ 13%] Building Fortran object src/gsi/CMakeFiles/gsi_fortran_obj.dir/precpd_ad.f90.o
[ 13%] Building Fortran object src/gsi/CMakeFiles/gsi_fortran_obj.dir/rdgrbsst.f90.o
[ 13%] Building Fortran object src/gsi/CMakeFiles/gsi_fortran_obj.dir/rfdpar.f90.o
[ 13%] Building Fortran object src/gsi/CMakeFiles/gsi_fortran_obj.dir/sfc_model.f90.o
[ 14%] Building Fortran object src/gsi/CMakeFiles/gsi_fortran_obj.dir/simpin1.f90.o
[ 14%] Building Fortran object src/gsi/CMakeFiles/gsi_fortran_obj.dir/simpin1_init.f90.o
[ 14%] Building Fortran object src/gsi/CMakeFiles/gsi_fortran_obj.dir/smoothwwrf.f90.o
[ 14%] Building Fortran object src/gsi/CMakeFiles/gsi_fortran_obj.dir/sumslightbias.f90.o
[ 14%] Building Fortran object src/gsi/CMakeFiles/gsi_fortran_obj.dir/tpause_t.F90.o
[ 14%] Building Fortran object src/gsi/CMakeFiles/gsi_fortran_obj.dir/blendmod.f90.o
[ 14%] Building Fortran object src/gsi/CMakeFiles/gsi_fortran_obj.dir/mod_wrfmass_to_a.f90.o
[ 14%] Building Fortran object src/gsi/CMakeFiles/gsi_fortran_obj.dir/m_stats.f90.o
[ 14%] Building Fortran object src/gsi/CMakeFiles/gsi_fortran_obj.dir/mpl_allreduce.F90.o
[ 15%] Building Fortran object src/gsi/CMakeFiles/gsi_fortran_obj.dir/read_diag.f90.o
[ 15%] Building Fortran object src/gsi/CMakeFiles/gsi_fortran_obj.dir/gsi_nstcouplermod.f90.o
[ 15%] Building Fortran object src/gsi/CMakeFiles/gsi_fortran_obj.dir/directDA_radaruse_mod.f90.o
[ 15%] Building Fortran object src/gsi/CMakeFiles/gsi_fortran_obj.dir/radarZ_module.f90.o
[ 15%] Building Fortran object src/gsi/CMakeFiles/gsi_fortran_obj.dir/pvqc.f90.o
[ 15%] Building Fortran object src/gsi/CMakeFiles/gsi_fortran_obj.dir/genex_mod.f90.o
[ 15%] Building Fortran object src/gsi/CMakeFiles/gsi_fortran_obj.dir/ssmis_spatial_average_mod.f90.o
[ 15%] Building Fortran object src/gsi/CMakeFiles/gsi_fortran_obj.dir/combine_radobs.f90.o
[ 15%] Building Fortran object src/gsi/CMakeFiles/gsi_fortran_obj.dir/general_transform.f90.o
[ 15%] Building Fortran object src/gsi/CMakeFiles/gsi_fortran_obj.dir/hilbert_curve.f90.o
[ 16%] Building Fortran object src/gsi/CMakeFiles/gsi_fortran_obj.dir/mpl_bcast.f90.o
[ 16%] Building Fortran object src/gsi/CMakeFiles/gsi_fortran_obj.dir/stop1.f90.o
[ 16%] Building Fortran object src/gsi/CMakeFiles/gsi_fortran_obj.dir/mpeu_util.F90.o
[ 16%] Building Fortran object src/gsi/CMakeFiles/gsi_fortran_obj.dir/calc_fov_conical.f90.o
[ 17%] Building Fortran object src/gsi/CMakeFiles/gsi_fortran_obj.dir/pmat4.f90.o
[ 17%] Building Fortran object src/gsi/CMakeFiles/gsi_fortran_obj.dir/radarZ_interface.f90.o
[ 17%] Building Fortran object src/gsi/CMakeFiles/gsi_fortran_obj.dir/egrid2agrid_mod.f90.o
[ 17%] Building Fortran object src/gsi/CMakeFiles/gsi_fortran_obj.dir/raflib.f90.o
[ 17%] Building Fortran object src/gsi/CMakeFiles/gsi_fortran_obj.dir/gsi_bundlemod.F90.o
[ 17%] Building Fortran object src/gsi/CMakeFiles/gsi_fortran_obj.dir/mrmsmod.f90.o
[ 17%] Building Fortran object src/gsi/CMakeFiles/gsi_fortran_obj.dir/gsi_unformatted.F90.o
[ 17%] Building Fortran object src/gsi/CMakeFiles/gsi_fortran_obj.dir/m_stubTimer.f90.o
[ 18%] Building Fortran object src/gsi/CMakeFiles/gsi_fortran_obj.dir/netcdf_mod.f90.o
[ 18%] Building Fortran object src/gsi/CMakeFiles/gsi_fortran_obj.dir/timermod.f90.o
[ 18%] Building Fortran object src/gsi/CMakeFiles/gsi_fortran_obj.dir/pmat6.f90.o
[ 18%] Building Fortran object src/gsi/CMakeFiles/gsi_fortran_obj.dir/gsi_metguess_mod.F90.o
[ 18%] Building Fortran object src/gsi/CMakeFiles/gsi_fortran_obj.dir/gsi_chemguess_mod.F90.o
[ 18%] Building Fortran object src/gsi/CMakeFiles/gsi_fortran_obj.dir/state_vectors.f90.o
[ 18%] Building Fortran object src/gsi/CMakeFiles/gsi_fortran_obj.dir/class_get_fv3_regional_ensperts.f90.o
[ 18%] Building Fortran object src/gsi/CMakeFiles/gsi_fortran_obj.dir/class_get_pseudo_ensperts.f90.o
[ 18%] Building Fortran object src/gsi/CMakeFiles/gsi_fortran_obj.dir/class_get_wrf_mass_ensperts.f90.o
[ 18%] Building Fortran object src/gsi/CMakeFiles/gsi_fortran_obj.dir/class_get_wrf_nmm_ensperts.f90.o
[ 18%] Building Fortran object src/gsi/CMakeFiles/gsi_fortran_obj.dir/gsi_4dcouplermod.f90.o
[ 19%] Building Fortran object src/gsi/CMakeFiles/gsi_fortran_obj.dir/ut_gsibundle.F90.o
[ 19%] Building Fortran object src/gsi/CMakeFiles/gsi_fortran_obj.dir/stub_pertmod.F90.o
[ 19%] Building Fortran object src/gsi/CMakeFiles/gsi_fortran_obj.dir/general_sub2grid_mod.f90.o
[ 19%] Building Fortran object src/gsi/CMakeFiles/gsi_fortran_obj.dir/rapidrefresh_cldsurf_mod.f90.o
[ 20%] Building Fortran object src/gsi/CMakeFiles/gsi_fortran_obj.dir/abstract_ensmod.f90.o
[ 21%] Building Fortran object src/gsi/CMakeFiles/gsi_fortran_obj.dir/gridmod.F90.o
[ 21%] Building Fortran object src/gsi/CMakeFiles/gsi_fortran_obj.dir/hybrid_ensemble_parameters.f90.o
[ 21%] Building Fortran object src/gsi/CMakeFiles/gsi_fortran_obj.dir/stub_ensmod.f90.o
[ 21%] Building Fortran object src/gsi/CMakeFiles/gsi_fortran_obj.dir/gsi_4dvar.f90.o
[ 21%] Building Fortran object src/gsi/CMakeFiles/gsi_fortran_obj.dir/gsi_enscouplermod.f90.o
[ 21%] Building Fortran object src/gsi/CMakeFiles/gsi_fortran_obj.dir/init_jcdfi.f90.o
[ 22%] Building Fortran object src/gsi/CMakeFiles/gsi_fortran_obj.dir/model_ad.F90.o
[ 22%] Building Fortran object src/gsi/CMakeFiles/gsi_fortran_obj.dir/model_tl.F90.o
[ 22%] Building Fortran object src/gsi/CMakeFiles/gsi_fortran_obj.dir/obsmod.F90.o
[ 22%] Building Fortran object src/gsi/CMakeFiles/gsi_fortran_obj.dir/control_vectors.f90.o
[ 22%] Building Fortran object src/gsi/CMakeFiles/gsi_fortran_obj.dir/derivsmod.f90.o
[ 22%] Building Fortran object src/gsi/CMakeFiles/gsi_fortran_obj.dir/tendsmod.f90.o
[ 22%] Building Fortran object src/gsi/CMakeFiles/gsi_fortran_obj.dir/m_cvgridLookup.F90.o
[ 22%] Building Fortran object src/gsi/CMakeFiles/gsi_fortran_obj.dir/mod_fv3_lola.f90.o
[ 22%] Building Fortran object src/gsi/CMakeFiles/gsi_fortran_obj.dir/general_tll2xy_mod.f90.o
[ 22%] Building Fortran object src/gsi/CMakeFiles/gsi_fortran_obj.dir/lag_interp.f90.o
[ 22%] Building Fortran object src/gsi/CMakeFiles/gsi_fortran_obj.dir/compact_diffs.f90.o
[ 22%] Building Fortran object src/gsi/CMakeFiles/gsi_fortran_obj.dir/turblmod.f90.o
[ 22%] Building Fortran object src/gsi/CMakeFiles/gsi_fortran_obj.dir/sfcobsqc.f90.o
[ 22%] Building Fortran object src/gsi/CMakeFiles/gsi_fortran_obj.dir/gengrid_vars.f90.o
[ 22%] Building Fortran object src/gsi/CMakeFiles/gsi_fortran_obj.dir/get_semimp_mats.f90.o
[ 22%] Building Fortran object src/gsi/CMakeFiles/gsi_fortran_obj.dir/intrp2a.f90.o
[ 23%] Building Fortran object src/gsi/CMakeFiles/gsi_fortran_obj.dir/intrp_msk.f90.o
[ 23%] Building Fortran object src/gsi/CMakeFiles/gsi_fortran_obj.dir/polcarf.f90.o
[ 23%] Building Fortran object src/gsi/CMakeFiles/gsi_fortran_obj.dir/psichi2uv_reg.f90.o
[ 23%] Building Fortran object src/gsi/CMakeFiles/gsi_fortran_obj.dir/psichi2uvt_reg.f90.o
[ 23%] Building Fortran object src/gsi/CMakeFiles/gsi_fortran_obj.dir/read_NASA_LaRC_cloud.f90.o
[ 23%] Building Fortran object src/gsi/CMakeFiles/gsi_fortran_obj.dir/reorg_metar_cloud.f90.o
[ 23%] Building Fortran object src/gsi/CMakeFiles/gsi_fortran_obj.dir/tintrp3.f90.o
[ 24%] Building Fortran object src/gsi/CMakeFiles/gsi_fortran_obj.dir/radinfo.f90.o
[ 24%] Building Fortran object src/gsi/CMakeFiles/gsi_fortran_obj.dir/convinfo.f90.o
[ 24%] Building Fortran object src/gsi/CMakeFiles/gsi_fortran_obj.dir/wrf_vars_mod.f90.o
[ 24%] Building Fortran object src/gsi/CMakeFiles/gsi_fortran_obj.dir/aeroinfo.f90.o
[ 24%] Building Fortran object src/gsi/CMakeFiles/gsi_fortran_obj.dir/oneobmod.F90.o
[ 24%] Building Fortran object src/gsi/CMakeFiles/gsi_fortran_obj.dir/coinfo.f90.o
[ 25%] Building Fortran object src/gsi/CMakeFiles/gsi_fortran_obj.dir/ozinfo.f90.o
[ 25%] Building Fortran object src/gsi/CMakeFiles/gsi_fortran_obj.dir/converr.f90.o
[ 25%] Building Fortran object src/gsi/CMakeFiles/gsi_fortran_obj.dir/setupdbz_lib.f90.o
[ 25%] Building Fortran object src/gsi/CMakeFiles/gsi_fortran_obj.dir/m_gpsrhs.F90.o
[ 25%] Building Fortran object src/gsi/CMakeFiles/gsi_fortran_obj.dir/lightinfo.f90.o
[ 26%] Building Fortran object src/gsi/CMakeFiles/gsi_fortran_obj.dir/convb_q.f90.o
[ 26%] Building Fortran object src/gsi/CMakeFiles/gsi_fortran_obj.dir/convb_ps.f90.o
[ 26%] Building Fortran object src/gsi/CMakeFiles/gsi_fortran_obj.dir/convb_t.f90.o
[ 26%] Building Fortran object src/gsi/CMakeFiles/gsi_fortran_obj.dir/convb_uv.f90.o
[ 26%] Building Fortran object src/gsi/CMakeFiles/gsi_fortran_obj.dir/converr_ps.f90.o
[ 27%] Building Fortran object src/gsi/CMakeFiles/gsi_fortran_obj.dir/converr_q.f90.o
[ 27%] Building Fortran object src/gsi/CMakeFiles/gsi_fortran_obj.dir/converr_t.f90.o
[ 27%] Building Fortran object src/gsi/CMakeFiles/gsi_fortran_obj.dir/converr_uv.f90.o
[ 27%] Building Fortran object src/gsi/CMakeFiles/gsi_fortran_obj.dir/write_fv3_spread.f90.o
[ 27%] Building Fortran object src/gsi/CMakeFiles/gsi_fortran_obj.dir/adjust_cloudobs_mod.f90.o
[ 27%] Building Fortran object src/gsi/CMakeFiles/gsi_fortran_obj.dir/converr_pw.f90.o
[ 27%] Building Fortran object src/gsi/CMakeFiles/gsi_fortran_obj.dir/ens_spread_mod.f90.o
[ 28%] Building Fortran object src/gsi/CMakeFiles/gsi_fortran_obj.dir/grtest.f90.o
[ 28%] Building Fortran object src/gsi/CMakeFiles/gsi_fortran_obj.dir/apply_scaledepwgts.f90.o
[ 28%] Building Fortran object src/gsi/CMakeFiles/gsi_fortran_obj.dir/calctends.f90.o
[ 28%] Building Fortran object src/gsi/CMakeFiles/gsi_fortran_obj.dir/en_perts_io.f90.o
[ 28%] Building Fortran object src/gsi/CMakeFiles/gsi_fortran_obj.dir/get_nmmb_ensperts.f90.o
[ 28%] Building Fortran object src/gsi/CMakeFiles/gsi_fortran_obj.dir/logcldch_to_cldch.f90.o
[ 28%] Building Fortran object src/gsi/CMakeFiles/gsi_fortran_obj.dir/loglcbas_to_lcbas.f90.o
[ 28%] Building Fortran object src/gsi/CMakeFiles/gsi_fortran_obj.dir/logvis_to_vis.f90.o
[ 28%] Building Fortran object src/gsi/CMakeFiles/gsi_fortran_obj.dir/turbl.f90.o
[ 28%] Building Fortran object src/gsi/CMakeFiles/gsi_fortran_obj.dir/turbl_ad.f90.o
[ 29%] Building Fortran object src/gsi/CMakeFiles/gsi_fortran_obj.dir/turbl_tl.f90.o
[ 29%] Building Fortran object src/gsi/CMakeFiles/gsi_fortran_obj.dir/aircraftinfo.f90.o
[ 29%] Building Fortran object src/gsi/CMakeFiles/gsi_fortran_obj.dir/general_commvars_mod.f90.o
[ 30%] Building Fortran object src/gsi/CMakeFiles/gsi_fortran_obj.dir/m_latlonRange.F90.o
[ 30%] Building Fortran object src/gsi/CMakeFiles/gsi_fortran_obj.dir/lag_traj.f90.o
[ 30%] Building Fortran object src/gsi/CMakeFiles/gsi_fortran_obj.dir/mp_compact_diffs_mod1.f90.o
[ 30%] Building Fortran object src/gsi/CMakeFiles/gsi_fortran_obj.dir/read_Lightning.f90.o
[ 30%] Building Fortran object src/gsi/CMakeFiles/gsi_fortran_obj.dir/read_fed.f90.o
[ 30%] Building Fortran object src/gsi/CMakeFiles/gsi_fortran_obj.dir/read_gps.f90.o
[ 30%] Building Fortran object src/gsi/CMakeFiles/gsi_fortran_obj.dir/read_nasa_larc.f90.o
[ 30%] Building Fortran object src/gsi/CMakeFiles/gsi_fortran_obj.dir/read_radarref_mosaic.f90.o
[ 30%] Building Fortran object src/gsi/CMakeFiles/gsi_fortran_obj.dir/read_radarref_mosaic_directDA.f90.o
[ 31%] Building Fortran object src/gsi/CMakeFiles/gsi_fortran_obj.dir/read_tcps.f90.o
[ 31%] Building Fortran object src/gsi/CMakeFiles/gsi_fortran_obj.dir/chemmod.f90.o
[ 31%] Building Fortran object src/gsi/CMakeFiles/gsi_fortran_obj.dir/guess_grids.F90.o
[ 31%] Building Fortran object src/gsi/CMakeFiles/gsi_fortran_obj.dir/gsi_nemsio_mod.f90.o
[ 31%] Building Fortran object src/gsi/CMakeFiles/gsi_fortran_obj.dir/xhat_vordivmod.f90.o
[ 32%] Building Fortran object src/gsi/CMakeFiles/gsi_fortran_obj.dir/fill_mass_grid2.f90.o
[ 32%] Building Fortran object src/gsi/CMakeFiles/gsi_fortran_obj.dir/fill_nmm_grid2.f90.o
[ 32%] Building Fortran object src/gsi/CMakeFiles/gsi_fortran_obj.dir/get_derivatives.f90.o
[ 33%] Building Fortran object src/gsi/CMakeFiles/gsi_fortran_obj.dir/get_derivatives2.f90.o
[ 33%] Building Fortran object src/gsi/CMakeFiles/gsi_fortran_obj.dir/getuv.f90.o
[ 33%] Building Fortran object src/gsi/CMakeFiles/gsi_fortran_obj.dir/half_nmm_grid2.f90.o
[ 33%] Building Fortran object src/gsi/CMakeFiles/gsi_fortran_obj.dir/unfill_mass_grid2.f90.o
[ 33%] Building Fortran object src/gsi/CMakeFiles/gsi_fortran_obj.dir/unfill_nmm_grid2.f90.o
[ 33%] Building Fortran object src/gsi/CMakeFiles/gsi_fortran_obj.dir/unhalf_nmm_grid2.f90.o
[ 33%] Building Fortran object src/gsi/CMakeFiles/gsi_fortran_obj.dir/pcpinfo.f90.o
[ 34%] Building Fortran object src/gsi/CMakeFiles/gsi_fortran_obj.dir/clw_mod.f90.o
[ 34%] Building Fortran object src/gsi/CMakeFiles/gsi_fortran_obj.dir/m_obsdiagNode.F90.o
[ 34%] Building Fortran object src/gsi/CMakeFiles/gsi_fortran_obj.dir/set_crtm_aerosolmod.f90.o
[ 34%] Building Fortran object src/gsi/CMakeFiles/gsi_fortran_obj.dir/correlated_obsmod.F90.o
[ 34%] Building Fortran object src/gsi/CMakeFiles/gsi_fortran_obj.dir/sst_retrieval.f90.o
[ 34%] Building Fortran object src/gsi/CMakeFiles/gsi_fortran_obj.dir/general_read_nmmb.f90.o
[ 34%] Building Fortran object src/gsi/CMakeFiles/gsi_fortran_obj.dir/general_read_nmmb_radar.f90.o
[ 34%] Building Fortran object src/gsi/CMakeFiles/gsi_fortran_obj.dir/read_anowbufr.f90.o
[ 34%] Building Fortran object src/gsi/CMakeFiles/gsi_fortran_obj.dir/pcp_k.f90.o
[ 35%] Building Fortran object src/gsi/CMakeFiles/gsi_fortran_obj.dir/radiance_mod.f90.o
[ 35%] Building Fortran object src/gsi/CMakeFiles/gsi_fortran_obj.dir/bias_predictors.f90.o
[ 35%] Building Fortran object src/gsi/CMakeFiles/gsi_fortran_obj.dir/m_obsNode.F90.o
[ 35%] Building Fortran object src/gsi/CMakeFiles/gsi_fortran_obj.dir/m_obsLList.F90.o
[ 35%] Building Fortran object src/gsi/CMakeFiles/gsi_fortran_obj.dir/stpco.f90.o
[ 35%] Building Fortran object src/gsi/CMakeFiles/gsi_fortran_obj.dir/amassaeromod.f90.o
[ 35%] Building Fortran object src/gsi/CMakeFiles/gsi_fortran_obj.dir/cwhydromod.f90.o
[ 35%] Building Fortran object src/gsi/CMakeFiles/gsi_fortran_obj.dir/cloud_efr_mod.f90.o
[ 35%] Building Fortran object src/gsi/CMakeFiles/gsi_fortran_obj.dir/m_dtime.F90.o
[ 36%] Building Fortran object src/gsi/CMakeFiles/gsi_fortran_obj.dir/rtma_comp_fact10.f90.o
[ 36%] Building Fortran object src/gsi/CMakeFiles/gsi_fortran_obj.dir/mod_vtrans.f90.o
[ 36%] Building Fortran object src/gsi/CMakeFiles/gsi_fortran_obj.dir/gsi_rfv3io_mod.f90.o
[ 37%] Building Fortran object src/gsi/CMakeFiles/gsi_fortran_obj.dir/cplr_get_wrf_mass_ensperts.f90.o
[ 37%] Building Fortran object src/gsi/CMakeFiles/gsi_fortran_obj.dir/wrf_mass_guess_mod.f90.o
[ 37%] Building Fortran object src/gsi/CMakeFiles/gsi_fortran_obj.dir/cplr_read_wrf_mass_files.f90.o
[ 37%] Building Fortran object src/gsi/CMakeFiles/gsi_fortran_obj.dir/cplr_read_wrf_nmm_files.f90.o
[ 37%] Building Fortran object src/gsi/CMakeFiles/gsi_fortran_obj.dir/lag_fields.f90.o
[ 37%] Building Fortran object src/gsi/CMakeFiles/gsi_fortran_obj.dir/aero_guess_at_obs_locations.f90.o
[ 38%] Building Fortran object src/gsi/CMakeFiles/gsi_fortran_obj.dir/calctends_ad.f90.o
[ 38%] Building Fortran object src/gsi/CMakeFiles/gsi_fortran_obj.dir/calctends_no_ad.f90.o
[ 38%] Building Fortran object src/gsi/CMakeFiles/gsi_fortran_obj.dir/calctends_no_tl.f90.o
[ 38%] Building Fortran object src/gsi/CMakeFiles/gsi_fortran_obj.dir/calctends_tl.f90.o
[ 38%] Building Fortran object src/gsi/CMakeFiles/gsi_fortran_obj.dir/cmaq_routines.f90.o
[ 38%] Building Fortran object src/gsi/CMakeFiles/gsi_fortran_obj.dir/enorm_state.f90.o
[ 38%] Building Fortran object src/gsi/CMakeFiles/gsi_fortran_obj.dir/general_spectral_transforms.f90.o
[ 38%] Building Fortran object src/gsi/CMakeFiles/gsi_fortran_obj.dir/get_gefs_ensperts_dualres.f90.o
[ 38%] Building Fortran object src/gsi/CMakeFiles/gsi_fortran_obj.dir/getprs.f90.o
[ 38%] Building Fortran object src/gsi/CMakeFiles/gsi_fortran_obj.dir/getvvel.f90.o
[ 38%] Building Fortran object src/gsi/CMakeFiles/gsi_fortran_obj.dir/gsd_terrain_match_surfTobs.f90.o
[ 38%] Building Fortran object src/gsi/CMakeFiles/gsi_fortran_obj.dir/inc2guess.f90.o
[ 38%] Building Fortran object src/gsi/CMakeFiles/gsi_fortran_obj.dir/intrp3oz.f90.o
[ 39%] Building Fortran object src/gsi/CMakeFiles/gsi_fortran_obj.dir/tintrp2a.f90.o
[ 39%] Building Fortran object src/gsi/CMakeFiles/gsi_fortran_obj.dir/tpause.f90.o
[ 39%] Building Fortran object src/gsi/CMakeFiles/gsi_fortran_obj.dir/tune_pbl_height.f90.o
[ 39%] Building Fortran object src/gsi/CMakeFiles/gsi_fortran_obj.dir/m_gustNode.F90.o
[ 39%] Building Fortran object src/gsi/CMakeFiles/gsi_fortran_obj.dir/m_howvNode.F90.o
[ 39%] Building Fortran object src/gsi/CMakeFiles/gsi_fortran_obj.dir/m_lcbasNode.F90.o
[ 39%] Building Fortran object src/gsi/CMakeFiles/gsi_fortran_obj.dir/m_lightNode.F90.o
[ 39%] Building Fortran object src/gsi/CMakeFiles/gsi_fortran_obj.dir/m_lwcpNode.F90.o
[ 39%] Building Fortran object src/gsi/CMakeFiles/gsi_fortran_obj.dir/m_mitmNode.F90.o
[ 39%] Building Fortran object src/gsi/CMakeFiles/gsi_fortran_obj.dir/m_mxtmNode.F90.o
[ 40%] Building Fortran object src/gsi/CMakeFiles/gsi_fortran_obj.dir/m_o3lNode.F90.o
[ 40%] Building Fortran object src/gsi/CMakeFiles/gsi_fortran_obj.dir/m_ozNode.F90.o
[ 41%] Building Fortran object src/gsi/CMakeFiles/gsi_fortran_obj.dir/m_pblhNode.F90.o
[ 41%] Building Fortran object src/gsi/CMakeFiles/gsi_fortran_obj.dir/m_pcpNode.F90.o
[ 41%] Building Fortran object src/gsi/CMakeFiles/gsi_fortran_obj.dir/m_pm10Node.F90.o
[ 41%] Building Fortran object src/gsi/CMakeFiles/gsi_fortran_obj.dir/m_pm2_5Node.F90.o
[ 41%] Building Fortran object src/gsi/CMakeFiles/gsi_fortran_obj.dir/m_pmslNode.F90.o
[ 41%] Building Fortran object src/gsi/CMakeFiles/gsi_fortran_obj.dir/m_psNode.F90.o
[ 41%] Building Fortran object src/gsi/CMakeFiles/gsi_fortran_obj.dir/m_pwNode.F90.o
[ 41%] Building Fortran object src/gsi/CMakeFiles/gsi_fortran_obj.dir/m_radNode.F90.o
[ 41%] Building Fortran object src/gsi/CMakeFiles/gsi_fortran_obj.dir/m_rwNode.F90.o
[ 41%] Building Fortran object src/gsi/CMakeFiles/gsi_fortran_obj.dir/m_spdNode.F90.o
[ 42%] Building Fortran object src/gsi/CMakeFiles/gsi_fortran_obj.dir/m_sstNode.F90.o
[ 42%] Building Fortran object src/gsi/CMakeFiles/gsi_fortran_obj.dir/m_swcpNode.F90.o
[ 42%] Building Fortran object src/gsi/CMakeFiles/gsi_fortran_obj.dir/m_tcamtNode.F90.o
[ 42%] Building Fortran object src/gsi/CMakeFiles/gsi_fortran_obj.dir/m_tcpNode.F90.o
[ 43%] Building Fortran object src/gsi/CMakeFiles/gsi_fortran_obj.dir/m_td2mNode.F90.o
[ 43%] Building Fortran object src/gsi/CMakeFiles/gsi_fortran_obj.dir/m_tNode.F90.o
[ 43%] Building Fortran object src/gsi/CMakeFiles/gsi_fortran_obj.dir/m_uwnd10mNode.F90.o
[ 43%] Building Fortran object src/gsi/CMakeFiles/gsi_fortran_obj.dir/m_visNode.F90.o
[ 43%] Building Fortran object src/gsi/CMakeFiles/gsi_fortran_obj.dir/m_vwnd10mNode.F90.o
[ 43%] Building Fortran object src/gsi/CMakeFiles/gsi_fortran_obj.dir/m_wNode.F90.o
[ 44%] Building Fortran object src/gsi/CMakeFiles/gsi_fortran_obj.dir/m_wspd10mNode.F90.o
[ 45%] Building Fortran object src/gsi/CMakeFiles/gsi_fortran_obj.dir/m_aerolNode.F90.o
[ 45%] Building Fortran object src/gsi/CMakeFiles/gsi_fortran_obj.dir/m_lagNode.F90.o
[ 45%] Building Fortran object src/gsi/CMakeFiles/gsi_fortran_obj.dir/strong_fast_global_mod.f90.o
[ 46%] Building Fortran object src/gsi/CMakeFiles/gsi_fortran_obj.dir/read_goesglm.f90.o
[ 46%] Building Fortran object src/gsi/CMakeFiles/gsi_fortran_obj.dir/read_lag.f90.o
[ 46%] Building Fortran object src/gsi/CMakeFiles/gsi_fortran_obj.dir/strong_baldiag_inc.f90.o
[ 46%] Building Fortran object src/gsi/CMakeFiles/gsi_fortran_obj.dir/m_berror_stats.f90.o
[ 46%] Building Fortran object src/gsi/CMakeFiles/gsi_fortran_obj.dir/gsi_obOper.F90.o
[ 46%] Building Fortran object src/gsi/CMakeFiles/gsi_fortran_obj.dir/m_aeroNode.F90.o
[ 46%] Building Fortran object src/gsi/CMakeFiles/gsi_fortran_obj.dir/m_cldchNode.F90.o
[ 47%] Building Fortran object src/gsi/CMakeFiles/gsi_fortran_obj.dir/m_qNode.F90.o
[ 47%] Building Fortran object src/gsi/CMakeFiles/gsi_fortran_obj.dir/m_colvkNode.F90.o
[ 47%] Building Fortran object src/gsi/CMakeFiles/gsi_fortran_obj.dir/m_dbzNode.F90.o
[ 47%] Building Fortran object src/gsi/CMakeFiles/gsi_fortran_obj.dir/m_dwNode.F90.o
[ 47%] Building Fortran object src/gsi/CMakeFiles/gsi_fortran_obj.dir/m_fedNode.F90.o
[ 48%] Building Fortran object src/gsi/CMakeFiles/gsi_fortran_obj.dir/m_gnssrspdNode.F90.o
[ 48%] Building Fortran object src/gsi/CMakeFiles/gsi_fortran_obj.dir/m_gpsNode.F90.o
[ 49%] Building Fortran object src/gsi/CMakeFiles/gsi_fortran_obj.dir/stpoz.f90.o
[ 49%] Building Fortran object src/gsi/CMakeFiles/gsi_fortran_obj.dir/m_berror_stats_reg.f90.o
[ 49%] Building Fortran object src/gsi/CMakeFiles/gsi_fortran_obj.dir/stpaod.f90.o
[ 49%] Building Fortran object src/gsi/CMakeFiles/gsi_fortran_obj.dir/m_obsNodeTypeManager.F90.o
[ 50%] Building Fortran object src/gsi/CMakeFiles/gsi_fortran_obj.dir/jfunc.f90.o
[ 50%] Building Fortran object src/gsi/CMakeFiles/gsi_fortran_obj.dir/balmod.f90.o
[ 50%] Building Fortran object src/gsi/CMakeFiles/gsi_fortran_obj.dir/control2state.f90.o
[ 50%] Building Fortran object src/gsi/CMakeFiles/gsi_fortran_obj.dir/intjcmod.f90.o
[ 50%] Building Fortran object src/gsi/CMakeFiles/gsi_fortran_obj.dir/ncepnems_io.f90.o
[ 50%] Building Fortran object src/gsi/CMakeFiles/gsi_fortran_obj.dir/setupco.f90.o
[ 50%] Building Fortran object src/gsi/CMakeFiles/gsi_fortran_obj.dir/intaod.f90.o
[ 51%] Building Fortran object src/gsi/CMakeFiles/gsi_fortran_obj.dir/intco.f90.o
[ 51%] Building Fortran object src/gsi/CMakeFiles/gsi_fortran_obj.dir/intoz.f90.o
[ 51%] Building Fortran object src/gsi/CMakeFiles/gsi_fortran_obj.dir/setupoz.f90.o
[ 51%] Building Fortran object src/gsi/CMakeFiles/gsi_fortran_obj.dir/setuppcp.f90.o
[ 51%] Building Fortran object src/gsi/CMakeFiles/gsi_fortran_obj.dir/m_gsiBiases.f90.o
[ 52%] Building Fortran object src/gsi/CMakeFiles/gsi_fortran_obj.dir/lanczos.F90.o
[ 52%] Building Fortran object src/gsi/CMakeFiles/gsi_fortran_obj.dir/gsd_update_mod.f90.o
[ 53%] Building Fortran object src/gsi/CMakeFiles/gsi_fortran_obj.dir/zrnmi_mod.f90.o
[ 54%] Building Fortran object src/gsi/CMakeFiles/gsi_fortran_obj.dir/stpjcmod.f90.o
[ 54%] Building Fortran object src/gsi/CMakeFiles/gsi_fortran_obj.dir/cvsection.f90.o
[ 54%] Building Fortran object src/gsi/CMakeFiles/gsi_fortran_obj.dir/evalqlim.f90.o
[ 54%] Building Fortran object src/gsi/CMakeFiles/gsi_fortran_obj.dir/genqsat.f90.o
[ 54%] Building Fortran object src/gsi/CMakeFiles/gsi_fortran_obj.dir/normal_rh_to_q.f90.o
[ 54%] Building Fortran object src/gsi/CMakeFiles/gsi_fortran_obj.dir/pcgsqrt.f90.o
[ 54%] Building Fortran object src/gsi/CMakeFiles/gsi_fortran_obj.dir/projmethod_support.f90.o
[ 55%] Building Fortran object src/gsi/CMakeFiles/gsi_fortran_obj.dir/q_diag.f90.o
[ 55%] Building Fortran object src/gsi/CMakeFiles/gsi_fortran_obj.dir/statsoz.f90.o
[ 56%] Building Fortran object src/gsi/CMakeFiles/gsi_fortran_obj.dir/statspcp.f90.o
[ 56%] Building Fortran object src/gsi/CMakeFiles/gsi_fortran_obj.dir/statsrad.f90.o
[ 56%] Building Fortran object src/gsi/CMakeFiles/gsi_fortran_obj.dir/tv_to_tsen.f90.o
[ 56%] Building Fortran object src/gsi/CMakeFiles/gsi_fortran_obj.dir/gsi_bias.f90.o
[ 56%] Building Fortran object src/gsi/CMakeFiles/gsi_fortran_obj.dir/fv3_regional_interface.f90.o
[ 56%] Building Fortran object src/gsi/CMakeFiles/gsi_fortran_obj.dir/gesinfo.F90.o
[ 56%] Building Fortran object src/gsi/CMakeFiles/gsi_fortran_obj.dir/berror.f90.o
[ 57%] Building Fortran object src/gsi/CMakeFiles/gsi_fortran_obj.dir/cplr_get_fv3_regional_ensperts.f90.o
[ 57%] Building Fortran object src/gsi/CMakeFiles/gsi_fortran_obj.dir/anberror.f90.o
[ 57%] Building Fortran object src/gsi/CMakeFiles/gsi_fortran_obj.dir/smooth_polcarf.f90.o
[ 57%] Building Fortran object src/gsi/CMakeFiles/gsi_fortran_obj.dir/prad_bias.f90.o
[ 57%] Building Fortran object src/gsi/CMakeFiles/gsi_fortran_obj.dir/bkgvar.f90.o
[ 57%] Building Fortran object src/gsi/CMakeFiles/gsi_fortran_obj.dir/bkgvar_rewgt.f90.o
[ 57%] Building Fortran object src/gsi/CMakeFiles/gsi_fortran_obj.dir/compute_qvar3d.f90.o
[ 57%] Building Fortran object src/gsi/CMakeFiles/gsi_fortran_obj.dir/control2model.f90.o
[ 57%] Building Fortran object src/gsi/CMakeFiles/gsi_fortran_obj.dir/control2model_ad.f90.o
[ 57%] Building Fortran object src/gsi/CMakeFiles/gsi_fortran_obj.dir/precond.f90.o
[ 58%] Building Fortran object src/gsi/CMakeFiles/gsi_fortran_obj.dir/prewgt_reg.f90.o
[ 58%] Building Fortran object src/gsi/CMakeFiles/gsi_fortran_obj.dir/smoothzrf.f90.o
[ 58%] Building Fortran object src/gsi/CMakeFiles/gsi_fortran_obj.dir/write_bkgvars_grid.f90.o
[ 58%] Building Fortran object src/gsi/CMakeFiles/gsi_fortran_obj.dir/antest_maps0.f90.o
[ 59%] Building Fortran object src/gsi/CMakeFiles/gsi_fortran_obj.dir/getsiga.f90.o
[ 59%] Building Fortran object src/gsi/CMakeFiles/gsi_fortran_obj.dir/prewgt.f90.o
[ 59%] Building Fortran object src/gsi/CMakeFiles/gsi_fortran_obj.dir/smoothrf.f90.o
[ 59%] Building Fortran object src/gsi/CMakeFiles/gsi_fortran_obj.dir/strong_bal_correction.f90.o
[ 59%] Building Fortran object src/gsi/CMakeFiles/gsi_fortran_obj.dir/adjtest.f90.o
[ 59%] Building Fortran object src/gsi/CMakeFiles/gsi_fortran_obj.dir/aniso_ens_util.f90.o
[ 59%] Building Fortran object src/gsi/CMakeFiles/gsi_fortran_obj.dir/patch2grid_mod.f90.o
[ 59%] Building Fortran object src/gsi/CMakeFiles/gsi_fortran_obj.dir/rtlnmc_version3.f90.o
[ 60%] Building Fortran object src/gsi/CMakeFiles/gsi_fortran_obj.dir/antest_maps0_glb.f90.o
[ 60%] Building Fortran object src/gsi/CMakeFiles/gsi_fortran_obj.dir/anbkerror.f90.o
[ 60%] Building Fortran object src/gsi/CMakeFiles/gsi_fortran_obj.dir/sub2fslab_mod.f90.o
[ 60%] Building Fortran object src/gsi/CMakeFiles/gsi_fortran_obj.dir/anisofilter.f90.o
[ 60%] Building Fortran object src/gsi/CMakeFiles/gsi_fortran_obj.dir/anisofilter_glb.f90.o
[ 60%] Building Fortran object src/gsi/CMakeFiles/gsi_fortran_obj.dir/set_crtm_cloudmod.f90.o
[ 60%] Building Fortran object src/gsi/CMakeFiles/gsi_fortran_obj.dir/gfs_stratosphere.f90.o
[ 60%] Building Fortran object src/gsi/CMakeFiles/gsi_fortran_obj.dir/netcdfgfs_io.f90.o
[ 60%] Building Fortran object src/gsi/CMakeFiles/gsi_fortran_obj.dir/cplr_gfs_ensmod.f90.o
[ 60%] Building Fortran object src/gsi/CMakeFiles/gsi_fortran_obj.dir/general_read_fv3atm.f90.o
[ 61%] Building Fortran object src/gsi/CMakeFiles/gsi_fortran_obj.dir/general_read_nemsaero.f90.o
[ 61%] Building Fortran object src/gsi/CMakeFiles/gsi_fortran_obj.dir/get_gefs_for_regional.f90.o
[ 61%] Building Fortran object src/gsi/CMakeFiles/gsi_fortran_obj.dir/read_gfs_ozone_for_regional.f90.o
[ 61%] Building Fortran object src/gsi/CMakeFiles/gsi_fortran_obj.dir/compute_derived.f90.o
[ 61%] Building Fortran object src/gsi/CMakeFiles/gsi_fortran_obj.dir/crtm_interface.f90.o
[ 61%] Building Fortran object src/gsi/CMakeFiles/gsi_fortran_obj.dir/gsi_fixture_REGIONAL.F90.o
[ 61%] Building Fortran object src/gsi/CMakeFiles/gsi_fortran_obj.dir/cads.f90.o
[ 61%] Building Fortran object src/gsi/CMakeFiles/gsi_fortran_obj.dir/qcmod.f90.o
[ 61%] Building Fortran object src/gsi/CMakeFiles/gsi_fortran_obj.dir/intcldch.f90.o
[ 61%] Building Fortran object src/gsi/CMakeFiles/gsi_fortran_obj.dir/setupcldch.f90.o
[ 61%] Building Fortran object src/gsi/CMakeFiles/gsi_fortran_obj.dir/m_rhs.F90.o
[ 61%] Building Fortran object src/gsi/CMakeFiles/gsi_fortran_obj.dir/setupaod.f90.o
[ 61%] Building Fortran object src/gsi/CMakeFiles/gsi_fortran_obj.dir/stpcldch.f90.o
[ 62%] Building Fortran object src/gsi/CMakeFiles/gsi_fortran_obj.dir/setupcldtot.F90.o
[ 62%] Building Fortran object src/gsi/CMakeFiles/gsi_fortran_obj.dir/intq.f90.o
[ 62%] Building Fortran object src/gsi/CMakeFiles/gsi_fortran_obj.dir/stpq.f90.o
[ 62%] Building Fortran object src/gsi/CMakeFiles/gsi_fortran_obj.dir/setupdbz.f90.o
[ 62%] Building Fortran object src/gsi/CMakeFiles/gsi_fortran_obj.dir/intdbz.f90.o
[ 63%] Building Fortran object src/gsi/CMakeFiles/gsi_fortran_obj.dir/stpdbz.f90.o
[ 63%] Building Fortran object src/gsi/CMakeFiles/gsi_fortran_obj.dir/setupdw.f90.o
[ 63%] Building Fortran object src/gsi/CMakeFiles/gsi_fortran_obj.dir/intdw.f90.o
[ 63%] Building Fortran object src/gsi/CMakeFiles/gsi_fortran_obj.dir/stpdw.f90.o
[ 63%] Building Fortran object src/gsi/CMakeFiles/gsi_fortran_obj.dir/setupfed.f90.o
[ 63%] Building Fortran object src/gsi/CMakeFiles/gsi_fortran_obj.dir/intfed.f90.o
[ 63%] Building Fortran object src/gsi/CMakeFiles/gsi_fortran_obj.dir/stpfed.f90.o
[ 63%] Building Fortran object src/gsi/CMakeFiles/gsi_fortran_obj.dir/setupgnssrspd.f90.o
[ 63%] Building Fortran object src/gsi/CMakeFiles/gsi_fortran_obj.dir/intgnssrspd.f90.o
[ 63%] Building Fortran object src/gsi/CMakeFiles/gsi_fortran_obj.dir/stpgnssrspd.f90.o
[ 63%] Building Fortran object src/gsi/CMakeFiles/gsi_fortran_obj.dir/genstats_gps.f90.o
[ 63%] Building Fortran object src/gsi/CMakeFiles/gsi_fortran_obj.dir/intgps.f90.o
[ 63%] Building Fortran object src/gsi/CMakeFiles/gsi_fortran_obj.dir/stpgps.f90.o
[ 64%] Building Fortran object src/gsi/CMakeFiles/gsi_fortran_obj.dir/setupgust.f90.o
[ 64%] Building Fortran object src/gsi/CMakeFiles/gsi_fortran_obj.dir/intgust.f90.o
[ 64%] Building Fortran object src/gsi/CMakeFiles/gsi_fortran_obj.dir/stpgust.f90.o
[ 64%] Building Fortran object src/gsi/CMakeFiles/gsi_fortran_obj.dir/setuphowv.f90.o
[ 65%] Building Fortran object src/gsi/CMakeFiles/gsi_fortran_obj.dir/inthowv.f90.o
[ 65%] Building Fortran object src/gsi/CMakeFiles/gsi_fortran_obj.dir/stphowv.f90.o
[ 65%] Building Fortran object src/gsi/CMakeFiles/gsi_fortran_obj.dir/intlcbas.f90.o
[ 65%] Building Fortran object src/gsi/CMakeFiles/gsi_fortran_obj.dir/setuplcbas.f90.o
[ 65%] Building Fortran object src/gsi/CMakeFiles/gsi_fortran_obj.dir/stplcbas.f90.o
[ 65%] Building Fortran object src/gsi/CMakeFiles/gsi_fortran_obj.dir/intlight.f90.o
[ 65%] Building Fortran object src/gsi/CMakeFiles/gsi_fortran_obj.dir/stplight.f90.o
[ 65%] Building Fortran object src/gsi/CMakeFiles/gsi_fortran_obj.dir/intlwcp.f90.o
[ 65%] Building Fortran object src/gsi/CMakeFiles/gsi_fortran_obj.dir/setuplwcp.f90.o
[ 65%] Building Fortran object src/gsi/CMakeFiles/gsi_fortran_obj.dir/stplwcp.f90.o
[ 66%] Building Fortran object src/gsi/CMakeFiles/gsi_fortran_obj.dir/intmitm.f90.o
[ 66%] Building Fortran object src/gsi/CMakeFiles/gsi_fortran_obj.dir/setupmitm.f90.o
[ 66%] Building Fortran object src/gsi/CMakeFiles/gsi_fortran_obj.dir/stpmitm.f90.o
[ 66%] Building Fortran object src/gsi/CMakeFiles/gsi_fortran_obj.dir/intmxtm.f90.o
[ 67%] Building Fortran object src/gsi/CMakeFiles/gsi_fortran_obj.dir/setupmxtm.f90.o
[ 67%] Building Fortran object src/gsi/CMakeFiles/gsi_fortran_obj.dir/stpmxtm.f90.o
[ 67%] Building Fortran object src/gsi/CMakeFiles/gsi_fortran_obj.dir/intpblh.f90.o
[ 67%] Building Fortran object src/gsi/CMakeFiles/gsi_fortran_obj.dir/setuppblh.f90.o
[ 67%] Building Fortran object src/gsi/CMakeFiles/gsi_fortran_obj.dir/stppblh.f90.o
[ 67%] Building Fortran object src/gsi/CMakeFiles/gsi_fortran_obj.dir/intpcp.f90.o
[ 67%] Building Fortran object src/gsi/CMakeFiles/gsi_fortran_obj.dir/stppcp.f90.o
[ 67%] Building Fortran object src/gsi/CMakeFiles/gsi_fortran_obj.dir/intpm10.f90.o
[ 67%] Building Fortran object src/gsi/CMakeFiles/gsi_fortran_obj.dir/setuppm10.f90.o
[ 67%] Building Fortran object src/gsi/CMakeFiles/gsi_fortran_obj.dir/stppm10.f90.o
[ 67%] Building Fortran object src/gsi/CMakeFiles/gsi_fortran_obj.dir/intpm2_5.f90.o
[ 67%] Building Fortran object src/gsi/CMakeFiles/gsi_fortran_obj.dir/setuppm2_5.f90.o
[ 67%] Building Fortran object src/gsi/CMakeFiles/gsi_fortran_obj.dir/stppm2_5.f90.o
[ 68%] Building Fortran object src/gsi/CMakeFiles/gsi_fortran_obj.dir/intpmsl.f90.o
[ 68%] Building Fortran object src/gsi/CMakeFiles/gsi_fortran_obj.dir/setuppmsl.f90.o
[ 68%] Building Fortran object src/gsi/CMakeFiles/gsi_fortran_obj.dir/stppmsl.f90.o
[ 68%] Building Fortran object src/gsi/CMakeFiles/gsi_fortran_obj.dir/intps.f90.o
[ 68%] Building Fortran object src/gsi/CMakeFiles/gsi_fortran_obj.dir/cplr_read_wrf_mass_guess.f90.o
[ 68%] Building Fortran object src/gsi/CMakeFiles/gsi_fortran_obj.dir/support_2dvar.f90.o
[ 68%] Building Fortran object src/gsi/CMakeFiles/gsi_fortran_obj.dir/stpps.f90.o
[ 68%] Building Fortran object src/gsi/CMakeFiles/gsi_fortran_obj.dir/intpw.f90.o
[ 68%] Building Fortran object src/gsi/CMakeFiles/gsi_fortran_obj.dir/setuppw.f90.o
[ 69%] Building Fortran object src/gsi/CMakeFiles/gsi_fortran_obj.dir/stppw.f90.o
[ 69%] Building Fortran object src/gsi/CMakeFiles/gsi_fortran_obj.dir/intrad.f90.o
[ 69%] Building Fortran object src/gsi/CMakeFiles/gsi_fortran_obj.dir/intrw.f90.o
[ 69%] Building Fortran object src/gsi/CMakeFiles/gsi_fortran_obj.dir/setuprw.f90.o
[ 69%] Building Fortran object src/gsi/CMakeFiles/gsi_fortran_obj.dir/stprw.f90.o
[ 69%] Building Fortran object src/gsi/CMakeFiles/gsi_fortran_obj.dir/intspd.f90.o
[ 70%] Building Fortran object src/gsi/CMakeFiles/gsi_fortran_obj.dir/setupspd.f90.o
[ 70%] Building Fortran object src/gsi/CMakeFiles/gsi_fortran_obj.dir/stpspd.f90.o
[ 70%] Building Fortran object src/gsi/CMakeFiles/gsi_fortran_obj.dir/intsst.f90.o
[ 70%] Building Fortran object src/gsi/CMakeFiles/gsi_fortran_obj.dir/setupsst.f90.o
[ 70%] Building Fortran object src/gsi/CMakeFiles/gsi_fortran_obj.dir/stpsst.f90.o
[ 70%] Building Fortran object src/gsi/CMakeFiles/gsi_fortran_obj.dir/intswcp.f90.o
[ 70%] Building Fortran object src/gsi/CMakeFiles/gsi_fortran_obj.dir/stpswcp.f90.o
[ 70%] Building Fortran object src/gsi/CMakeFiles/gsi_fortran_obj.dir/inttcamt.f90.o
[ 70%] Building Fortran object src/gsi/CMakeFiles/gsi_fortran_obj.dir/stptcamt.f90.o
[ 70%] Building Fortran object src/gsi/CMakeFiles/gsi_fortran_obj.dir/setuptcamt.f90.o
[ 71%] Building Fortran object src/gsi/CMakeFiles/gsi_fortran_obj.dir/inttcp.f90.o
[ 71%] Building Fortran object src/gsi/CMakeFiles/gsi_fortran_obj.dir/stptcp.f90.o
[ 71%] Building Fortran object src/gsi/CMakeFiles/gsi_fortran_obj.dir/setuptcp.f90.o
[ 71%] Building Fortran object src/gsi/CMakeFiles/gsi_fortran_obj.dir/inttd2m.f90.o
[ 71%] Building Fortran object src/gsi/CMakeFiles/gsi_fortran_obj.dir/stptd2m.f90.o
[ 71%] Building Fortran object src/gsi/CMakeFiles/gsi_fortran_obj.dir/setuptd2m.f90.o
[ 71%] Building Fortran object src/gsi/CMakeFiles/gsi_fortran_obj.dir/intt.f90.o
[ 72%] Building Fortran object src/gsi/CMakeFiles/gsi_fortran_obj.dir/stpt.f90.o
[ 72%] Building Fortran object src/gsi/CMakeFiles/gsi_fortran_obj.dir/buddycheck_mod.f90.o
[ 72%] Building Fortran object src/gsi/CMakeFiles/gsi_fortran_obj.dir/intuwnd10m.f90.o
[ 72%] Building Fortran object src/gsi/CMakeFiles/gsi_fortran_obj.dir/stpuwnd10m.f90.o
[ 73%] Building Fortran object src/gsi/CMakeFiles/gsi_fortran_obj.dir/setupuwnd10m.f90.o
[ 73%] Building Fortran object src/gsi/CMakeFiles/gsi_fortran_obj.dir/intvis.f90.o
[ 73%] Building Fortran object src/gsi/CMakeFiles/gsi_fortran_obj.dir/stpvis.f90.o
[ 73%] Building Fortran object src/gsi/CMakeFiles/gsi_fortran_obj.dir/setupvis.f90.o
[ 73%] Building Fortran object src/gsi/CMakeFiles/gsi_fortran_obj.dir/intvwnd10m.f90.o
[ 73%] Building Fortran object src/gsi/CMakeFiles/gsi_fortran_obj.dir/stpvwnd10m.f90.o
[ 73%] Building Fortran object src/gsi/CMakeFiles/gsi_fortran_obj.dir/setupvwnd10m.f90.o
[ 73%] Building Fortran object src/gsi/CMakeFiles/gsi_fortran_obj.dir/intw.f90.o
[ 74%] Building Fortran object src/gsi/CMakeFiles/gsi_fortran_obj.dir/stpw.f90.o
[ 74%] Building Fortran object src/gsi/CMakeFiles/gsi_fortran_obj.dir/intwspd10m.f90.o
[ 74%] Building Fortran object src/gsi/CMakeFiles/gsi_fortran_obj.dir/stpwspd10m.f90.o
[ 74%] Building Fortran object src/gsi/CMakeFiles/gsi_fortran_obj.dir/setupwspd10m.f90.o
[ 74%] Building Fortran object src/gsi/CMakeFiles/gsi_fortran_obj.dir/intlag.f90.o
[ 74%] Building Fortran object src/gsi/CMakeFiles/gsi_fortran_obj.dir/phil2.f90.o
[ 74%] Building Fortran object src/gsi/CMakeFiles/gsi_fortran_obj.dir/qnewton3.f90.o
[ 74%] Building Fortran object src/gsi/CMakeFiles/gsi_fortran_obj.dir/read_l2bufr_mod.f90.o
[ 74%] Building Fortran object src/gsi/CMakeFiles/gsi_fortran_obj.dir/setuplag.f90.o
[ 74%] Building Fortran object src/gsi/CMakeFiles/gsi_fortran_obj.dir/dtast.f90.o
[ 75%] Building Fortran object src/gsi/CMakeFiles/gsi_fortran_obj.dir/obs_para.f90.o
[ 75%] Building Fortran object src/gsi/CMakeFiles/gsi_fortran_obj.dir/statsco.f90.o
[ 75%] Building Fortran object src/gsi/CMakeFiles/gsi_fortran_obj.dir/statsconv.f90.o
[ 75%] Building Fortran object src/gsi/CMakeFiles/gsi_fortran_obj.dir/statslight.f90.o
[ 75%] Building Fortran object src/gsi/CMakeFiles/gsi_fortran_obj.dir/update_guess.f90.o
[ 75%] Building Fortran object src/gsi/CMakeFiles/gsi_fortran_obj.dir/vqc_int.f90.o
[ 75%] Building Fortran object src/gsi/CMakeFiles/gsi_fortran_obj.dir/vqc_setup.f90.o
[ 75%] Building Fortran object src/gsi/CMakeFiles/gsi_fortran_obj.dir/vqc_stp.f90.o
[ 75%] Building Fortran object src/gsi/CMakeFiles/gsi_fortran_obj.dir/gsi_colvkOper.F90.o
[ 75%] Building Fortran object src/gsi/CMakeFiles/gsi_fortran_obj.dir/setupref.f90.o
[ 76%] Building Fortran object src/gsi/CMakeFiles/gsi_fortran_obj.dir/gsi_o3lOper.F90.o
[ 76%] Building Fortran object src/gsi/CMakeFiles/gsi_fortran_obj.dir/gsi_ozOper.F90.o
[ 77%] Building Fortran object src/gsi/CMakeFiles/gsi_fortran_obj.dir/cplr_wrf_binary_interface.f90.o
[ 77%] Building Fortran object src/gsi/CMakeFiles/gsi_fortran_obj.dir/setupswcp.f90.o
[ 77%] Building Fortran object src/gsi/CMakeFiles/gsi_fortran_obj.dir/cplr_wrf_netcdf_interface.f90.o
[ 77%] Building Fortran object src/gsi/CMakeFiles/gsi_fortran_obj.dir/read_dbz_netcdf.f90.o
[ 77%] Building Fortran object src/gsi/CMakeFiles/gsi_fortran_obj.dir/gsi_aeroOper.F90.o
[ 78%] Building Fortran object src/gsi/CMakeFiles/gsi_fortran_obj.dir/gsi_cldchOper.F90.o
[ 78%] Building Fortran object src/gsi/CMakeFiles/gsi_fortran_obj.dir/gsi_cldtotOper.F90.o
[ 78%] Building Fortran object src/gsi/CMakeFiles/gsi_fortran_obj.dir/gsi_dbzOper.F90.o
[ 78%] Building Fortran object src/gsi/CMakeFiles/gsi_fortran_obj.dir/gsi_dwOper.F90.o
[ 78%] Building Fortran object src/gsi/CMakeFiles/gsi_fortran_obj.dir/gsi_fedOper.F90.o
[ 79%] Building Fortran object src/gsi/CMakeFiles/gsi_fortran_obj.dir/gsi_gnssrspdOper.F90.o
[ 79%] Building Fortran object src/gsi/CMakeFiles/gsi_fortran_obj.dir/setupbend.f90.o
[ 79%] Building Fortran object src/gsi/CMakeFiles/gsi_fortran_obj.dir/gsi_gustOper.F90.o
[ 79%] Building Fortran object src/gsi/CMakeFiles/gsi_fortran_obj.dir/gsi_howvOper.F90.o
[ 79%] Building Fortran object src/gsi/CMakeFiles/gsi_fortran_obj.dir/gsi_lcbasOper.F90.o
[ 79%] Building Fortran object src/gsi/CMakeFiles/gsi_fortran_obj.dir/setuplight.f90.o
[ 79%] Building Fortran object src/gsi/CMakeFiles/gsi_fortran_obj.dir/gsi_lwcpOper.F90.o
[ 79%] Building Fortran object src/gsi/CMakeFiles/gsi_fortran_obj.dir/gsi_mitmOper.F90.o
[ 79%] Building Fortran object src/gsi/CMakeFiles/gsi_fortran_obj.dir/gsi_mxtmOper.F90.o
[ 79%] Building Fortran object src/gsi/CMakeFiles/gsi_fortran_obj.dir/gsi_pblhOper.F90.o
[ 79%] Building Fortran object src/gsi/CMakeFiles/gsi_fortran_obj.dir/gsi_pcpOper.F90.o
[ 79%] Building Fortran object src/gsi/CMakeFiles/gsi_fortran_obj.dir/gsi_pm10Oper.F90.o
[ 80%] Building Fortran object src/gsi/CMakeFiles/gsi_fortran_obj.dir/gsi_pm2_5Oper.F90.o
[ 80%] Building Fortran object src/gsi/CMakeFiles/gsi_fortran_obj.dir/gsi_pmslOper.F90.o
[ 80%] Building Fortran object src/gsi/CMakeFiles/gsi_fortran_obj.dir/gsi_pwOper.F90.o
[ 80%] Building Fortran object src/gsi/CMakeFiles/gsi_fortran_obj.dir/stprad.f90.o
[ 81%] Building Fortran object src/gsi/CMakeFiles/gsi_fortran_obj.dir/gsi_rwOper.F90.o
[ 81%] Building Fortran object src/gsi/CMakeFiles/gsi_fortran_obj.dir/gsi_spdOper.F90.o
[ 81%] Building Fortran object src/gsi/CMakeFiles/gsi_fortran_obj.dir/gsi_sstOper.F90.o
[ 81%] Building Fortran object src/gsi/CMakeFiles/gsi_fortran_obj.dir/gsi_tcamtOper.F90.o
[ 81%] Building Fortran object src/gsi/CMakeFiles/gsi_fortran_obj.dir/gsi_tcpOper.F90.o
[ 82%] Building Fortran object src/gsi/CMakeFiles/gsi_fortran_obj.dir/gsi_td2mOper.F90.o
[ 82%] Building Fortran object src/gsi/CMakeFiles/gsi_fortran_obj.dir/gsi_uwnd10mOper.F90.o
[ 82%] Building Fortran object src/gsi/CMakeFiles/gsi_fortran_obj.dir/gsi_visOper.F90.o
[ 82%] Building Fortran object src/gsi/CMakeFiles/gsi_fortran_obj.dir/gsi_vwnd10mOper.F90.o
[ 82%] Building Fortran object src/gsi/CMakeFiles/gsi_fortran_obj.dir/gsi_wspd10mOper.F90.o
[ 82%] Building Fortran object src/gsi/CMakeFiles/gsi_fortran_obj.dir/gsi_swcpOper.F90.o
[ 82%] Building Fortran object src/gsi/CMakeFiles/gsi_fortran_obj.dir/cplr_read_wrf_nmm_guess.f90.o
[ 82%] Building Fortran object src/gsi/CMakeFiles/gsi_fortran_obj.dir/cplr_wrwrfmassa.f90.o
[ 82%] Building Fortran object src/gsi/CMakeFiles/gsi_fortran_obj.dir/gsi_gpsbendOper.F90.o
[ 82%] Building Fortran object src/gsi/CMakeFiles/gsi_fortran_obj.dir/gsi_gpsrefOper.F90.o
[ 82%] Building Fortran object src/gsi/CMakeFiles/gsi_fortran_obj.dir/cplr_get_wrf_nmm_ensperts.f90.o
[ 83%] Building Fortran object src/gsi/CMakeFiles/gsi_fortran_obj.dir/gsi_lightOper.F90.o
[ 83%] Building Fortran object src/gsi/CMakeFiles/gsi_fortran_obj.dir/cplr_wrwrfnmma.f90.o
[ 83%] Building Fortran object src/gsi/CMakeFiles/gsi_fortran_obj.dir/cplr_get_pseudo_ensperts.f90.o
[ 83%] Building Fortran object src/gsi/CMakeFiles/gsi_fortran_obj.dir/hybrid_ensemble_isotropic.F90.o
[ 83%] Building Fortran object src/gsi/CMakeFiles/gsi_fortran_obj.dir/cplr_regional_io.f90.o
[ 83%] Building Fortran object src/gsi/CMakeFiles/gsi_fortran_obj.dir/ensctl2state.f90.o
[ 83%] Building Fortran object src/gsi/CMakeFiles/gsi_fortran_obj.dir/bicglanczos.F90.o
[ 83%] Building Fortran object src/gsi/CMakeFiles/gsi_fortran_obj.dir/bkerror.f90.o
[ 83%] Building Fortran object src/gsi/CMakeFiles/gsi_fortran_obj.dir/bkgcov.f90.o
[ 83%] Building Fortran object src/gsi/CMakeFiles/gsi_fortran_obj.dir/ensctl2model_ad.f90.o
[ 84%] Building Fortran object src/gsi/CMakeFiles/gsi_fortran_obj.dir/ensctl2model.f90.o
[ 84%] Building Fortran object src/gsi/CMakeFiles/gsi_fortran_obj.dir/write_incr.f90.o
[ 84%] Building Fortran object src/gsi/CMakeFiles/gsi_fortran_obj.dir/ncepgfs_io.f90.o
[ 84%] Building Fortran object src/gsi/CMakeFiles/gsi_fortran_obj.dir/satthin.F90.o
[ 84%] Building Fortran object src/gsi/CMakeFiles/gsi_fortran_obj.dir/general_read_gfsatm.f90.o
[ 85%] Building Fortran object src/gsi/CMakeFiles/gsi_fortran_obj.dir/general_write_gfsatm.f90.o
[ 85%] Building Fortran object src/gsi/CMakeFiles/gsi_fortran_obj.dir/write_all.F90.o
[ 85%] Building Fortran object src/gsi/CMakeFiles/gsi_fortran_obj.dir/read_guess.F90.o
[ 86%] Building Fortran object src/gsi/CMakeFiles/gsi_fortran_obj.dir/deter_sfc_mod.f90.o
[ 86%] Building Fortran object src/gsi/CMakeFiles/gsi_fortran_obj.dir/setuprad.f90.o
[ 86%] Building Fortran object src/gsi/CMakeFiles/gsi_fortran_obj.dir/convthin.f90.o
[ 86%] Building Fortran object src/gsi/CMakeFiles/gsi_fortran_obj.dir/convthin_time.f90.o
[ 86%] Building Fortran object src/gsi/CMakeFiles/gsi_fortran_obj.dir/m_extOzone.F90.o
[ 86%] Building Fortran object src/gsi/CMakeFiles/gsi_fortran_obj.dir/cplr_gfs_nstmod.f90.o
[ 86%] Building Fortran object src/gsi/CMakeFiles/gsi_fortran_obj.dir/prt_guess.f90.o
[ 87%] Building Fortran object src/gsi/CMakeFiles/gsi_fortran_obj.dir/read_aerosol.f90.o
[ 87%] Building Fortran object src/gsi/CMakeFiles/gsi_fortran_obj.dir/read_co.f90.o
[ 87%] Building Fortran object src/gsi/CMakeFiles/gsi_fortran_obj.dir/read_ozone.f90.o
[ 87%] Building Fortran object src/gsi/CMakeFiles/gsi_fortran_obj.dir/read_dbz_nc.f90.o
[ 87%] Building Fortran object src/gsi/CMakeFiles/gsi_fortran_obj.dir/read_satmar.f90.o
[ 87%] Building Fortran object src/gsi/CMakeFiles/gsi_fortran_obj.dir/read_wcpbufr.f90.o
[ 87%] Building Fortran object src/gsi/CMakeFiles/gsi_fortran_obj.dir/read_abi.f90.o
[ 87%] Building Fortran object src/gsi/CMakeFiles/gsi_fortran_obj.dir/read_ahi.f90.o
[ 87%] Building Fortran object src/gsi/CMakeFiles/gsi_fortran_obj.dir/read_airs.f90.o
[ 87%] Building Fortran object src/gsi/CMakeFiles/gsi_fortran_obj.dir/read_amsr2.f90.o
[ 87%] Building Fortran object src/gsi/CMakeFiles/gsi_fortran_obj.dir/read_amsre.f90.o
[ 87%] Building Fortran object src/gsi/CMakeFiles/gsi_fortran_obj.dir/read_atms.f90.o
[ 88%] Building Fortran object src/gsi/CMakeFiles/gsi_fortran_obj.dir/read_avhrr.f90.o
[ 88%] Building Fortran object src/gsi/CMakeFiles/gsi_fortran_obj.dir/read_avhrr_navy.f90.o
[ 88%] Building Fortran object src/gsi/CMakeFiles/gsi_fortran_obj.dir/read_bufrtovs.f90.o
[ 88%] Building Fortran object src/gsi/CMakeFiles/gsi_fortran_obj.dir/read_cris.f90.o
[ 88%] Building Fortran object src/gsi/CMakeFiles/gsi_fortran_obj.dir/read_fl_hdob.f90.o
[ 88%] Building Fortran object src/gsi/CMakeFiles/gsi_fortran_obj.dir/read_gmi.f90.o
[ 88%] Building Fortran object src/gsi/CMakeFiles/gsi_fortran_obj.dir/read_gnssrspd.f90.o
[ 88%] Building Fortran object src/gsi/CMakeFiles/gsi_fortran_obj.dir/read_goesimg.f90.o
[ 88%] Building Fortran object src/gsi/CMakeFiles/gsi_fortran_obj.dir/read_goesimgr_skycover.f90.o
[ 88%] Building Fortran object src/gsi/CMakeFiles/gsi_fortran_obj.dir/read_goesndr.f90.o
[ 88%] Building Fortran object src/gsi/CMakeFiles/gsi_fortran_obj.dir/read_gsb.f90.o
[ 89%] Building Fortran object src/gsi/CMakeFiles/gsi_fortran_obj.dir/read_iasi.f90.o
[ 89%] Building Fortran object src/gsi/CMakeFiles/gsi_fortran_obj.dir/read_iasing.f90.o
[ 89%] Building Fortran object src/gsi/CMakeFiles/gsi_fortran_obj.dir/read_lidar.f90.o
[ 89%] Building Fortran object src/gsi/CMakeFiles/gsi_fortran_obj.dir/read_mitm_mxtm.f90.o
[ 89%] Building Fortran object src/gsi/CMakeFiles/gsi_fortran_obj.dir/read_modsbufr.f90.o
[ 90%] Building Fortran object src/gsi/CMakeFiles/gsi_fortran_obj.dir/read_mws.f90.o
[ 90%] Building Fortran object src/gsi/CMakeFiles/gsi_fortran_obj.dir/read_nsstbufr.f90.o
[ 90%] Building Fortran object src/gsi/CMakeFiles/gsi_fortran_obj.dir/read_pblh.f90.o
[ 90%] Building Fortran object src/gsi/CMakeFiles/gsi_fortran_obj.dir/read_pcp.f90.o
[ 91%] Building Fortran object src/gsi/CMakeFiles/gsi_fortran_obj.dir/read_prepbufr.F90.o
[ 91%] Building Fortran object src/gsi/CMakeFiles/gsi_fortran_obj.dir/read_radar.f90.o
[ 91%] Building Fortran object src/gsi/CMakeFiles/gsi_fortran_obj.dir/read_radar_wind_ascii.f90.o
[ 91%] Building Fortran object src/gsi/CMakeFiles/gsi_fortran_obj.dir/read_rapidscat.f90.o
[ 91%] Building Fortran object src/gsi/CMakeFiles/gsi_fortran_obj.dir/read_saildrone.f90.o
[ 92%] Building Fortran object src/gsi/CMakeFiles/gsi_fortran_obj.dir/read_saphir.f90.o
[ 92%] Building Fortran object src/gsi/CMakeFiles/gsi_fortran_obj.dir/read_satwnd.f90.o
[ 92%] Building Fortran object src/gsi/CMakeFiles/gsi_fortran_obj.dir/read_seviri.f90.o
[ 92%] Building Fortran object src/gsi/CMakeFiles/gsi_fortran_obj.dir/read_sfcwnd.f90.o
[ 92%] Building Fortran object src/gsi/CMakeFiles/gsi_fortran_obj.dir/read_ssmi.f90.o
[ 92%] Building Fortran object src/gsi/CMakeFiles/gsi_fortran_obj.dir/read_ssmis.f90.o
[ 92%] Building Fortran object src/gsi/CMakeFiles/gsi_fortran_obj.dir/read_viirs.f90.o
[ 92%] Building Fortran object src/gsi/CMakeFiles/gsi_fortran_obj.dir/hdraobmod.f90.o
[ 92%] Building Fortran object src/gsi/CMakeFiles/gsi_fortran_obj.dir/setupq.f90.o
[ 93%] Building Fortran object src/gsi/CMakeFiles/gsi_fortran_obj.dir/setupw.f90.o
[ 93%] Building Fortran object src/gsi/CMakeFiles/gsi_fortran_obj.dir/setupt.f90.o
[ 93%] Building Fortran object src/gsi/CMakeFiles/gsi_fortran_obj.dir/setupps.f90.o
[ 93%] Building Fortran object src/gsi/CMakeFiles/gsi_fortran_obj.dir/read_obs.F90.o
[ 93%] Building Fortran object src/gsi/CMakeFiles/gsi_fortran_obj.dir/gsi_radOper.F90.o
[ 93%] Building Fortran object src/gsi/CMakeFiles/gsi_fortran_obj.dir/gsi_psOper.F90.o
[ 93%] Building Fortran object src/gsi/CMakeFiles/gsi_fortran_obj.dir/gsi_qOper.F90.o
[ 93%] Building Fortran object src/gsi/CMakeFiles/gsi_fortran_obj.dir/gsi_wOper.F90.o
[ 93%] Building Fortran object src/gsi/CMakeFiles/gsi_fortran_obj.dir/gsi_tOper.F90.o
[ 93%] Building Fortran object src/gsi/CMakeFiles/gsi_fortran_obj.dir/gsi_obOperTypeManager.F90.o
[ 93%] Building Fortran object src/gsi/CMakeFiles/gsi_fortran_obj.dir/m_obsdiags.F90.o
[ 93%] Building Fortran object src/gsi/CMakeFiles/gsi_fortran_obj.dir/intjo.f90.o
[ 93%] Building Fortran object src/gsi/CMakeFiles/gsi_fortran_obj.dir/obs_sensitivity.f90.o
[ 93%] Building Fortran object src/gsi/CMakeFiles/gsi_fortran_obj.dir/penal.f90.o
[ 93%] Building Fortran object src/gsi/CMakeFiles/gsi_fortran_obj.dir/stpjo.f90.o
[ 93%] Building Fortran object src/gsi/CMakeFiles/gsi_fortran_obj.dir/intall.f90.o
[ 93%] Building Fortran object src/gsi/CMakeFiles/gsi_fortran_obj.dir/obs_ferrscale.F90.o
[ 93%] Building Fortran object src/gsi/CMakeFiles/gsi_fortran_obj.dir/stpcalc.f90.o
[ 93%] Building Fortran object src/gsi/CMakeFiles/gsi_fortran_obj.dir/evaljgrad.f90.o
[ 93%] Building Fortran object src/gsi/CMakeFiles/gsi_fortran_obj.dir/evaljo.f90.o
[ 93%] Building Fortran object src/gsi/CMakeFiles/gsi_fortran_obj.dir/jgrad.f90.o
[ 93%] Building Fortran object src/gsi/CMakeFiles/gsi_fortran_obj.dir/setuprhsall.f90.o
[ 93%] Building Fortran object src/gsi/CMakeFiles/gsi_fortran_obj.dir/test_obsens.f90.o
[ 93%] Building Fortran object src/gsi/CMakeFiles/gsi_fortran_obj.dir/adjtest_obs.f90.o
[ 93%] Building Fortran object src/gsi/CMakeFiles/gsi_fortran_obj.dir/bicg.f90.o
[ 94%] Building Fortran object src/gsi/CMakeFiles/gsi_fortran_obj.dir/sqrtmin.f90.o
[ 94%] Building Fortran object src/gsi/CMakeFiles/gsi_fortran_obj.dir/pcgsoi.f90.o
[ 94%] Building Fortran object src/gsi/CMakeFiles/gsi_fortran_obj.dir/observer.F90.o
[ 94%] Building Fortran object src/gsi/CMakeFiles/gsi_fortran_obj.dir/read_files.f90.o
[ 95%] Building Fortran object src/gsi/CMakeFiles/gsi_fortran_obj.dir/glbsoi.f90.o
[ 95%] Building Fortran object src/gsi/CMakeFiles/gsi_fortran_obj.dir/gsisub.F90.o
[ 95%] Built target gsi_fortran_obj
[ 95%] Linking Fortran static library libgsi.a
[ 95%] Built target gsi
Dependee "/scratch3/NCEPDEV/da/Andrew.Collard/git/GSI_CRTMv3_dev_cdf/build/src/gsi/CMakeFiles/gsi.x.dir/DependInfo.cmake" is newer than depender "/scratch3/NCEPDEV/da/Andrew.Collard/git/GSI_CRTMv3_dev_cdf/build/src/gsi/CMakeFiles/gsi.x.dir/depend.internal".
Dependee "/scratch3/NCEPDEV/da/Andrew.Collard/git/GSI_CRTMv3_dev_cdf/build/src/gsi/CMakeFiles/CMakeDirectoryInformation.cmake" is newer than depender "/scratch3/NCEPDEV/da/Andrew.Collard/git/GSI_CRTMv3_dev_cdf/build/src/gsi/CMakeFiles/gsi.x.dir/depend.internal".
Dependee "/scratch3/NCEPDEV/da/Andrew.Collard/git/GSI_CRTMv3_dev_cdf/build/src/enkf/CMakeFiles/enkf_fortran_obj.dir/DependInfo.cmake" is newer than depender "/scratch3/NCEPDEV/da/Andrew.Collard/git/GSI_CRTMv3_dev_cdf/build/src/enkf/CMakeFiles/enkf_fortran_obj.dir/depend.internal".
Dependee "/scratch3/NCEPDEV/da/Andrew.Collard/git/GSI_CRTMv3_dev_cdf/build/src/enkf/CMakeFiles/CMakeDirectoryInformation.cmake" is newer than depender "/scratch3/NCEPDEV/da/Andrew.Collard/git/GSI_CRTMv3_dev_cdf/build/src/enkf/CMakeFiles/enkf_fortran_obj.dir/depend.internal".
Scanning dependencies of target gsi.x
[ 95%] Building Fortran object src/gsi/CMakeFiles/gsi.x.dir/gsimod.F90.o
Scanning dependencies of target enkf_fortran_obj
[ 95%] Building Fortran object src/enkf/CMakeFiles/enkf_fortran_obj.dir/mpisetup.f90.o
[ 95%] Building Fortran object src/enkf/CMakeFiles/enkf_fortran_obj.dir/reducedgrid.f90.o
[ 95%] Building Fortran object src/enkf/CMakeFiles/enkf_fortran_obj.dir/specmod.f90.o
[ 95%] Building Fortran object src/enkf/CMakeFiles/enkf_fortran_obj.dir/kdtree2.f90.o
[ 95%] Building Fortran object src/enkf/CMakeFiles/enkf_fortran_obj.dir/rnorm.f90.o
[ 96%] Building Fortran object src/enkf/CMakeFiles/enkf_fortran_obj.dir/sorting.f90.o
[ 96%] Building Fortran object src/enkf/CMakeFiles/enkf_fortran_obj.dir/netcdf_io_wrf.f90.o
[ 96%] Building Fortran object src/enkf/CMakeFiles/enkf_fortran_obj.dir/expand_ens.f90.o
[ 96%] Building Fortran object src/enkf/CMakeFiles/enkf_fortran_obj.dir/fftpack.f90.o
[ 96%] Building Fortran object src/enkf/CMakeFiles/enkf_fortran_obj.dir/genqsat1.f90.o
[ 96%] Building Fortran object src/enkf/CMakeFiles/enkf_fortran_obj.dir/quicksort.f90.o
[ 96%] Building Fortran object src/gsi/CMakeFiles/gsi.x.dir/gsimain.f90.o
[ 96%] Building Fortran object src/enkf/CMakeFiles/enkf_fortran_obj.dir/params.f90.o
[ 96%] Linking Fortran executable gsi.x
[ 96%] Building Fortran object src/enkf/CMakeFiles/enkf_fortran_obj.dir/gridinfo_gfs.f90.o
[ 96%] Building Fortran object src/enkf/CMakeFiles/enkf_fortran_obj.dir/covlocal.f90.o
[ 96%] Building Fortran object src/enkf/CMakeFiles/enkf_fortran_obj.dir/write_logfile.f90.o
[ 96%] Building Fortran object src/enkf/CMakeFiles/enkf_fortran_obj.dir/gridio_gfs.f90.o
[ 96%] Built target gsi.x
[ 96%] Building Fortran object src/enkf/CMakeFiles/enkf_fortran_obj.dir/statevec.f90.o
[ 96%] Building Fortran object src/enkf/CMakeFiles/enkf_fortran_obj.dir/controlvec.f90.o
[ 96%] Building Fortran object src/enkf/CMakeFiles/enkf_fortran_obj.dir/observer_gfs.f90.o
[ 96%] Building Fortran object src/enkf/CMakeFiles/enkf_fortran_obj.dir/readconvobs.f90.o
[ 96%] Building Fortran object src/enkf/CMakeFiles/enkf_fortran_obj.dir/readozobs.f90.o
[ 96%] Building Fortran object src/enkf/CMakeFiles/enkf_fortran_obj.dir/readsatobs.f90.o
[ 97%] Building Fortran object src/enkf/CMakeFiles/enkf_fortran_obj.dir/smooth_gfs.f90.o
[ 97%] Building Fortran object src/enkf/CMakeFiles/enkf_fortran_obj.dir/mpi_readobs.f90.o
[ 98%] Building Fortran object src/enkf/CMakeFiles/enkf_fortran_obj.dir/enkf_obsmod.f90.o
[ 98%] Building Fortran object src/enkf/CMakeFiles/enkf_fortran_obj.dir/loadbal.f90.o
[ 98%] Building Fortran object src/enkf/CMakeFiles/enkf_fortran_obj.dir/innovstats.f90.o
[ 98%] Building Fortran object src/enkf/CMakeFiles/enkf_fortran_obj.dir/read_locinfo.f90.o
[ 99%] Building Fortran object src/enkf/CMakeFiles/enkf_fortran_obj.dir/inflation.f90.o
[ 99%] Building Fortran object src/enkf/CMakeFiles/enkf_fortran_obj.dir/enkf_obs_sensitivity.f90.o
[ 99%] Building Fortran object src/enkf/CMakeFiles/enkf_fortran_obj.dir/radbias.f90.o
[ 99%] Building Fortran object src/enkf/CMakeFiles/enkf_fortran_obj.dir/enkf.f90.o
[100%] Building Fortran object src/enkf/CMakeFiles/enkf_fortran_obj.dir/letkf.f90.o
[100%] Built target enkf_fortran_obj
[100%] Linking Fortran static library libenkf.a
[100%] Built target enkf
Dependee "/scratch3/NCEPDEV/da/Andrew.Collard/git/GSI_CRTMv3_dev_cdf/build/src/enkf/CMakeFiles/enkf.x.dir/DependInfo.cmake" is newer than depender "/scratch3/NCEPDEV/da/Andrew.Collard/git/GSI_CRTMv3_dev_cdf/build/src/enkf/CMakeFiles/enkf.x.dir/depend.internal".
Dependee "/scratch3/NCEPDEV/da/Andrew.Collard/git/GSI_CRTMv3_dev_cdf/build/src/enkf/CMakeFiles/CMakeDirectoryInformation.cmake" is newer than depender "/scratch3/NCEPDEV/da/Andrew.Collard/git/GSI_CRTMv3_dev_cdf/build/src/enkf/CMakeFiles/enkf.x.dir/depend.internal".
Scanning dependencies of target enkf.x
[100%] Building Fortran object src/enkf/CMakeFiles/enkf.x.dir/enkf_main.f90.o
[100%] Linking Fortran executable enkf.x
[100%] Built target enkf.x
[  4%] Built target mgbf
[  4%] Built target gsi_c_obj
[ 95%] Built target gsi_fortran_obj
[ 95%] Built target gsi
[ 95%] Built target gsi.x
[100%] Built target enkf_fortran_obj
[100%] Built target enkf
[100%] Built target enkf.x
Install the project...
-- Install configuration: "Release"
-- Up-to-date: /scratch3/NCEPDEV/da/Andrew.Collard/git/GSI_CRTMv3_dev_cdf/install/include/mgbf
-- Installing: /scratch3/NCEPDEV/da/Andrew.Collard/git/GSI_CRTMv3_dev_cdf/install/include/mgbf/mg_parameter.mod
-- Installing: /scratch3/NCEPDEV/da/Andrew.Collard/git/GSI_CRTMv3_dev_cdf/install/include/mgbf/kinds.mod
-- Installing: /scratch3/NCEPDEV/da/Andrew.Collard/git/GSI_CRTMv3_dev_cdf/install/include/mgbf/jp_pietc.mod
-- Installing: /scratch3/NCEPDEV/da/Andrew.Collard/git/GSI_CRTMv3_dev_cdf/install/include/mgbf/mg_intstate@mg_interpolate.smod
-- Installing: /scratch3/NCEPDEV/da/Andrew.Collard/git/GSI_CRTMv3_dev_cdf/install/include/mgbf/jp_pbfil3.mod
-- Installing: /scratch3/NCEPDEV/da/Andrew.Collard/git/GSI_CRTMv3_dev_cdf/install/include/mgbf/mg_parameter@mg_domain.smod
-- Installing: /scratch3/NCEPDEV/da/Andrew.Collard/git/GSI_CRTMv3_dev_cdf/install/include/mgbf/mg_intstate@mg_generations.smod
-- Installing: /scratch3/NCEPDEV/da/Andrew.Collard/git/GSI_CRTMv3_dev_cdf/install/include/mgbf/jp_pietc_s.mod
-- Installing: /scratch3/NCEPDEV/da/Andrew.Collard/git/GSI_CRTMv3_dev_cdf/install/include/mgbf/mg_input.mod
-- Installing: /scratch3/NCEPDEV/da/Andrew.Collard/git/GSI_CRTMv3_dev_cdf/install/include/mgbf/mg_timers.mod
-- Installing: /scratch3/NCEPDEV/da/Andrew.Collard/git/GSI_CRTMv3_dev_cdf/install/include/mgbf/jp_pbfil2.mod
-- Installing: /scratch3/NCEPDEV/da/Andrew.Collard/git/GSI_CRTMv3_dev_cdf/install/include/mgbf/mg_intstate@mg_transfer.smod
-- Installing: /scratch3/NCEPDEV/da/Andrew.Collard/git/GSI_CRTMv3_dev_cdf/install/include/mgbf/jp_pmat4.mod
-- Installing: /scratch3/NCEPDEV/da/Andrew.Collard/git/GSI_CRTMv3_dev_cdf/install/include/mgbf/mg_parameter@jp_pbfil.smod
-- Installing: /scratch3/NCEPDEV/da/Andrew.Collard/git/GSI_CRTMv3_dev_cdf/install/include/mgbf/jp_pmat.mod
-- Installing: /scratch3/NCEPDEV/da/Andrew.Collard/git/GSI_CRTMv3_dev_cdf/install/include/mgbf/jp_pkind2.mod
-- Installing: /scratch3/NCEPDEV/da/Andrew.Collard/git/GSI_CRTMv3_dev_cdf/install/include/mgbf/mg_parameter@mg_domain_loc.smod
-- Installing: /scratch3/NCEPDEV/da/Andrew.Collard/git/GSI_CRTMv3_dev_cdf/install/include/mgbf/mg_intstate@mg_entrymod.smod
-- Installing: /scratch3/NCEPDEV/da/Andrew.Collard/git/GSI_CRTMv3_dev_cdf/install/include/mgbf/mg_intstate.mod
-- Installing: /scratch3/NCEPDEV/da/Andrew.Collard/git/GSI_CRTMv3_dev_cdf/install/include/mgbf/mg_parameter@mg_mppstuff.smod
-- Installing: /scratch3/NCEPDEV/da/Andrew.Collard/git/GSI_CRTMv3_dev_cdf/install/include/mgbf/jp_pkind.mod
-- Installing: /scratch3/NCEPDEV/da/Andrew.Collard/git/GSI_CRTMv3_dev_cdf/install/include/mgbf/mg_intstate@mg_filtering.smod
-- Installing: /scratch3/NCEPDEV/da/Andrew.Collard/git/GSI_CRTMv3_dev_cdf/install/include/mgbf/mg_intstate@mg_bocos.smod
-- Installing: /scratch3/NCEPDEV/da/Andrew.Collard/git/GSI_CRTMv3_dev_cdf/install/lib64/libmgbf.a
-- Installing: /scratch3/NCEPDEV/da/Andrew.Collard/git/GSI_CRTMv3_dev_cdf/install/lib64/cmake/mgbf/mgbf-config.cmake
-- Installing: /scratch3/NCEPDEV/da/Andrew.Collard/git/GSI_CRTMv3_dev_cdf/install/lib64/cmake/mgbf/mgbf-config-version.cmake
-- Installing: /scratch3/NCEPDEV/da/Andrew.Collard/git/GSI_CRTMv3_dev_cdf/install/lib64/cmake/mgbf/mgbf-targets.cmake
-- Installing: /scratch3/NCEPDEV/da/Andrew.Collard/git/GSI_CRTMv3_dev_cdf/install/lib64/cmake/mgbf/mgbf-targets-release.cmake
-- Up-to-date: /scratch3/NCEPDEV/da/Andrew.Collard/git/GSI_CRTMv3_dev_cdf/install/include/gsi
-- Installing: /scratch3/NCEPDEV/da/Andrew.Collard/git/GSI_CRTMv3_dev_cdf/install/include/gsi/sfcobsqc.mod
-- Installing: /scratch3/NCEPDEV/da/Andrew.Collard/git/GSI_CRTMv3_dev_cdf/install/include/gsi/stpsstmod.mod
-- Installing: /scratch3/NCEPDEV/da/Andrew.Collard/git/GSI_CRTMv3_dev_cdf/install/include/gsi/m_wnode.mod
-- Installing: /scratch3/NCEPDEV/da/Andrew.Collard/git/GSI_CRTMv3_dev_cdf/install/include/gsi/m_gpsrhs.mod
-- Installing: /scratch3/NCEPDEV/da/Andrew.Collard/git/GSI_CRTMv3_dev_cdf/install/include/gsi/helmholtz_fmg_mod.mod
-- Installing: /scratch3/NCEPDEV/da/Andrew.Collard/git/GSI_CRTMv3_dev_cdf/install/include/gsi/wrf_params_mod.mod
-- Installing: /scratch3/NCEPDEV/da/Andrew.Collard/git/GSI_CRTMv3_dev_cdf/install/include/gsi/gsi_metguess_mod.mod
-- Installing: /scratch3/NCEPDEV/da/Andrew.Collard/git/GSI_CRTMv3_dev_cdf/install/include/gsi/intfedmod.mod
-- Installing: /scratch3/NCEPDEV/da/Andrew.Collard/git/GSI_CRTMv3_dev_cdf/install/include/gsi/m_wspd10mnode.mod
-- Installing: /scratch3/NCEPDEV/da/Andrew.Collard/git/GSI_CRTMv3_dev_cdf/install/include/gsi/stppm10mod.mod
-- Installing: /scratch3/NCEPDEV/da/Andrew.Collard/git/GSI_CRTMv3_dev_cdf/install/include/gsi/vis_setup.mod
-- Installing: /scratch3/NCEPDEV/da/Andrew.Collard/git/GSI_CRTMv3_dev_cdf/install/include/gsi/insitu_info.mod
-- Installing: /scratch3/NCEPDEV/da/Andrew.Collard/git/GSI_CRTMv3_dev_cdf/install/include/gsi/gsi_swcpoper.mod
-- Installing: /scratch3/NCEPDEV/da/Andrew.Collard/git/GSI_CRTMv3_dev_cdf/install/include/gsi/gpsbend_setup.mod
-- Installing: /scratch3/NCEPDEV/da/Andrew.Collard/git/GSI_CRTMv3_dev_cdf/install/include/gsi/gsimod.mod
-- Installing: /scratch3/NCEPDEV/da/Andrew.Collard/git/GSI_CRTMv3_dev_cdf/install/include/gsi/timermod.mod
-- Installing: /scratch3/NCEPDEV/da/Andrew.Collard/git/GSI_CRTMv3_dev_cdf/install/include/gsi/intaodmod.mod
-- Installing: /scratch3/NCEPDEV/da/Andrew.Collard/git/GSI_CRTMv3_dev_cdf/install/include/gsi/gsi_bundlemod.mod
-- Installing: /scratch3/NCEPDEV/da/Andrew.Collard/git/GSI_CRTMv3_dev_cdf/install/include/gsi/cloud_efr_mod.mod
-- Installing: /scratch3/NCEPDEV/da/Andrew.Collard/git/GSI_CRTMv3_dev_cdf/install/include/gsi/obs_ferrscale.mod
-- Installing: /scratch3/NCEPDEV/da/Andrew.Collard/git/GSI_CRTMv3_dev_cdf/install/include/gsi/m_uniq.mod
-- Installing: /scratch3/NCEPDEV/da/Andrew.Collard/git/GSI_CRTMv3_dev_cdf/install/include/gsi/gsi_mxtmoper.mod
-- Installing: /scratch3/NCEPDEV/da/Andrew.Collard/git/GSI_CRTMv3_dev_cdf/install/include/gsi/m_mitmnode.mod
-- Installing: /scratch3/NCEPDEV/da/Andrew.Collard/git/GSI_CRTMv3_dev_cdf/install/include/gsi/inttcpmod.mod
-- Installing: /scratch3/NCEPDEV/da/Andrew.Collard/git/GSI_CRTMv3_dev_cdf/install/include/gsi/gsi_lcbasoper.mod
-- Installing: /scratch3/NCEPDEV/da/Andrew.Collard/git/GSI_CRTMv3_dev_cdf/install/include/gsi/obsmod.mod
-- Installing: /scratch3/NCEPDEV/da/Andrew.Collard/git/GSI_CRTMv3_dev_cdf/install/include/gsi/gsi_lightoper.mod
-- Installing: /scratch3/NCEPDEV/da/Andrew.Collard/git/GSI_CRTMv3_dev_cdf/install/include/gsi/intpblhmod.mod
-- Installing: /scratch3/NCEPDEV/da/Andrew.Collard/git/GSI_CRTMv3_dev_cdf/install/include/gsi/stpcomod.mod
-- Installing: /scratch3/NCEPDEV/da/Andrew.Collard/git/GSI_CRTMv3_dev_cdf/install/include/gsi/stplightmod.mod
-- Installing: /scratch3/NCEPDEV/da/Andrew.Collard/git/GSI_CRTMv3_dev_cdf/install/include/gsi/kinds.mod
-- Installing: /scratch3/NCEPDEV/da/Andrew.Collard/git/GSI_CRTMv3_dev_cdf/install/include/gsi/mpl_allreducemod.mod
-- Installing: /scratch3/NCEPDEV/da/Andrew.Collard/git/GSI_CRTMv3_dev_cdf/install/include/gsi/m_stats.mod
-- Installing: /scratch3/NCEPDEV/da/Andrew.Collard/git/GSI_CRTMv3_dev_cdf/install/include/gsi/converr_t.mod
-- Installing: /scratch3/NCEPDEV/da/Andrew.Collard/git/GSI_CRTMv3_dev_cdf/install/include/gsi/chemmod.mod
-- Installing: /scratch3/NCEPDEV/da/Andrew.Collard/git/GSI_CRTMv3_dev_cdf/install/include/gsi/gsi_cldchoper.mod
-- Installing: /scratch3/NCEPDEV/da/Andrew.Collard/git/GSI_CRTMv3_dev_cdf/install/include/gsi/state_vectors.mod
-- Installing: /scratch3/NCEPDEV/da/Andrew.Collard/git/GSI_CRTMv3_dev_cdf/install/include/gsi/abstract_wrwrfnmma_mod.mod
-- Installing: /scratch3/NCEPDEV/da/Andrew.Collard/git/GSI_CRTMv3_dev_cdf/install/include/gsi/intwmod.mod
-- Installing: /scratch3/NCEPDEV/da/Andrew.Collard/git/GSI_CRTMv3_dev_cdf/install/include/gsi/phil.mod
-- Installing: /scratch3/NCEPDEV/da/Andrew.Collard/git/GSI_CRTMv3_dev_cdf/install/include/gsi/mitm_setup.mod
-- Installing: /scratch3/NCEPDEV/da/Andrew.Collard/git/GSI_CRTMv3_dev_cdf/install/include/gsi/blacklist.mod
-- Installing: /scratch3/NCEPDEV/da/Andrew.Collard/git/GSI_CRTMv3_dev_cdf/install/include/gsi/pcpinfo.mod
-- Installing: /scratch3/NCEPDEV/da/Andrew.Collard/git/GSI_CRTMv3_dev_cdf/install/include/gsi/swcp_setup.mod
-- Installing: /scratch3/NCEPDEV/da/Andrew.Collard/git/GSI_CRTMv3_dev_cdf/install/include/gsi/read_obsmod.mod
-- Installing: /scratch3/NCEPDEV/da/Andrew.Collard/git/GSI_CRTMv3_dev_cdf/install/include/gsi/read_diag.mod
-- Installing: /scratch3/NCEPDEV/da/Andrew.Collard/git/GSI_CRTMv3_dev_cdf/install/include/gsi/netcdfgfs_io.mod
-- Installing: /scratch3/NCEPDEV/da/Andrew.Collard/git/GSI_CRTMv3_dev_cdf/install/include/gsi/satthin.mod
-- Installing: /scratch3/NCEPDEV/da/Andrew.Collard/git/GSI_CRTMv3_dev_cdf/install/include/gsi/intlightmod.mod
-- Installing: /scratch3/NCEPDEV/da/Andrew.Collard/git/GSI_CRTMv3_dev_cdf/install/include/gsi/intgustmod.mod
-- Installing: /scratch3/NCEPDEV/da/Andrew.Collard/git/GSI_CRTMv3_dev_cdf/install/include/gsi/strong_fast_global_mod.mod
-- Installing: /scratch3/NCEPDEV/da/Andrew.Collard/git/GSI_CRTMv3_dev_cdf/install/include/gsi/deter_sfc_mod.mod
-- Installing: /scratch3/NCEPDEV/da/Andrew.Collard/git/GSI_CRTMv3_dev_cdf/install/include/gsi/td2m_setup.mod
-- Installing: /scratch3/NCEPDEV/da/Andrew.Collard/git/GSI_CRTMv3_dev_cdf/install/include/gsi/read_wrf_mass_files_mod.mod
-- Installing: /scratch3/NCEPDEV/da/Andrew.Collard/git/GSI_CRTMv3_dev_cdf/install/include/gsi/abstract_read_wrf_mass_guess_mod.mod
-- Installing: /scratch3/NCEPDEV/da/Andrew.Collard/git/GSI_CRTMv3_dev_cdf/install/include/gsi/m_o3lnode.mod
-- Installing: /scratch3/NCEPDEV/da/Andrew.Collard/git/GSI_CRTMv3_dev_cdf/install/include/gsi/m_sstnode.mod
-- Installing: /scratch3/NCEPDEV/da/Andrew.Collard/git/GSI_CRTMv3_dev_cdf/install/include/gsi/sst_retrieval.mod
-- Installing: /scratch3/NCEPDEV/da/Andrew.Collard/git/GSI_CRTMv3_dev_cdf/install/include/gsi/m_colvknode.mod
-- Installing: /scratch3/NCEPDEV/da/Andrew.Collard/git/GSI_CRTMv3_dev_cdf/install/include/gsi/gnssrspd_setup.mod
-- Installing: /scratch3/NCEPDEV/da/Andrew.Collard/git/GSI_CRTMv3_dev_cdf/install/include/gsi/m_visnode.mod
-- Installing: /scratch3/NCEPDEV/da/Andrew.Collard/git/GSI_CRTMv3_dev_cdf/install/include/gsi/stppmslmod.mod
-- Installing: /scratch3/NCEPDEV/da/Andrew.Collard/git/GSI_CRTMv3_dev_cdf/install/include/gsi/gsi_obopertypemanager.mod
-- Installing: /scratch3/NCEPDEV/da/Andrew.Collard/git/GSI_CRTMv3_dev_cdf/install/include/gsi/adjust_cloudobs_mod.mod
-- Installing: /scratch3/NCEPDEV/da/Andrew.Collard/git/GSI_CRTMv3_dev_cdf/install/include/gsi/general_sub2grid_mod.mod
-- Installing: /scratch3/NCEPDEV/da/Andrew.Collard/git/GSI_CRTMv3_dev_cdf/install/include/gsi/hilbertcurve.mod
-- Installing: /scratch3/NCEPDEV/da/Andrew.Collard/git/GSI_CRTMv3_dev_cdf/install/include/gsi/buddycheck_mod.mod
-- Installing: /scratch3/NCEPDEV/da/Andrew.Collard/git/GSI_CRTMv3_dev_cdf/install/include/gsi/m_tick.mod
-- Installing: /scratch3/NCEPDEV/da/Andrew.Collard/git/GSI_CRTMv3_dev_cdf/install/include/gsi/general_tll2xy_mod.mod
-- Installing: /scratch3/NCEPDEV/da/Andrew.Collard/git/GSI_CRTMv3_dev_cdf/install/include/gsi/mod_wrfmass_to_a.mod
-- Installing: /scratch3/NCEPDEV/da/Andrew.Collard/git/GSI_CRTMv3_dev_cdf/install/include/gsi/intmxtmmod.mod
-- Installing: /scratch3/NCEPDEV/da/Andrew.Collard/git/GSI_CRTMv3_dev_cdf/install/include/gsi/converr.mod
-- Installing: /scratch3/NCEPDEV/da/Andrew.Collard/git/GSI_CRTMv3_dev_cdf/install/include/gsi/intgpsmod.mod
-- Installing: /scratch3/NCEPDEV/da/Andrew.Collard/git/GSI_CRTMv3_dev_cdf/install/include/gsi/m_spdnode.mod
-- Installing: /scratch3/NCEPDEV/da/Andrew.Collard/git/GSI_CRTMv3_dev_cdf/install/include/gsi/inttd2mmod.mod
-- Installing: /scratch3/NCEPDEV/da/Andrew.Collard/git/GSI_CRTMv3_dev_cdf/install/include/gsi/read_wrf_mass_guess_mod.mod
-- Installing: /scratch3/NCEPDEV/da/Andrew.Collard/git/GSI_CRTMv3_dev_cdf/install/include/gsi/m_obsnodetypemanager.mod
-- Installing: /scratch3/NCEPDEV/da/Andrew.Collard/git/GSI_CRTMv3_dev_cdf/install/include/gsi/stpwspd10mmod.mod
-- Installing: /scratch3/NCEPDEV/da/Andrew.Collard/git/GSI_CRTMv3_dev_cdf/install/include/gsi/gpsref_setup.mod
-- Installing: /scratch3/NCEPDEV/da/Andrew.Collard/git/GSI_CRTMv3_dev_cdf/install/include/gsi/stpcalcmod.mod
-- Installing: /scratch3/NCEPDEV/da/Andrew.Collard/git/GSI_CRTMv3_dev_cdf/install/include/gsi/rad_setup.mod
-- Installing: /scratch3/NCEPDEV/da/Andrew.Collard/git/GSI_CRTMv3_dev_cdf/install/include/gsi/gsi_gnssrspdoper.mod
-- Installing: /scratch3/NCEPDEV/da/Andrew.Collard/git/GSI_CRTMv3_dev_cdf/install/include/gsi/observermod.mod
-- Installing: /scratch3/NCEPDEV/da/Andrew.Collard/git/GSI_CRTMv3_dev_cdf/install/include/gsi/hybrid_ensemble_isotropic.mod
-- Installing: /scratch3/NCEPDEV/da/Andrew.Collard/git/GSI_CRTMv3_dev_cdf/install/include/gsi/intvismod.mod
-- Installing: /scratch3/NCEPDEV/da/Andrew.Collard/git/GSI_CRTMv3_dev_cdf/install/include/gsi/intspdmod.mod
-- Installing: /scratch3/NCEPDEV/da/Andrew.Collard/git/GSI_CRTMv3_dev_cdf/install/include/gsi/w_setup.mod
-- Installing: /scratch3/NCEPDEV/da/Andrew.Collard/git/GSI_CRTMv3_dev_cdf/install/include/gsi/gsi_rwoper.mod
-- Installing: /scratch3/NCEPDEV/da/Andrew.Collard/git/GSI_CRTMv3_dev_cdf/install/include/gsi/stptcpmod.mod
-- Installing: /scratch3/NCEPDEV/da/Andrew.Collard/git/GSI_CRTMv3_dev_cdf/install/include/gsi/stpmitmmod.mod
-- Installing: /scratch3/NCEPDEV/da/Andrew.Collard/git/GSI_CRTMv3_dev_cdf/install/include/gsi/gfs_stratosphere.mod
-- Installing: /scratch3/NCEPDEV/da/Andrew.Collard/git/GSI_CRTMv3_dev_cdf/install/include/gsi/derivsmod.mod
-- Installing: /scratch3/NCEPDEV/da/Andrew.Collard/git/GSI_CRTMv3_dev_cdf/install/include/gsi/tcv_mod.mod
-- Installing: /scratch3/NCEPDEV/da/Andrew.Collard/git/GSI_CRTMv3_dev_cdf/install/include/gsi/abstract_read_wrf_nmm_guess_mod.mod
-- Installing: /scratch3/NCEPDEV/da/Andrew.Collard/git/GSI_CRTMv3_dev_cdf/install/include/gsi/aux2dvarflds.mod
-- Installing: /scratch3/NCEPDEV/da/Andrew.Collard/git/GSI_CRTMv3_dev_cdf/install/include/gsi/gsi_fixture.mod
-- Installing: /scratch3/NCEPDEV/da/Andrew.Collard/git/GSI_CRTMv3_dev_cdf/install/include/gsi/intcomod.mod
-- Installing: /scratch3/NCEPDEV/da/Andrew.Collard/git/GSI_CRTMv3_dev_cdf/install/include/gsi/gsi_pcpoper.mod
-- Installing: /scratch3/NCEPDEV/da/Andrew.Collard/git/GSI_CRTMv3_dev_cdf/install/include/gsi/m_radnode.mod
-- Installing: /scratch3/NCEPDEV/da/Andrew.Collard/git/GSI_CRTMv3_dev_cdf/install/include/gsi/mod_strong.mod
-- Installing: /scratch3/NCEPDEV/da/Andrew.Collard/git/GSI_CRTMv3_dev_cdf/install/include/gsi/pm10_setup.mod
-- Installing: /scratch3/NCEPDEV/da/Andrew.Collard/git/GSI_CRTMv3_dev_cdf/install/include/gsi/pmat.mod
-- Installing: /scratch3/NCEPDEV/da/Andrew.Collard/git/GSI_CRTMv3_dev_cdf/install/include/gsi/mpimod.mod
-- Installing: /scratch3/NCEPDEV/da/Andrew.Collard/git/GSI_CRTMv3_dev_cdf/install/include/gsi/bicglanczos.mod
-- Installing: /scratch3/NCEPDEV/da/Andrew.Collard/git/GSI_CRTMv3_dev_cdf/install/include/gsi/wrwrfnmma_mod.mod
-- Installing: /scratch3/NCEPDEV/da/Andrew.Collard/git/GSI_CRTMv3_dev_cdf/install/include/gsi/stpradmod.mod
-- Installing: /scratch3/NCEPDEV/da/Andrew.Collard/git/GSI_CRTMv3_dev_cdf/install/include/gsi/m_rerank.mod
-- Installing: /scratch3/NCEPDEV/da/Andrew.Collard/git/GSI_CRTMv3_dev_cdf/install/include/gsi/intpm10mod.mod
-- Installing: /scratch3/NCEPDEV/da/Andrew.Collard/git/GSI_CRTMv3_dev_cdf/install/include/gsi/gridmod.mod
-- Installing: /scratch3/NCEPDEV/da/Andrew.Collard/git/GSI_CRTMv3_dev_cdf/install/include/gsi/convinfo.mod
-- Installing: /scratch3/NCEPDEV/da/Andrew.Collard/git/GSI_CRTMv3_dev_cdf/install/include/gsi/intlcbasmod.mod
-- Installing: /scratch3/NCEPDEV/da/Andrew.Collard/git/GSI_CRTMv3_dev_cdf/install/include/gsi/stpozmod.mod
-- Installing: /scratch3/NCEPDEV/da/Andrew.Collard/git/GSI_CRTMv3_dev_cdf/install/include/gsi/abstract_get_wrf_mass_ensperts_mod.mod
-- Installing: /scratch3/NCEPDEV/da/Andrew.Collard/git/GSI_CRTMv3_dev_cdf/install/include/gsi/egrid2agrid_mod.mod
-- Installing: /scratch3/NCEPDEV/da/Andrew.Collard/git/GSI_CRTMv3_dev_cdf/install/include/gsi/stpvwnd10mmod.mod
-- Installing: /scratch3/NCEPDEV/da/Andrew.Collard/git/GSI_CRTMv3_dev_cdf/install/include/gsi/control_vectors.mod
-- Installing: /scratch3/NCEPDEV/da/Andrew.Collard/git/GSI_CRTMv3_dev_cdf/install/include/gsi/abstract_get_fv3_regional_ensperts_mod.mod
-- Installing: /scratch3/NCEPDEV/da/Andrew.Collard/git/GSI_CRTMv3_dev_cdf/install/include/gsi/fed_setup.mod
-- Installing: /scratch3/NCEPDEV/da/Andrew.Collard/git/GSI_CRTMv3_dev_cdf/install/include/gsi/abstract_read_wrf_nmm_files_mod.mod
-- Installing: /scratch3/NCEPDEV/da/Andrew.Collard/git/GSI_CRTMv3_dev_cdf/install/include/gsi/atms_spatial_average_mod.mod
-- Installing: /scratch3/NCEPDEV/da/Andrew.Collard/git/GSI_CRTMv3_dev_cdf/install/include/gsi/intpsmod.mod
-- Installing: /scratch3/NCEPDEV/da/Andrew.Collard/git/GSI_CRTMv3_dev_cdf/install/include/gsi/write_incr.mod
-- Installing: /scratch3/NCEPDEV/da/Andrew.Collard/git/GSI_CRTMv3_dev_cdf/install/include/gsi/gsi_rfv3io_mod.mod
-- Installing: /scratch3/NCEPDEV/da/Andrew.Collard/git/GSI_CRTMv3_dev_cdf/install/include/gsi/correlated_obsmod.mod
-- Installing: /scratch3/NCEPDEV/da/Andrew.Collard/git/GSI_CRTMv3_dev_cdf/install/include/gsi/gsi_pblhoper.mod
-- Installing: /scratch3/NCEPDEV/da/Andrew.Collard/git/GSI_CRTMv3_dev_cdf/install/include/gsi/gsi_4dvar.mod
-- Installing: /scratch3/NCEPDEV/da/Andrew.Collard/git/GSI_CRTMv3_dev_cdf/install/include/gsi/calc_fov_crosstrk.mod
-- Installing: /scratch3/NCEPDEV/da/Andrew.Collard/git/GSI_CRTMv3_dev_cdf/install/include/gsi/m_distance.mod
-- Installing: /scratch3/NCEPDEV/da/Andrew.Collard/git/GSI_CRTMv3_dev_cdf/install/include/gsi/native_endianness.mod
-- Installing: /scratch3/NCEPDEV/da/Andrew.Collard/git/GSI_CRTMv3_dev_cdf/install/include/gsi/gsi_nemsio_mod.mod
-- Installing: /scratch3/NCEPDEV/da/Andrew.Collard/git/GSI_CRTMv3_dev_cdf/install/include/gsi/stpfedmod.mod
-- Installing: /scratch3/NCEPDEV/da/Andrew.Collard/git/GSI_CRTMv3_dev_cdf/install/include/gsi/module_pmat1.mod
-- Installing: /scratch3/NCEPDEV/da/Andrew.Collard/git/GSI_CRTMv3_dev_cdf/install/include/gsi/intwspd10mmod.mod
-- Installing: /scratch3/NCEPDEV/da/Andrew.Collard/git/GSI_CRTMv3_dev_cdf/install/include/gsi/write_fv3_enspread_mod.mod
-- Installing: /scratch3/NCEPDEV/da/Andrew.Collard/git/GSI_CRTMv3_dev_cdf/install/include/gsi/stpaodmod.mod
-- Installing: /scratch3/NCEPDEV/da/Andrew.Collard/git/GSI_CRTMv3_dev_cdf/install/include/gsi/abstract_get_wrf_binary_interface_mod.mod
-- Installing: /scratch3/NCEPDEV/da/Andrew.Collard/git/GSI_CRTMv3_dev_cdf/install/include/gsi/grdtest.mod
-- Installing: /scratch3/NCEPDEV/da/Andrew.Collard/git/GSI_CRTMv3_dev_cdf/install/include/gsi/stpgpsmod.mod
-- Installing: /scratch3/NCEPDEV/da/Andrew.Collard/git/GSI_CRTMv3_dev_cdf/install/include/gsi/abstract_get_pseudo_ensperts_mod.mod
-- Installing: /scratch3/NCEPDEV/da/Andrew.Collard/git/GSI_CRTMv3_dev_cdf/install/include/gsi/hybrid_ensemble_parameters.mod
-- Installing: /scratch3/NCEPDEV/da/Andrew.Collard/git/GSI_CRTMv3_dev_cdf/install/include/gsi/stub_ensmod.mod
-- Installing: /scratch3/NCEPDEV/da/Andrew.Collard/git/GSI_CRTMv3_dev_cdf/install/include/gsi/intsstmod.mod
-- Installing: /scratch3/NCEPDEV/da/Andrew.Collard/git/GSI_CRTMv3_dev_cdf/install/include/gsi/turblmod.mod
-- Installing: /scratch3/NCEPDEV/da/Andrew.Collard/git/GSI_CRTMv3_dev_cdf/install/include/gsi/mxtm_setup.mod
-- Installing: /scratch3/NCEPDEV/da/Andrew.Collard/git/GSI_CRTMv3_dev_cdf/install/include/gsi/gsi_io.mod
-- Installing: /scratch3/NCEPDEV/da/Andrew.Collard/git/GSI_CRTMv3_dev_cdf/install/include/gsi/intjcmod.mod
-- Installing: /scratch3/NCEPDEV/da/Andrew.Collard/git/GSI_CRTMv3_dev_cdf/install/include/gsi/gsi_4dcouplermod.mod
-- Installing: /scratch3/NCEPDEV/da/Andrew.Collard/git/GSI_CRTMv3_dev_cdf/install/include/gsi/stppsmod.mod
-- Installing: /scratch3/NCEPDEV/da/Andrew.Collard/git/GSI_CRTMv3_dev_cdf/install/include/gsi/stpspdmod.mod
-- Installing: /scratch3/NCEPDEV/da/Andrew.Collard/git/GSI_CRTMv3_dev_cdf/install/include/gsi/pcp_setup.mod
-- Installing: /scratch3/NCEPDEV/da/Andrew.Collard/git/GSI_CRTMv3_dev_cdf/install/include/gsi/m_rwnode.mod
-- Installing: /scratch3/NCEPDEV/da/Andrew.Collard/git/GSI_CRTMv3_dev_cdf/install/include/gsi/lcbas_setup.mod
-- Installing: /scratch3/NCEPDEV/da/Andrew.Collard/git/GSI_CRTMv3_dev_cdf/install/include/gsi/mod_fv3_lola.mod
-- Installing: /scratch3/NCEPDEV/da/Andrew.Collard/git/GSI_CRTMv3_dev_cdf/install/include/gsi/m_dgeevx.mod
-- Installing: /scratch3/NCEPDEV/da/Andrew.Collard/git/GSI_CRTMv3_dev_cdf/install/include/gsi/m_pm10node.mod
-- Installing: /scratch3/NCEPDEV/da/Andrew.Collard/git/GSI_CRTMv3_dev_cdf/install/include/gsi/intdbzmod.mod
-- Installing: /scratch3/NCEPDEV/da/Andrew.Collard/git/GSI_CRTMv3_dev_cdf/install/include/gsi/get_wrf_nmm_ensperts_mod.mod
-- Installing: /scratch3/NCEPDEV/da/Andrew.Collard/git/GSI_CRTMv3_dev_cdf/install/include/gsi/intvwnd10mmod.mod
-- Installing: /scratch3/NCEPDEV/da/Andrew.Collard/git/GSI_CRTMv3_dev_cdf/install/include/gsi/m_aeronode.mod
-- Installing: /scratch3/NCEPDEV/da/Andrew.Collard/git/GSI_CRTMv3_dev_cdf/install/include/gsi/stptd2mmod.mod
-- Installing: /scratch3/NCEPDEV/da/Andrew.Collard/git/GSI_CRTMv3_dev_cdf/install/include/gsi/constants.mod
-- Installing: /scratch3/NCEPDEV/da/Andrew.Collard/git/GSI_CRTMv3_dev_cdf/install/include/gsi/m_aerolnode.mod
-- Installing: /scratch3/NCEPDEV/da/Andrew.Collard/git/GSI_CRTMv3_dev_cdf/install/include/gsi/intjomod.mod
-- Installing: /scratch3/NCEPDEV/da/Andrew.Collard/git/GSI_CRTMv3_dev_cdf/install/include/gsi/anisofilter.mod
-- Installing: /scratch3/NCEPDEV/da/Andrew.Collard/git/GSI_CRTMv3_dev_cdf/install/include/gsi/gsi_mitmoper.mod
-- Installing: /scratch3/NCEPDEV/da/Andrew.Collard/git/GSI_CRTMv3_dev_cdf/install/include/gsi/m_oznode.mod
-- Installing: /scratch3/NCEPDEV/da/Andrew.Collard/git/GSI_CRTMv3_dev_cdf/install/include/gsi/convb_t.mod
-- Installing: /scratch3/NCEPDEV/da/Andrew.Collard/git/GSI_CRTMv3_dev_cdf/install/include/gsi/m_berror_stats.mod
-- Installing: /scratch3/NCEPDEV/da/Andrew.Collard/git/GSI_CRTMv3_dev_cdf/install/include/gsi/get_gfs_ensmod_mod.mod
-- Installing: /scratch3/NCEPDEV/da/Andrew.Collard/git/GSI_CRTMv3_dev_cdf/install/include/gsi/m_dwnode.mod
-- Installing: /scratch3/NCEPDEV/da/Andrew.Collard/git/GSI_CRTMv3_dev_cdf/install/include/gsi/radarz_cst.mod
-- Installing: /scratch3/NCEPDEV/da/Andrew.Collard/git/GSI_CRTMv3_dev_cdf/install/include/gsi/radarz_iface.mod
-- Installing: /scratch3/NCEPDEV/da/Andrew.Collard/git/GSI_CRTMv3_dev_cdf/install/include/gsi/abstract_wrwrfmassa_mod.mod
-- Installing: /scratch3/NCEPDEV/da/Andrew.Collard/git/GSI_CRTMv3_dev_cdf/install/include/gsi/rw_setup.mod
-- Installing: /scratch3/NCEPDEV/da/Andrew.Collard/git/GSI_CRTMv3_dev_cdf/install/include/gsi/converr_pw.mod
-- Installing: /scratch3/NCEPDEV/da/Andrew.Collard/git/GSI_CRTMv3_dev_cdf/install/include/gsi/set_crtm_aerosolmod.mod
-- Installing: /scratch3/NCEPDEV/da/Andrew.Collard/git/GSI_CRTMv3_dev_cdf/install/include/gsi/pm2_5_setup.mod
-- Installing: /scratch3/NCEPDEV/da/Andrew.Collard/git/GSI_CRTMv3_dev_cdf/install/include/gsi/converr_ps.mod
-- Installing: /scratch3/NCEPDEV/da/Andrew.Collard/git/GSI_CRTMv3_dev_cdf/install/include/gsi/read_wrf_nmm_guess_mod.mod
-- Installing: /scratch3/NCEPDEV/da/Andrew.Collard/git/GSI_CRTMv3_dev_cdf/install/include/gsi/gsi_tcpoper.mod
-- Installing: /scratch3/NCEPDEV/da/Andrew.Collard/git/GSI_CRTMv3_dev_cdf/install/include/gsi/m_pblhnode.mod
-- Installing: /scratch3/NCEPDEV/da/Andrew.Collard/git/GSI_CRTMv3_dev_cdf/install/include/gsi/intlagmod.mod
-- Installing: /scratch3/NCEPDEV/da/Andrew.Collard/git/GSI_CRTMv3_dev_cdf/install/include/gsi/aircraftinfo.mod
-- Installing: /scratch3/NCEPDEV/da/Andrew.Collard/git/GSI_CRTMv3_dev_cdf/install/include/gsi/mpeu_util.mod
-- Installing: /scratch3/NCEPDEV/da/Andrew.Collard/git/GSI_CRTMv3_dev_cdf/install/include/gsi/gsi_woper.mod
-- Installing: /scratch3/NCEPDEV/da/Andrew.Collard/git/GSI_CRTMv3_dev_cdf/install/include/gsi/convb_uv.mod
-- Installing: /scratch3/NCEPDEV/da/Andrew.Collard/git/GSI_CRTMv3_dev_cdf/install/include/gsi/dbz_setup.mod
-- Installing: /scratch3/NCEPDEV/da/Andrew.Collard/git/GSI_CRTMv3_dev_cdf/install/include/gsi/hdraobmod.mod
-- Installing: /scratch3/NCEPDEV/da/Andrew.Collard/git/GSI_CRTMv3_dev_cdf/install/include/gsi/gust_setup.mod
-- Installing: /scratch3/NCEPDEV/da/Andrew.Collard/git/GSI_CRTMv3_dev_cdf/install/include/gsi/xhat_vordivmod.mod
-- Installing: /scratch3/NCEPDEV/da/Andrew.Collard/git/GSI_CRTMv3_dev_cdf/install/include/gsi/gsi_vwnd10moper.mod
-- Installing: /scratch3/NCEPDEV/da/Andrew.Collard/git/GSI_CRTMv3_dev_cdf/install/include/gsi/m_berror_stats_reg.mod
-- Installing: /scratch3/NCEPDEV/da/Andrew.Collard/git/GSI_CRTMv3_dev_cdf/install/include/gsi/uwnd10m_setup.mod
-- Installing: /scratch3/NCEPDEV/da/Andrew.Collard/git/GSI_CRTMv3_dev_cdf/install/include/gsi/stppblhmod.mod
-- Installing: /scratch3/NCEPDEV/da/Andrew.Collard/git/GSI_CRTMv3_dev_cdf/install/include/gsi/intuwnd10mmod.mod
-- Installing: /scratch3/NCEPDEV/da/Andrew.Collard/git/GSI_CRTMv3_dev_cdf/install/include/gsi/converr_uv.mod
-- Installing: /scratch3/NCEPDEV/da/Andrew.Collard/git/GSI_CRTMv3_dev_cdf/install/include/gsi/m_obsnode.mod
-- Installing: /scratch3/NCEPDEV/da/Andrew.Collard/git/GSI_CRTMv3_dev_cdf/install/include/gsi/dw_setup.mod
-- Installing: /scratch3/NCEPDEV/da/Andrew.Collard/git/GSI_CRTMv3_dev_cdf/install/include/gsi/m_obsdiags.mod
-- Installing: /scratch3/NCEPDEV/da/Andrew.Collard/git/GSI_CRTMv3_dev_cdf/install/include/gsi/t_setup.mod
-- Installing: /scratch3/NCEPDEV/da/Andrew.Collard/git/GSI_CRTMv3_dev_cdf/install/include/gsi/stptmod.mod
-- Installing: /scratch3/NCEPDEV/da/Andrew.Collard/git/GSI_CRTMv3_dev_cdf/install/include/gsi/coinfo.mod
-- Installing: /scratch3/NCEPDEV/da/Andrew.Collard/git/GSI_CRTMv3_dev_cdf/install/include/gsi/stphowvmod.mod
-- Installing: /scratch3/NCEPDEV/da/Andrew.Collard/git/GSI_CRTMv3_dev_cdf/install/include/gsi/stpjcmod.mod
-- Installing: /scratch3/NCEPDEV/da/Andrew.Collard/git/GSI_CRTMv3_dev_cdf/install/include/gsi/omegas_ad_mod.mod
-- Installing: /scratch3/NCEPDEV/da/Andrew.Collard/git/GSI_CRTMv3_dev_cdf/install/include/gsi/intozmod.mod
-- Installing: /scratch3/NCEPDEV/da/Andrew.Collard/git/GSI_CRTMv3_dev_cdf/install/include/gsi/aniso_ens_util.mod
-- Installing: /scratch3/NCEPDEV/da/Andrew.Collard/git/GSI_CRTMv3_dev_cdf/install/include/gsi/guess_grids.mod
-- Installing: /scratch3/NCEPDEV/da/Andrew.Collard/git/GSI_CRTMv3_dev_cdf/install/include/gsi/gsi_gustoper.mod
-- Installing: /scratch3/NCEPDEV/da/Andrew.Collard/git/GSI_CRTMv3_dev_cdf/install/include/gsi/m_nc_berror.mod
-- Installing: /scratch3/NCEPDEV/da/Andrew.Collard/git/GSI_CRTMv3_dev_cdf/install/include/gsi/wind_fft.mod
-- Installing: /scratch3/NCEPDEV/da/Andrew.Collard/git/GSI_CRTMv3_dev_cdf/install/include/gsi/lag_setup.mod
-- Installing: /scratch3/NCEPDEV/da/Andrew.Collard/git/GSI_CRTMv3_dev_cdf/install/include/gsi/stpjomod.mod
-- Installing: /scratch3/NCEPDEV/da/Andrew.Collard/git/GSI_CRTMv3_dev_cdf/install/include/gsi/ndfdgrids.mod
-- Installing: /scratch3/NCEPDEV/da/Andrew.Collard/git/GSI_CRTMv3_dev_cdf/install/include/gsi/gsi_oboper.mod
-- Installing: /scratch3/NCEPDEV/da/Andrew.Collard/git/GSI_CRTMv3_dev_cdf/install/include/gsi/module_pmat2.mod
-- Installing: /scratch3/NCEPDEV/da/Andrew.Collard/git/GSI_CRTMv3_dev_cdf/install/include/gsi/wrwrfmassa_mod.mod
-- Installing: /scratch3/NCEPDEV/da/Andrew.Collard/git/GSI_CRTMv3_dev_cdf/install/include/gsi/ncepnems_io.mod
-- Installing: /scratch3/NCEPDEV/da/Andrew.Collard/git/GSI_CRTMv3_dev_cdf/install/include/gsi/psort.mod
-- Installing: /scratch3/NCEPDEV/da/Andrew.Collard/git/GSI_CRTMv3_dev_cdf/install/include/gsi/m_obsllist.mod
-- Installing: /scratch3/NCEPDEV/da/Andrew.Collard/git/GSI_CRTMv3_dev_cdf/install/include/gsi/m_gpsnode.mod
-- Installing: /scratch3/NCEPDEV/da/Andrew.Collard/git/GSI_CRTMv3_dev_cdf/install/include/gsi/m_vwnd10mnode.mod
-- Installing: /scratch3/NCEPDEV/da/Andrew.Collard/git/GSI_CRTMv3_dev_cdf/install/include/gsi/gsd_update_mod.mod
-- Installing: /scratch3/NCEPDEV/da/Andrew.Collard/git/GSI_CRTMv3_dev_cdf/install/include/gsi/mod_vtrans.mod
-- Installing: /scratch3/NCEPDEV/da/Andrew.Collard/git/GSI_CRTMv3_dev_cdf/install/include/gsi/gsi_lwcpoper.mod
-- Installing: /scratch3/NCEPDEV/da/Andrew.Collard/git/GSI_CRTMv3_dev_cdf/install/include/gsi/cldtot_setup.mod
-- Installing: /scratch3/NCEPDEV/da/Andrew.Collard/git/GSI_CRTMv3_dev_cdf/install/include/gsi/jcmod.mod
-- Installing: /scratch3/NCEPDEV/da/Andrew.Collard/git/GSI_CRTMv3_dev_cdf/install/include/gsi/abstract_get_wrf_nmm_ensperts_mod.mod
-- Installing: /scratch3/NCEPDEV/da/Andrew.Collard/git/GSI_CRTMv3_dev_cdf/install/include/gsi/radiance_mod.mod
-- Installing: /scratch3/NCEPDEV/da/Andrew.Collard/git/GSI_CRTMv3_dev_cdf/install/include/gsi/gsi_o3loper.mod
-- Installing: /scratch3/NCEPDEV/da/Andrew.Collard/git/GSI_CRTMv3_dev_cdf/install/include/gsi/m_gustnode.mod
-- Installing: /scratch3/NCEPDEV/da/Andrew.Collard/git/GSI_CRTMv3_dev_cdf/install/include/gsi/gsi_qoper.mod
-- Installing: /scratch3/NCEPDEV/da/Andrew.Collard/git/GSI_CRTMv3_dev_cdf/install/include/gsi/into3lmod.mod
-- Installing: /scratch3/NCEPDEV/da/Andrew.Collard/git/GSI_CRTMv3_dev_cdf/install/include/gsi/gsi_bias.mod
-- Installing: /scratch3/NCEPDEV/da/Andrew.Collard/git/GSI_CRTMv3_dev_cdf/install/include/gsi/lanczos.mod
-- Installing: /scratch3/NCEPDEV/da/Andrew.Collard/git/GSI_CRTMv3_dev_cdf/install/include/gsi/gsi_radoper.mod
-- Installing: /scratch3/NCEPDEV/da/Andrew.Collard/git/GSI_CRTMv3_dev_cdf/install/include/gsi/m_lagnode.mod
-- Installing: /scratch3/NCEPDEV/da/Andrew.Collard/git/GSI_CRTMv3_dev_cdf/install/include/gsi/pvqc.mod
-- Installing: /scratch3/NCEPDEV/da/Andrew.Collard/git/GSI_CRTMv3_dev_cdf/install/include/gsi/bias_predictors.mod
-- Installing: /scratch3/NCEPDEV/da/Andrew.Collard/git/GSI_CRTMv3_dev_cdf/install/include/gsi/ncepgfs_ghg.mod
-- Installing: /scratch3/NCEPDEV/da/Andrew.Collard/git/GSI_CRTMv3_dev_cdf/install/include/gsi/m_howvnode.mod
-- Installing: /scratch3/NCEPDEV/da/Andrew.Collard/git/GSI_CRTMv3_dev_cdf/install/include/gsi/m_cvgridlookup.mod
-- Installing: /scratch3/NCEPDEV/da/Andrew.Collard/git/GSI_CRTMv3_dev_cdf/install/include/gsi/intcldchmod.mod
-- Installing: /scratch3/NCEPDEV/da/Andrew.Collard/git/GSI_CRTMv3_dev_cdf/install/include/gsi/m_psnode.mod
-- Installing: /scratch3/NCEPDEV/da/Andrew.Collard/git/GSI_CRTMv3_dev_cdf/install/include/gsi/m_swcpnode.mod
-- Installing: /scratch3/NCEPDEV/da/Andrew.Collard/git/GSI_CRTMv3_dev_cdf/install/include/gsi/m_gpsstats.mod
-- Installing: /scratch3/NCEPDEV/da/Andrew.Collard/git/GSI_CRTMv3_dev_cdf/install/include/gsi/gsi_ozoper.mod
-- Installing: /scratch3/NCEPDEV/da/Andrew.Collard/git/GSI_CRTMv3_dev_cdf/install/include/gsi/general_specmod.mod
-- Installing: /scratch3/NCEPDEV/da/Andrew.Collard/git/GSI_CRTMv3_dev_cdf/install/include/gsi/stppwmod.mod
-- Installing: /scratch3/NCEPDEV/da/Andrew.Collard/git/GSI_CRTMv3_dev_cdf/install/include/gsi/colvk_setup.mod
-- Installing: /scratch3/NCEPDEV/da/Andrew.Collard/git/GSI_CRTMv3_dev_cdf/install/include/gsi/module_fitcons.mod
-- Installing: /scratch3/NCEPDEV/da/Andrew.Collard/git/GSI_CRTMv3_dev_cdf/install/include/gsi/intpmslmod.mod
-- Installing: /scratch3/NCEPDEV/da/Andrew.Collard/git/GSI_CRTMv3_dev_cdf/install/include/gsi/phil1.mod
-- Installing: /scratch3/NCEPDEV/da/Andrew.Collard/git/GSI_CRTMv3_dev_cdf/install/include/gsi/stplwcpmod.mod
-- Installing: /scratch3/NCEPDEV/da/Andrew.Collard/git/GSI_CRTMv3_dev_cdf/install/include/gsi/gsi_colvkoper.mod
-- Installing: /scratch3/NCEPDEV/da/Andrew.Collard/git/GSI_CRTMv3_dev_cdf/install/include/gsi/aircraftobsqc.mod
-- Installing: /scratch3/NCEPDEV/da/Andrew.Collard/git/GSI_CRTMv3_dev_cdf/install/include/gsi/wspd10m_setup.mod
-- Installing: /scratch3/NCEPDEV/da/Andrew.Collard/git/GSI_CRTMv3_dev_cdf/install/include/gsi/m_dtime.mod
-- Installing: /scratch3/NCEPDEV/da/Andrew.Collard/git/GSI_CRTMv3_dev_cdf/install/include/gsi/m_prad.mod
-- Installing: /scratch3/NCEPDEV/da/Andrew.Collard/git/GSI_CRTMv3_dev_cdf/install/include/gsi/oneobmod.mod
-- Installing: /scratch3/NCEPDEV/da/Andrew.Collard/git/GSI_CRTMv3_dev_cdf/install/include/gsi/intpwmod.mod
-- Installing: /scratch3/NCEPDEV/da/Andrew.Collard/git/GSI_CRTMv3_dev_cdf/install/include/gsi/read_wrf_nmm_files_mod.mod
-- Installing: /scratch3/NCEPDEV/da/Andrew.Collard/git/GSI_CRTMv3_dev_cdf/install/include/gsi/m_dbznode.mod
-- Installing: /scratch3/NCEPDEV/da/Andrew.Collard/git/GSI_CRTMv3_dev_cdf/install/include/gsi/inttcamtmod.mod
-- Installing: /scratch3/NCEPDEV/da/Andrew.Collard/git/GSI_CRTMv3_dev_cdf/install/include/gsi/zrnmi_mod.mod
-- Installing: /scratch3/NCEPDEV/da/Andrew.Collard/git/GSI_CRTMv3_dev_cdf/install/include/gsi/stprwmod.mod
-- Installing: /scratch3/NCEPDEV/da/Andrew.Collard/git/GSI_CRTMv3_dev_cdf/install/include/gsi/stpgnssrspdmod.mod
-- Installing: /scratch3/NCEPDEV/da/Andrew.Collard/git/GSI_CRTMv3_dev_cdf/install/include/gsi/stppcpmod.mod
-- Installing: /scratch3/NCEPDEV/da/Andrew.Collard/git/GSI_CRTMv3_dev_cdf/install/include/gsi/q_setup.mod
-- Installing: /scratch3/NCEPDEV/da/Andrew.Collard/git/GSI_CRTMv3_dev_cdf/install/include/gsi/nltransf.mod
-- Installing: /scratch3/NCEPDEV/da/Andrew.Collard/git/GSI_CRTMv3_dev_cdf/install/include/gsi/m_lwcpnode.mod
-- Installing: /scratch3/NCEPDEV/da/Andrew.Collard/git/GSI_CRTMv3_dev_cdf/install/include/gsi/calc_fov_conical.mod
-- Installing: /scratch3/NCEPDEV/da/Andrew.Collard/git/GSI_CRTMv3_dev_cdf/install/include/gsi/jfunc.mod
-- Installing: /scratch3/NCEPDEV/da/Andrew.Collard/git/GSI_CRTMv3_dev_cdf/install/include/gsi/pietc.mod
-- Installing: /scratch3/NCEPDEV/da/Andrew.Collard/git/GSI_CRTMv3_dev_cdf/install/include/gsi/stppm2_5mod.mod
-- Installing: /scratch3/NCEPDEV/da/Andrew.Collard/git/GSI_CRTMv3_dev_cdf/install/include/gsi/ncepgfs_io.mod
-- Installing: /scratch3/NCEPDEV/da/Andrew.Collard/git/GSI_CRTMv3_dev_cdf/install/include/gsi/m_latlonrange.mod
-- Installing: /scratch3/NCEPDEV/da/Andrew.Collard/git/GSI_CRTMv3_dev_cdf/install/include/gsi/light_setup.mod
-- Installing: /scratch3/NCEPDEV/da/Andrew.Collard/git/GSI_CRTMv3_dev_cdf/install/include/gsi/lag_traj.mod
-- Installing: /scratch3/NCEPDEV/da/Andrew.Collard/git/GSI_CRTMv3_dev_cdf/install/include/gsi/gsi_pmsloper.mod
-- Installing: /scratch3/NCEPDEV/da/Andrew.Collard/git/GSI_CRTMv3_dev_cdf/install/include/gsi/gsi_td2moper.mod
-- Installing: /scratch3/NCEPDEV/da/Andrew.Collard/git/GSI_CRTMv3_dev_cdf/install/include/gsi/amassaeromod.mod
-- Installing: /scratch3/NCEPDEV/da/Andrew.Collard/git/GSI_CRTMv3_dev_cdf/install/include/gsi/m_find.mod
-- Installing: /scratch3/NCEPDEV/da/Andrew.Collard/git/GSI_CRTMv3_dev_cdf/install/include/gsi/stpo3lmod.mod
-- Installing: /scratch3/NCEPDEV/da/Andrew.Collard/git/GSI_CRTMv3_dev_cdf/install/include/gsi/pmsl_setup.mod
-- Installing: /scratch3/NCEPDEV/da/Andrew.Collard/git/GSI_CRTMv3_dev_cdf/install/include/gsi/converr_q.mod
-- Installing: /scratch3/NCEPDEV/da/Andrew.Collard/git/GSI_CRTMv3_dev_cdf/install/include/gsi/qcmod.mod
-- Installing: /scratch3/NCEPDEV/da/Andrew.Collard/git/GSI_CRTMv3_dev_cdf/install/include/gsi/fgrid2agrid_mod.mod
-- Installing: /scratch3/NCEPDEV/da/Andrew.Collard/git/GSI_CRTMv3_dev_cdf/install/include/gsi/crc32.mod
-- Installing: /scratch3/NCEPDEV/da/Andrew.Collard/git/GSI_CRTMv3_dev_cdf/install/include/gsi/genex_mod.mod
-- Installing: /scratch3/NCEPDEV/da/Andrew.Collard/git/GSI_CRTMv3_dev_cdf/install/include/gsi/adjtest_obs.mod
-- Installing: /scratch3/NCEPDEV/da/Andrew.Collard/git/GSI_CRTMv3_dev_cdf/install/include/gsi/control_test.mod
-- Installing: /scratch3/NCEPDEV/da/Andrew.Collard/git/GSI_CRTMv3_dev_cdf/install/include/gsi/general_commvars_mod.mod
-- Installing: /scratch3/NCEPDEV/da/Andrew.Collard/git/GSI_CRTMv3_dev_cdf/install/include/gsi/berror.mod
-- Installing: /scratch3/NCEPDEV/da/Andrew.Collard/git/GSI_CRTMv3_dev_cdf/install/include/gsi/abstract_read_wrf_mass_files_mod.mod
-- Installing: /scratch3/NCEPDEV/da/Andrew.Collard/git/GSI_CRTMv3_dev_cdf/install/include/gsi/stpcldchmod.mod
-- Installing: /scratch3/NCEPDEV/da/Andrew.Collard/git/GSI_CRTMv3_dev_cdf/install/include/gsi/ozinfo.mod
-- Installing: /scratch3/NCEPDEV/da/Andrew.Collard/git/GSI_CRTMv3_dev_cdf/install/include/gsi/o3l_setup.mod
-- Installing: /scratch3/NCEPDEV/da/Andrew.Collard/git/GSI_CRTMv3_dev_cdf/install/include/gsi/stptcamtmod.mod
-- Installing: /scratch3/NCEPDEV/da/Andrew.Collard/git/GSI_CRTMv3_dev_cdf/install/include/gsi/compact_diffs.mod
-- Installing: /scratch3/NCEPDEV/da/Andrew.Collard/git/GSI_CRTMv3_dev_cdf/install/include/gsi/get_wrf_binary_interface_mod.mod
-- Installing: /scratch3/NCEPDEV/da/Andrew.Collard/git/GSI_CRTMv3_dev_cdf/install/include/gsi/antcorr_application.mod
-- Installing: /scratch3/NCEPDEV/da/Andrew.Collard/git/GSI_CRTMv3_dev_cdf/install/include/gsi/intmitmmod.mod
-- Installing: /scratch3/NCEPDEV/da/Andrew.Collard/git/GSI_CRTMv3_dev_cdf/install/include/gsi/pblh_setup.mod
-- Installing: /scratch3/NCEPDEV/da/Andrew.Collard/git/GSI_CRTMv3_dev_cdf/install/include/gsi/gsi_pwoper.mod
-- Installing: /scratch3/NCEPDEV/da/Andrew.Collard/git/GSI_CRTMv3_dev_cdf/install/include/gsi/stpqmod.mod
-- Installing: /scratch3/NCEPDEV/da/Andrew.Collard/git/GSI_CRTMv3_dev_cdf/install/include/gsi/phil2.mod
-- Installing: /scratch3/NCEPDEV/da/Andrew.Collard/git/GSI_CRTMv3_dev_cdf/install/include/gsi/sub2fslab_mod.mod
-- Installing: /scratch3/NCEPDEV/da/Andrew.Collard/git/GSI_CRTMv3_dev_cdf/install/include/gsi/m_stubtimer.mod
-- Installing: /scratch3/NCEPDEV/da/Andrew.Collard/git/GSI_CRTMv3_dev_cdf/install/include/gsi/m_cldchnode.mod
-- Installing: /scratch3/NCEPDEV/da/Andrew.Collard/git/GSI_CRTMv3_dev_cdf/install/include/gsi/mrmsmod.mod
-- Installing: /scratch3/NCEPDEV/da/Andrew.Collard/git/GSI_CRTMv3_dev_cdf/install/include/gsi/pvqc_tables.mod
-- Installing: /scratch3/NCEPDEV/da/Andrew.Collard/git/GSI_CRTMv3_dev_cdf/install/include/gsi/m_rhs.mod
-- Installing: /scratch3/NCEPDEV/da/Andrew.Collard/git/GSI_CRTMv3_dev_cdf/install/include/gsi/qnewton3.mod
-- Installing: /scratch3/NCEPDEV/da/Andrew.Collard/git/GSI_CRTMv3_dev_cdf/install/include/gsi/gsi_aerooper.mod
-- Installing: /scratch3/NCEPDEV/da/Andrew.Collard/git/GSI_CRTMv3_dev_cdf/install/include/gsi/intswcpmod.mod
-- Installing: /scratch3/NCEPDEV/da/Andrew.Collard/git/GSI_CRTMv3_dev_cdf/install/include/gsi/convthin_time.mod
-- Installing: /scratch3/NCEPDEV/da/Andrew.Collard/git/GSI_CRTMv3_dev_cdf/install/include/gsi/m_pwnode.mod
-- Installing: /scratch3/NCEPDEV/da/Andrew.Collard/git/GSI_CRTMv3_dev_cdf/install/include/gsi/anberror.mod
-- Installing: /scratch3/NCEPDEV/da/Andrew.Collard/git/GSI_CRTMv3_dev_cdf/install/include/gsi/spd_setup.mod
-- Installing: /scratch3/NCEPDEV/da/Andrew.Collard/git/GSI_CRTMv3_dev_cdf/install/include/gsi/gsi_pm10oper.mod
-- Installing: /scratch3/NCEPDEV/da/Andrew.Collard/git/GSI_CRTMv3_dev_cdf/install/include/gsi/aero_setup.mod
-- Installing: /scratch3/NCEPDEV/da/Andrew.Collard/git/GSI_CRTMv3_dev_cdf/install/include/gsi/gsi_uwnd10moper.mod
-- Installing: /scratch3/NCEPDEV/da/Andrew.Collard/git/GSI_CRTMv3_dev_cdf/install/include/gsi/gsdcloudlib_pseudoq_mod.mod
-- Installing: /scratch3/NCEPDEV/da/Andrew.Collard/git/GSI_CRTMv3_dev_cdf/install/include/gsi/pw_setup.mod
-- Installing: /scratch3/NCEPDEV/da/Andrew.Collard/git/GSI_CRTMv3_dev_cdf/install/include/gsi/pcgsoimod.mod
-- Installing: /scratch3/NCEPDEV/da/Andrew.Collard/git/GSI_CRTMv3_dev_cdf/install/include/gsi/clw_mod.mod
-- Installing: /scratch3/NCEPDEV/da/Andrew.Collard/git/GSI_CRTMv3_dev_cdf/install/include/gsi/patch2grid_mod.mod
-- Installing: /scratch3/NCEPDEV/da/Andrew.Collard/git/GSI_CRTMv3_dev_cdf/install/include/gsi/anisofilter_glb.mod
-- Installing: /scratch3/NCEPDEV/da/Andrew.Collard/git/GSI_CRTMv3_dev_cdf/install/include/gsi/gsi_sstoper.mod
-- Installing: /scratch3/NCEPDEV/da/Andrew.Collard/git/GSI_CRTMv3_dev_cdf/install/include/gsi/read_l2bufr_mod.mod
-- Installing: /scratch3/NCEPDEV/da/Andrew.Collard/git/GSI_CRTMv3_dev_cdf/install/include/gsi/peuc.mod
-- Installing: /scratch3/NCEPDEV/da/Andrew.Collard/git/GSI_CRTMv3_dev_cdf/install/include/gsi/gsi_gpsbendoper.mod
-- Installing: /scratch3/NCEPDEV/da/Andrew.Collard/git/GSI_CRTMv3_dev_cdf/install/include/gsi/stpdwmod.mod
-- Installing: /scratch3/NCEPDEV/da/Andrew.Collard/git/GSI_CRTMv3_dev_cdf/install/include/gsi/obs_sensitivity.mod
-- Installing: /scratch3/NCEPDEV/da/Andrew.Collard/git/GSI_CRTMv3_dev_cdf/install/include/gsi/gsi_chemguess_mod.mod
-- Installing: /scratch3/NCEPDEV/da/Andrew.Collard/git/GSI_CRTMv3_dev_cdf/install/include/gsi/oz_setup.mod
-- Installing: /scratch3/NCEPDEV/da/Andrew.Collard/git/GSI_CRTMv3_dev_cdf/install/include/gsi/m_tcamtnode.mod
-- Installing: /scratch3/NCEPDEV/da/Andrew.Collard/git/GSI_CRTMv3_dev_cdf/install/include/gsi/pmat6.mod
-- Installing: /scratch3/NCEPDEV/da/Andrew.Collard/git/GSI_CRTMv3_dev_cdf/install/include/gsi/howv_setup.mod
-- Installing: /scratch3/NCEPDEV/da/Andrew.Collard/git/GSI_CRTMv3_dev_cdf/install/include/gsi/m_fednode.mod
-- Installing: /scratch3/NCEPDEV/da/Andrew.Collard/git/GSI_CRTMv3_dev_cdf/install/include/gsi/adjtest.mod
-- Installing: /scratch3/NCEPDEV/da/Andrew.Collard/git/GSI_CRTMv3_dev_cdf/install/include/gsi/cwhydromod.mod
-- Installing: /scratch3/NCEPDEV/da/Andrew.Collard/git/GSI_CRTMv3_dev_cdf/install/include/gsi/lwcp_setup.mod
-- Installing: /scratch3/NCEPDEV/da/Andrew.Collard/git/GSI_CRTMv3_dev_cdf/install/include/gsi/gsi_spdoper.mod
-- Installing: /scratch3/NCEPDEV/da/Andrew.Collard/git/GSI_CRTMv3_dev_cdf/install/include/gsi/m_lightnode.mod
-- Installing: /scratch3/NCEPDEV/da/Andrew.Collard/git/GSI_CRTMv3_dev_cdf/install/include/gsi/gsi_psoper.mod
-- Installing: /scratch3/NCEPDEV/da/Andrew.Collard/git/GSI_CRTMv3_dev_cdf/install/include/gsi/lag_interp.mod
-- Installing: /scratch3/NCEPDEV/da/Andrew.Collard/git/GSI_CRTMv3_dev_cdf/install/include/gsi/m_sortind.mod
-- Installing: /scratch3/NCEPDEV/da/Andrew.Collard/git/GSI_CRTMv3_dev_cdf/install/include/gsi/intradmod.mod
-- Installing: /scratch3/NCEPDEV/da/Andrew.Collard/git/GSI_CRTMv3_dev_cdf/install/include/gsi/gsi_dwoper.mod
-- Installing: /scratch3/NCEPDEV/da/Andrew.Collard/git/GSI_CRTMv3_dev_cdf/install/include/gsi/gsi_enscouplermod.mod
-- Installing: /scratch3/NCEPDEV/da/Andrew.Collard/git/GSI_CRTMv3_dev_cdf/install/include/gsi/m_mxtmnode.mod
-- Installing: /scratch3/NCEPDEV/da/Andrew.Collard/git/GSI_CRTMv3_dev_cdf/install/include/gsi/stpmxtmmod.mod
-- Installing: /scratch3/NCEPDEV/da/Andrew.Collard/git/GSI_CRTMv3_dev_cdf/install/include/gsi/gfsreadmod.mod
-- Installing: /scratch3/NCEPDEV/da/Andrew.Collard/git/GSI_CRTMv3_dev_cdf/install/include/gsi/mpeu_mpif.mod
-- Installing: /scratch3/NCEPDEV/da/Andrew.Collard/git/GSI_CRTMv3_dev_cdf/install/include/gsi/m_uwnd10mnode.mod
-- Installing: /scratch3/NCEPDEV/da/Andrew.Collard/git/GSI_CRTMv3_dev_cdf/install/include/gsi/convb_q.mod
-- Installing: /scratch3/NCEPDEV/da/Andrew.Collard/git/GSI_CRTMv3_dev_cdf/install/include/gsi/gsi_dbzoper.mod
-- Installing: /scratch3/NCEPDEV/da/Andrew.Collard/git/GSI_CRTMv3_dev_cdf/install/include/gsi/set_crtm_cloudmod.mod
-- Installing: /scratch3/NCEPDEV/da/Andrew.Collard/git/GSI_CRTMv3_dev_cdf/install/include/gsi/m_abstracttimer.mod
-- Installing: /scratch3/NCEPDEV/da/Andrew.Collard/git/GSI_CRTMv3_dev_cdf/install/include/gsi/control2state_mod.mod
-- Installing: /scratch3/NCEPDEV/da/Andrew.Collard/git/GSI_CRTMv3_dev_cdf/install/include/gsi/m_pmslnode.mod
-- Installing: /scratch3/NCEPDEV/da/Andrew.Collard/git/GSI_CRTMv3_dev_cdf/install/include/gsi/ensctl2state_mod.mod
-- Installing: /scratch3/NCEPDEV/da/Andrew.Collard/git/GSI_CRTMv3_dev_cdf/install/include/gsi/crtm_interface.mod
-- Installing: /scratch3/NCEPDEV/da/Andrew.Collard/git/GSI_CRTMv3_dev_cdf/install/include/gsi/wrf_vars_mod.mod
-- Installing: /scratch3/NCEPDEV/da/Andrew.Collard/git/GSI_CRTMv3_dev_cdf/install/include/gsi/gsi_fedoper.mod
-- Installing: /scratch3/NCEPDEV/da/Andrew.Collard/git/GSI_CRTMv3_dev_cdf/install/include/gsi/gsi_visoper.mod
-- Installing: /scratch3/NCEPDEV/da/Andrew.Collard/git/GSI_CRTMv3_dev_cdf/install/include/gsi/module_wrf_error.mod
-- Installing: /scratch3/NCEPDEV/da/Andrew.Collard/git/GSI_CRTMv3_dev_cdf/install/include/gsi/mp_compact_diffs_mod1.mod
-- Installing: /scratch3/NCEPDEV/da/Andrew.Collard/git/GSI_CRTMv3_dev_cdf/install/include/gsi/windht.mod
-- Installing: /scratch3/NCEPDEV/da/Andrew.Collard/git/GSI_CRTMv3_dev_cdf/install/include/gsi/intqmod.mod
-- Installing: /scratch3/NCEPDEV/da/Andrew.Collard/git/GSI_CRTMv3_dev_cdf/install/include/gsi/nlmsas_ad_mod.mod
-- Installing: /scratch3/NCEPDEV/da/Andrew.Collard/git/GSI_CRTMv3_dev_cdf/install/include/gsi/m_pcpnode.mod
-- Installing: /scratch3/NCEPDEV/da/Andrew.Collard/git/GSI_CRTMv3_dev_cdf/install/include/gsi/regional_io_mod.mod
-- Installing: /scratch3/NCEPDEV/da/Andrew.Collard/git/GSI_CRTMv3_dev_cdf/install/include/gsi/directda_radaruse_mod.mod
-- Installing: /scratch3/NCEPDEV/da/Andrew.Collard/git/GSI_CRTMv3_dev_cdf/install/include/gsi/stpvismod.mod
-- Installing: /scratch3/NCEPDEV/da/Andrew.Collard/git/GSI_CRTMv3_dev_cdf/install/include/gsi/abstract_regional_io_mod.mod
-- Installing: /scratch3/NCEPDEV/da/Andrew.Collard/git/GSI_CRTMv3_dev_cdf/install/include/gsi/m_gsibiases.mod
-- Installing: /scratch3/NCEPDEV/da/Andrew.Collard/git/GSI_CRTMv3_dev_cdf/install/include/gsi/blendmod.mod
-- Installing: /scratch3/NCEPDEV/da/Andrew.Collard/git/GSI_CRTMv3_dev_cdf/install/include/gsi/ens_spread_mod.mod
-- Installing: /scratch3/NCEPDEV/da/Andrew.Collard/git/GSI_CRTMv3_dev_cdf/install/include/gsi/get_pseudo_ensperts_mod.mod
-- Installing: /scratch3/NCEPDEV/da/Andrew.Collard/git/GSI_CRTMv3_dev_cdf/install/include/gsi/intgnssrspdmod.mod
-- Installing: /scratch3/NCEPDEV/da/Andrew.Collard/git/GSI_CRTMv3_dev_cdf/install/include/gsi/abstract_convert_netcdf_mod.mod
-- Installing: /scratch3/NCEPDEV/da/Andrew.Collard/git/GSI_CRTMv3_dev_cdf/install/include/gsi/nstio_module.mod
-- Installing: /scratch3/NCEPDEV/da/Andrew.Collard/git/GSI_CRTMv3_dev_cdf/install/include/gsi/gscond_ad_mod.mod
-- Installing: /scratch3/NCEPDEV/da/Andrew.Collard/git/GSI_CRTMv3_dev_cdf/install/include/gsi/convb_ps.mod
-- Installing: /scratch3/NCEPDEV/da/Andrew.Collard/git/GSI_CRTMv3_dev_cdf/install/include/gsi/m_qnode.mod
-- Installing: /scratch3/NCEPDEV/da/Andrew.Collard/git/GSI_CRTMv3_dev_cdf/install/include/gsi/lightinfo.mod
-- Installing: /scratch3/NCEPDEV/da/Andrew.Collard/git/GSI_CRTMv3_dev_cdf/install/include/gsi/m_gnssrspdnode.mod
-- Installing: /scratch3/NCEPDEV/da/Andrew.Collard/git/GSI_CRTMv3_dev_cdf/install/include/gsi/m_extozone.mod
-- Installing: /scratch3/NCEPDEV/da/Andrew.Collard/git/GSI_CRTMv3_dev_cdf/install/include/gsi/lagmod.mod
-- Installing: /scratch3/NCEPDEV/da/Andrew.Collard/git/GSI_CRTMv3_dev_cdf/install/include/gsi/stplcbasmod.mod
-- Installing: /scratch3/NCEPDEV/da/Andrew.Collard/git/GSI_CRTMv3_dev_cdf/install/include/gsi/ps_setup.mod
-- Installing: /scratch3/NCEPDEV/da/Andrew.Collard/git/GSI_CRTMv3_dev_cdf/install/include/gsi/raflib.mod
-- Installing: /scratch3/NCEPDEV/da/Andrew.Collard/git/GSI_CRTMv3_dev_cdf/install/include/gsi/gsi_howvoper.mod
-- Installing: /scratch3/NCEPDEV/da/Andrew.Collard/git/GSI_CRTMv3_dev_cdf/install/include/gsi/smooth_polcarf.mod
-- Installing: /scratch3/NCEPDEV/da/Andrew.Collard/git/GSI_CRTMv3_dev_cdf/install/include/gsi/cads.mod
-- Installing: /scratch3/NCEPDEV/da/Andrew.Collard/git/GSI_CRTMv3_dev_cdf/install/include/gsi/convthin.mod
-- Installing: /scratch3/NCEPDEV/da/Andrew.Collard/git/GSI_CRTMv3_dev_cdf/install/include/gsi/m_tcpnode.mod
-- Installing: /scratch3/NCEPDEV/da/Andrew.Collard/git/GSI_CRTMv3_dev_cdf/install/include/gsi/rapidrefresh_cldsurf_mod.mod
-- Installing: /scratch3/NCEPDEV/da/Andrew.Collard/git/GSI_CRTMv3_dev_cdf/install/include/gsi/mws_spatial_average_mod.mod
-- Installing: /scratch3/NCEPDEV/da/Andrew.Collard/git/GSI_CRTMv3_dev_cdf/install/include/gsi/gsi_toper.mod
-- Installing: /scratch3/NCEPDEV/da/Andrew.Collard/git/GSI_CRTMv3_dev_cdf/install/include/gsi/gsi_gpsrefoper.mod
-- Installing: /scratch3/NCEPDEV/da/Andrew.Collard/git/GSI_CRTMv3_dev_cdf/install/include/gsi/setupdbz_lib.mod
-- Installing: /scratch3/NCEPDEV/da/Andrew.Collard/git/GSI_CRTMv3_dev_cdf/install/include/gsi/convert_netcdf_mod.mod
-- Installing: /scratch3/NCEPDEV/da/Andrew.Collard/git/GSI_CRTMv3_dev_cdf/install/include/gsi/abstract_ensmod.mod
-- Installing: /scratch3/NCEPDEV/da/Andrew.Collard/git/GSI_CRTMv3_dev_cdf/install/include/gsi/radinfo.mod
-- Installing: /scratch3/NCEPDEV/da/Andrew.Collard/git/GSI_CRTMv3_dev_cdf/install/include/gsi/netcdf_mod.mod
-- Installing: /scratch3/NCEPDEV/da/Andrew.Collard/git/GSI_CRTMv3_dev_cdf/install/include/gsi/stpdbzmod.mod
-- Installing: /scratch3/NCEPDEV/da/Andrew.Collard/git/GSI_CRTMv3_dev_cdf/install/include/gsi/radarz_module.mod
-- Installing: /scratch3/NCEPDEV/da/Andrew.Collard/git/GSI_CRTMv3_dev_cdf/install/include/gsi/m_obsdiagnode.mod
-- Installing: /scratch3/NCEPDEV/da/Andrew.Collard/git/GSI_CRTMv3_dev_cdf/install/include/gsi/intpcpmod.mod
-- Installing: /scratch3/NCEPDEV/da/Andrew.Collard/git/GSI_CRTMv3_dev_cdf/install/include/gsi/stpswcpmod.mod
-- Installing: /scratch3/NCEPDEV/da/Andrew.Collard/git/GSI_CRTMv3_dev_cdf/install/include/gsi/mod_nmmb_to_a.mod
-- Installing: /scratch3/NCEPDEV/da/Andrew.Collard/git/GSI_CRTMv3_dev_cdf/install/include/gsi/gsi_wspd10moper.mod
-- Installing: /scratch3/NCEPDEV/da/Andrew.Collard/git/GSI_CRTMv3_dev_cdf/install/include/gsi/intpm2_5mod.mod
-- Installing: /scratch3/NCEPDEV/da/Andrew.Collard/git/GSI_CRTMv3_dev_cdf/install/include/gsi/gsi_pm2_5oper.mod
-- Installing: /scratch3/NCEPDEV/da/Andrew.Collard/git/GSI_CRTMv3_dev_cdf/install/include/gsi/gsi_tcamtoper.mod
-- Installing: /scratch3/NCEPDEV/da/Andrew.Collard/git/GSI_CRTMv3_dev_cdf/install/include/gsi/tcp_setup.mod
-- Installing: /scratch3/NCEPDEV/da/Andrew.Collard/git/GSI_CRTMv3_dev_cdf/install/include/gsi/phil0.mod
-- Installing: /scratch3/NCEPDEV/da/Andrew.Collard/git/GSI_CRTMv3_dev_cdf/install/include/gsi/gsi_cldtotoper.mod
-- Installing: /scratch3/NCEPDEV/da/Andrew.Collard/git/GSI_CRTMv3_dev_cdf/install/include/gsi/vwnd10m_setup.mod
-- Installing: /scratch3/NCEPDEV/da/Andrew.Collard/git/GSI_CRTMv3_dev_cdf/install/include/gsi/stpuwnd10mmod.mod
-- Installing: /scratch3/NCEPDEV/da/Andrew.Collard/git/GSI_CRTMv3_dev_cdf/install/include/gsi/tcamt_setup.mod
-- Installing: /scratch3/NCEPDEV/da/Andrew.Collard/git/GSI_CRTMv3_dev_cdf/install/include/gsi/m_pm2_5node.mod
-- Installing: /scratch3/NCEPDEV/da/Andrew.Collard/git/GSI_CRTMv3_dev_cdf/install/include/gsi/gsi_nstcouplermod.mod
-- Installing: /scratch3/NCEPDEV/da/Andrew.Collard/git/GSI_CRTMv3_dev_cdf/install/include/gsi/aeroinfo.mod
-- Installing: /scratch3/NCEPDEV/da/Andrew.Collard/git/GSI_CRTMv3_dev_cdf/install/include/gsi/sparsearr.mod
-- Installing: /scratch3/NCEPDEV/da/Andrew.Collard/git/GSI_CRTMv3_dev_cdf/install/include/gsi/inthowvmod.mod
-- Installing: /scratch3/NCEPDEV/da/Andrew.Collard/git/GSI_CRTMv3_dev_cdf/install/include/gsi/lag_fields.mod
-- Installing: /scratch3/NCEPDEV/da/Andrew.Collard/git/GSI_CRTMv3_dev_cdf/install/include/gsi/intlwcpmod.mod
-- Installing: /scratch3/NCEPDEV/da/Andrew.Collard/git/GSI_CRTMv3_dev_cdf/install/include/gsi/ssmis_spatial_average_mod.mod
-- Installing: /scratch3/NCEPDEV/da/Andrew.Collard/git/GSI_CRTMv3_dev_cdf/install/include/gsi/m_tnode.mod
-- Installing: /scratch3/NCEPDEV/da/Andrew.Collard/git/GSI_CRTMv3_dev_cdf/install/include/gsi/inttmod.mod
-- Installing: /scratch3/NCEPDEV/da/Andrew.Collard/git/GSI_CRTMv3_dev_cdf/install/include/gsi/m_td2mnode.mod
-- Installing: /scratch3/NCEPDEV/da/Andrew.Collard/git/GSI_CRTMv3_dev_cdf/install/include/gsi/intrwmod.mod
-- Installing: /scratch3/NCEPDEV/da/Andrew.Collard/git/GSI_CRTMv3_dev_cdf/install/include/gsi/intallmod.mod
-- Installing: /scratch3/NCEPDEV/da/Andrew.Collard/git/GSI_CRTMv3_dev_cdf/install/include/gsi/cldch_setup.mod
-- Installing: /scratch3/NCEPDEV/da/Andrew.Collard/git/GSI_CRTMv3_dev_cdf/install/include/gsi/balmod.mod
-- Installing: /scratch3/NCEPDEV/da/Andrew.Collard/git/GSI_CRTMv3_dev_cdf/install/include/gsi/tendsmod.mod
-- Installing: /scratch3/NCEPDEV/da/Andrew.Collard/git/GSI_CRTMv3_dev_cdf/install/include/gsi/intdwmod.mod
-- Installing: /scratch3/NCEPDEV/da/Andrew.Collard/git/GSI_CRTMv3_dev_cdf/install/include/gsi/stpwmod.mod
-- Installing: /scratch3/NCEPDEV/da/Andrew.Collard/git/GSI_CRTMv3_dev_cdf/install/include/gsi/sst_setup.mod
-- Installing: /scratch3/NCEPDEV/da/Andrew.Collard/git/GSI_CRTMv3_dev_cdf/install/include/gsi/stpgustmod.mod
-- Installing: /scratch3/NCEPDEV/da/Andrew.Collard/git/GSI_CRTMv3_dev_cdf/install/include/gsi/wrf_mass_guess_mod.mod
-- Installing: /scratch3/NCEPDEV/da/Andrew.Collard/git/GSI_CRTMv3_dev_cdf/install/include/gsi/get_fv3_regional_ensperts_mod.mod
-- Installing: /scratch3/NCEPDEV/da/Andrew.Collard/git/GSI_CRTMv3_dev_cdf/install/include/gsi/gsi_unformatted.mod
-- Installing: /scratch3/NCEPDEV/da/Andrew.Collard/git/GSI_CRTMv3_dev_cdf/install/include/gsi/get_wrf_mass_ensperts_mod.mod
-- Installing: /scratch3/NCEPDEV/da/Andrew.Collard/git/GSI_CRTMv3_dev_cdf/install/include/gsi/m_lcbasnode.mod
-- Installing: /scratch3/NCEPDEV/da/Andrew.Collard/git/GSI_CRTMv3_dev_cdf/install/bin/gsi.x
-- Set runtime path of "/scratch3/NCEPDEV/da/Andrew.Collard/git/GSI_CRTMv3_dev_cdf/install/bin/gsi.x" to ""
-- Installing: /scratch3/NCEPDEV/da/Andrew.Collard/git/GSI_CRTMv3_dev_cdf/install/lib64/libgsi.a
-- Installing: /scratch3/NCEPDEV/da/Andrew.Collard/git/GSI_CRTMv3_dev_cdf/install/lib64/cmake/gsi/gsi-config.cmake
-- Installing: /scratch3/NCEPDEV/da/Andrew.Collard/git/GSI_CRTMv3_dev_cdf/install/lib64/cmake/gsi/gsi-config-version.cmake
-- Installing: /scratch3/NCEPDEV/da/Andrew.Collard/git/GSI_CRTMv3_dev_cdf/install/lib64/cmake/gsi/gsi-targets.cmake
-- Installing: /scratch3/NCEPDEV/da/Andrew.Collard/git/GSI_CRTMv3_dev_cdf/install/lib64/cmake/gsi/gsi-targets-release.cmake
-- Up-to-date: /scratch3/NCEPDEV/da/Andrew.Collard/git/GSI_CRTMv3_dev_cdf/install/include/enkf
-- Installing: /scratch3/NCEPDEV/da/Andrew.Collard/git/GSI_CRTMv3_dev_cdf/install/include/enkf/mpisetup.mod
-- Installing: /scratch3/NCEPDEV/da/Andrew.Collard/git/GSI_CRTMv3_dev_cdf/install/include/enkf/enkf_obs_sensitivity.mod
-- Installing: /scratch3/NCEPDEV/da/Andrew.Collard/git/GSI_CRTMv3_dev_cdf/install/include/enkf/smooth_mod.mod
-- Installing: /scratch3/NCEPDEV/da/Andrew.Collard/git/GSI_CRTMv3_dev_cdf/install/include/enkf/loadbal.mod
-- Installing: /scratch3/NCEPDEV/da/Andrew.Collard/git/GSI_CRTMv3_dev_cdf/install/include/enkf/params.mod
-- Installing: /scratch3/NCEPDEV/da/Andrew.Collard/git/GSI_CRTMv3_dev_cdf/install/include/enkf/readozobs.mod
-- Installing: /scratch3/NCEPDEV/da/Andrew.Collard/git/GSI_CRTMv3_dev_cdf/install/include/enkf/covlocal.mod
-- Installing: /scratch3/NCEPDEV/da/Andrew.Collard/git/GSI_CRTMv3_dev_cdf/install/include/enkf/kdtree2_priority_queue_module.mod
-- Installing: /scratch3/NCEPDEV/da/Andrew.Collard/git/GSI_CRTMv3_dev_cdf/install/include/enkf/kdtree2_precision_module.mod
-- Installing: /scratch3/NCEPDEV/da/Andrew.Collard/git/GSI_CRTMv3_dev_cdf/install/include/enkf/enkf.mod
-- Installing: /scratch3/NCEPDEV/da/Andrew.Collard/git/GSI_CRTMv3_dev_cdf/install/include/enkf/gridinfo.mod
-- Installing: /scratch3/NCEPDEV/da/Andrew.Collard/git/GSI_CRTMv3_dev_cdf/install/include/enkf/controlvec.mod
-- Installing: /scratch3/NCEPDEV/da/Andrew.Collard/git/GSI_CRTMv3_dev_cdf/install/include/enkf/readconvobs.mod
-- Installing: /scratch3/NCEPDEV/da/Andrew.Collard/git/GSI_CRTMv3_dev_cdf/install/include/enkf/kdtree2_module.mod
-- Installing: /scratch3/NCEPDEV/da/Andrew.Collard/git/GSI_CRTMv3_dev_cdf/install/include/enkf/netcdf_io.mod
-- Installing: /scratch3/NCEPDEV/da/Andrew.Collard/git/GSI_CRTMv3_dev_cdf/install/include/enkf/statevec.mod
-- Installing: /scratch3/NCEPDEV/da/Andrew.Collard/git/GSI_CRTMv3_dev_cdf/install/include/enkf/random_normal.mod
-- Installing: /scratch3/NCEPDEV/da/Andrew.Collard/git/GSI_CRTMv3_dev_cdf/install/include/enkf/reducedgrid_mod.mod
-- Installing: /scratch3/NCEPDEV/da/Andrew.Collard/git/GSI_CRTMv3_dev_cdf/install/include/enkf/gridio.mod
-- Installing: /scratch3/NCEPDEV/da/Andrew.Collard/git/GSI_CRTMv3_dev_cdf/install/include/enkf/mpi_readobs.mod
-- Installing: /scratch3/NCEPDEV/da/Andrew.Collard/git/GSI_CRTMv3_dev_cdf/install/include/enkf/sorting.mod
-- Installing: /scratch3/NCEPDEV/da/Andrew.Collard/git/GSI_CRTMv3_dev_cdf/install/include/enkf/letkf.mod
-- Installing: /scratch3/NCEPDEV/da/Andrew.Collard/git/GSI_CRTMv3_dev_cdf/install/include/enkf/inflation.mod
-- Installing: /scratch3/NCEPDEV/da/Andrew.Collard/git/GSI_CRTMv3_dev_cdf/install/include/enkf/innovstats.mod
-- Installing: /scratch3/NCEPDEV/da/Andrew.Collard/git/GSI_CRTMv3_dev_cdf/install/include/enkf/readsatobs.mod
-- Installing: /scratch3/NCEPDEV/da/Andrew.Collard/git/GSI_CRTMv3_dev_cdf/install/include/enkf/specmod.mod
-- Installing: /scratch3/NCEPDEV/da/Andrew.Collard/git/GSI_CRTMv3_dev_cdf/install/include/enkf/radbias.mod
-- Installing: /scratch3/NCEPDEV/da/Andrew.Collard/git/GSI_CRTMv3_dev_cdf/install/include/enkf/enkf_obsmod.mod
-- Installing: /scratch3/NCEPDEV/da/Andrew.Collard/git/GSI_CRTMv3_dev_cdf/install/include/enkf/observer_enkf.mod
-- Installing: /scratch3/NCEPDEV/da/Andrew.Collard/git/GSI_CRTMv3_dev_cdf/install/bin/enkf.x
-- Set runtime path of "/scratch3/NCEPDEV/da/Andrew.Collard/git/GSI_CRTMv3_dev_cdf/install/bin/enkf.x" to ""
-- Installing: /scratch3/NCEPDEV/da/Andrew.Collard/git/GSI_CRTMv3_dev_cdf/install/lib64/libenkf.a
-- Installing: /scratch3/NCEPDEV/da/Andrew.Collard/git/GSI_CRTMv3_dev_cdf/install/lib64/cmake/enkf/enkf-config.cmake
-- Installing: /scratch3/NCEPDEV/da/Andrew.Collard/git/GSI_CRTMv3_dev_cdf/install/lib64/cmake/enkf/enkf-config-version.cmake
-- Installing: /scratch3/NCEPDEV/da/Andrew.Collard/git/GSI_CRTMv3_dev_cdf/install/lib64/cmake/enkf/enkf-targets.cmake
-- Installing: /scratch3/NCEPDEV/da/Andrew.Collard/git/GSI_CRTMv3_dev_cdf/install/lib64/cmake/enkf/enkf-targets-release.cmake
