++++ readlink -f -n ./build.sh
+++ dirname /scratch3/NCEPDEV/da/Andrew.Collard/git/GSI_CRTMv3_dev_cdf/ush/build.sh
++ cd /scratch3/NCEPDEV/da/Andrew.Collard/git/GSI_CRTMv3_dev_cdf/ush/..
++ pwd -P
+ readonly DIR_ROOT=/scratch3/NCEPDEV/da/Andrew.Collard/git/GSI_CRTMv3_dev_cdf
+ DIR_ROOT=/scratch3/NCEPDEV/da/Andrew.Collard/git/GSI_CRTMv3_dev_cdf
+ BUILD_TYPE=Release
+ CMAKE_OPTS=
+ COMPILER=intel
+ BUILD_DIR=/scratch3/NCEPDEV/da/Andrew.Collard/git/GSI_CRTMv3_dev_cdf/build
+ INSTALL_PREFIX=/scratch3/NCEPDEV/da/Andrew.Collard/git/GSI_CRTMv3_dev_cdf/install
+ GSI_MODE=Regional
+ ENKF_MODE=GFS
+ REGRESSION_TESTS=YES
+ source /scratch3/NCEPDEV/da/Andrew.Collard/git/GSI_CRTMv3_dev_cdf/ush/detect_machine.sh
++ [[ -v SINGULARITY_CONTAINER ]]
++ [[ -n '' ]]
++ case $(hostname -f) in
+++ hostname -f
++ MACHINE_ID=ursa
++ [[ ursa == \U\N\K\N\O\W\N ]]
++ MACHINE_ID=ursa
++ [[ ursa != \U\N\K\N\O\W\N ]]
++ return
+ set +x
+ CONTROLPATH=/scratch3/NCEPDEV/da/Andrew.Collard/git/GSI_CRTMv3_dev_cdf/../develop/install/bin
+ CMAKE_OPTS+=' -DCMAKE_BUILD_TYPE=Release'
+ CMAKE_OPTS+=' -DCMAKE_INSTALL_PREFIX=/scratch3/NCEPDEV/da/Andrew.Collard/git/GSI_CRTMv3_dev_cdf/install'
+ CMAKE_OPTS+=' -DGSI_MODE=Regional -DENKF_MODE=GFS'
+ [[ YES =~ [yYtT] ]]
+ CMAKE_OPTS+=' -DBUILD_REG_TESTING=ON -DCONTROLPATH=/scratch3/NCEPDEV/da/Andrew.Collard/git/GSI_CRTMv3_dev_cdf/../develop/install/bin'
+ [[ YES =~ [yYtT] ]]
+ rm -rf /scratch3/NCEPDEV/da/Andrew.Collard/git/GSI_CRTMv3_dev_cdf/build
+ mkdir -p /scratch3/NCEPDEV/da/Andrew.Collard/git/GSI_CRTMv3_dev_cdf/build
+ cd /scratch3/NCEPDEV/da/Andrew.Collard/git/GSI_CRTMv3_dev_cdf/build
+ cmake -DCMAKE_BUILD_TYPE=Release -DCMAKE_INSTALL_PREFIX=/scratch3/NCEPDEV/da/Andrew.Collard/git/GSI_CRTMv3_dev_cdf/install -DGSI_MODE=Regional -DENKF_MODE=GFS -DBUILD_REG_TESTING=ON -DCONTROLPATH=/scratch3/NCEPDEV/da/Andrew.Collard/git/GSI_CRTMv3_dev_cdf/../develop/install/bin /scratch3/NCEPDEV/da/Andrew.Collard/git/GSI_CRTMv3_dev_cdf
CMake Warning at CMakeLists.txt:21 (message):
  IntelLLVM is not supported.


CMake Warning at src/gsi/CMakeLists.txt:21 (message):
  IntelLLVM is not supported.


CMake Warning at src/enkf/CMakeLists.txt:21 (message):
  IntelLLVM is not supported.


+ make -j 8 VERBOSE=
icx: remark: Note that use of '-g' without any optimization-level option will turn off most compiler optimizations similar to use of '-O0'; use '-Rno-debug-disables-optimization' to disable this remark [-Rdebug-disables-optimization]
icx: remark: Note that use of '-g' without any optimization-level option will turn off most compiler optimizations similar to use of '-O0'; use '-Rno-debug-disables-optimization' to disable this remark [-Rdebug-disables-optimization]
ifort: remark #10448: Intel(R) Fortran Compiler Classic (ifort) is now deprecated and will be discontinued late 2024. Intel recommends that customers transition now to using the LLVM-based Intel(R) Fortran Compiler (ifx) for continued Windows* and Linux* support, new language support, new language features, and optimizations. Use '-diag-disable=10448' to disable this message.
ifort: remark #10448: Intel(R) Fortran Compiler Classic (ifort) is now deprecated and will be discontinued late 2024. Intel recommends that customers transition now to using the LLVM-based Intel(R) Fortran Compiler (ifx) for continued Windows* and Linux* support, new language support, new language features, and optimizations. Use '-diag-disable=10448' to disable this message.
ifort: remark #10448: Intel(R) Fortran Compiler Classic (ifort) is now deprecated and will be discontinued late 2024. Intel recommends that customers transition now to using the LLVM-based Intel(R) Fortran Compiler (ifx) for continued Windows* and Linux* support, new language support, new language features, and optimizations. Use '-diag-disable=10448' to disable this message.
ifort: remark #10448: Intel(R) Fortran Compiler Classic (ifort) is now deprecated and will be discontinued late 2024. Intel recommends that customers transition now to using the LLVM-based Intel(R) Fortran Compiler (ifx) for continued Windows* and Linux* support, new language support, new language features, and optimizations. Use '-diag-disable=10448' to disable this message.
ifort: remark #10448: Intel(R) Fortran Compiler Classic (ifort) is now deprecated and will be discontinued late 2024. Intel recommends that customers transition now to using the LLVM-based Intel(R) Fortran Compiler (ifx) for continued Windows* and Linux* support, new language support, new language features, and optimizations. Use '-diag-disable=10448' to disable this message.
ifort: remark #10448: Intel(R) Fortran Compiler Classic (ifort) is now deprecated and will be discontinued late 2024. Intel recommends that customers transition now to using the LLVM-based Intel(R) Fortran Compiler (ifx) for continued Windows* and Linux* support, new language support, new language features, and optimizations. Use '-diag-disable=10448' to disable this message.
ifort: remark #10448: Intel(R) Fortran Compiler Classic (ifort) is now deprecated and will be discontinued late 2024. Intel recommends that customers transition now to using the LLVM-based Intel(R) Fortran Compiler (ifx) for continued Windows* and Linux* support, new language support, new language features, and optimizations. Use '-diag-disable=10448' to disable this message.
ifort: remark #10448: Intel(R) Fortran Compiler Classic (ifort) is now deprecated and will be discontinued late 2024. Intel recommends that customers transition now to using the LLVM-based Intel(R) Fortran Compiler (ifx) for continued Windows* and Linux* support, new language support, new language features, and optimizations. Use '-diag-disable=10448' to disable this message.
ifort: remark #10448: Intel(R) Fortran Compiler Classic (ifort) is now deprecated and will be discontinued late 2024. Intel recommends that customers transition now to using the LLVM-based Intel(R) Fortran Compiler (ifx) for continued Windows* and Linux* support, new language support, new language features, and optimizations. Use '-diag-disable=10448' to disable this message.
ifort: remark #10448: Intel(R) Fortran Compiler Classic (ifort) is now deprecated and will be discontinued late 2024. Intel recommends that customers transition now to using the LLVM-based Intel(R) Fortran Compiler (ifx) for continued Windows* and Linux* support, new language support, new language features, and optimizations. Use '-diag-disable=10448' to disable this message.
ifort: remark #10448: Intel(R) Fortran Compiler Classic (ifort) is now deprecated and will be discontinued late 2024. Intel recommends that customers transition now to using the LLVM-based Intel(R) Fortran Compiler (ifx) for continued Windows* and Linux* support, new language support, new language features, and optimizations. Use '-diag-disable=10448' to disable this message.
ifort: remark #10448: Intel(R) Fortran Compiler Classic (ifort) is now deprecated and will be discontinued late 2024. Intel recommends that customers transition now to using the LLVM-based Intel(R) Fortran Compiler (ifx) for continued Windows* and Linux* support, new language support, new language features, and optimizations. Use '-diag-disable=10448' to disable this message.
ifort: remark #10448: Intel(R) Fortran Compiler Classic (ifort) is now deprecated and will be discontinued late 2024. Intel recommends that customers transition now to using the LLVM-based Intel(R) Fortran Compiler (ifx) for continued Windows* and Linux* support, new language support, new language features, and optimizations. Use '-diag-disable=10448' to disable this message.
ifort: remark #10448: Intel(R) Fortran Compiler Classic (ifort) is now deprecated and will be discontinued late 2024. Intel recommends that customers transition now to using the LLVM-based Intel(R) Fortran Compiler (ifx) for continued Windows* and Linux* support, new language support, new language features, and optimizations. Use '-diag-disable=10448' to disable this message.
ifort: remark #10448: Intel(R) Fortran Compiler Classic (ifort) is now deprecated and will be discontinued late 2024. Intel recommends that customers transition now to using the LLVM-based Intel(R) Fortran Compiler (ifx) for continued Windows* and Linux* support, new language support, new language features, and optimizations. Use '-diag-disable=10448' to disable this message.
ifort: remark #10448: Intel(R) Fortran Compiler Classic (ifort) is now deprecated and will be discontinued late 2024. Intel recommends that customers transition now to using the LLVM-based Intel(R) Fortran Compiler (ifx) for continued Windows* and Linux* support, new language support, new language features, and optimizations. Use '-diag-disable=10448' to disable this message.
ifort: remark #10448: Intel(R) Fortran Compiler Classic (ifort) is now deprecated and will be discontinued late 2024. Intel recommends that customers transition now to using the LLVM-based Intel(R) Fortran Compiler (ifx) for continued Windows* and Linux* support, new language support, new language features, and optimizations. Use '-diag-disable=10448' to disable this message.
ifort: remark #10448: Intel(R) Fortran Compiler Classic (ifort) is now deprecated and will be discontinued late 2024. Intel recommends that customers transition now to using the LLVM-based Intel(R) Fortran Compiler (ifx) for continued Windows* and Linux* support, new language support, new language features, and optimizations. Use '-diag-disable=10448' to disable this message.
ifort: remark #10448: Intel(R) Fortran Compiler Classic (ifort) is now deprecated and will be discontinued late 2024. Intel recommends that customers transition now to using the LLVM-based Intel(R) Fortran Compiler (ifx) for continued Windows* and Linux* support, new language support, new language features, and optimizations. Use '-diag-disable=10448' to disable this message.
ifort: remark #10448: Intel(R) Fortran Compiler Classic (ifort) is now deprecated and will be discontinued late 2024. Intel recommends that customers transition now to using the LLVM-based Intel(R) Fortran Compiler (ifx) for continued Windows* and Linux* support, new language support, new language features, and optimizations. Use '-diag-disable=10448' to disable this message.
ifort: remark #10448: Intel(R) Fortran Compiler Classic (ifort) is now deprecated and will be discontinued late 2024. Intel recommends that customers transition now to using the LLVM-based Intel(R) Fortran Compiler (ifx) for continued Windows* and Linux* support, new language support, new language features, and optimizations. Use '-diag-disable=10448' to disable this message.
ifort: remark #10448: Intel(R) Fortran Compiler Classic (ifort) is now deprecated and will be discontinued late 2024. Intel recommends that customers transition now to using the LLVM-based Intel(R) Fortran Compiler (ifx) for continued Windows* and Linux* support, new language support, new language features, and optimizations. Use '-diag-disable=10448' to disable this message.
ifort: remark #10448: Intel(R) Fortran Compiler Classic (ifort) is now deprecated and will be discontinued late 2024. Intel recommends that customers transition now to using the LLVM-based Intel(R) Fortran Compiler (ifx) for continued Windows* and Linux* support, new language support, new language features, and optimizations. Use '-diag-disable=10448' to disable this message.
ifort: remark #10448: Intel(R) Fortran Compiler Classic (ifort) is now deprecated and will be discontinued late 2024. Intel recommends that customers transition now to using the LLVM-based Intel(R) Fortran Compiler (ifx) for continued Windows* and Linux* support, new language support, new language features, and optimizations. Use '-diag-disable=10448' to disable this message.
ifort: remark #10448: Intel(R) Fortran Compiler Classic (ifort) is now deprecated and will be discontinued late 2024. Intel recommends that customers transition now to using the LLVM-based Intel(R) Fortran Compiler (ifx) for continued Windows* and Linux* support, new language support, new language features, and optimizations. Use '-diag-disable=10448' to disable this message.
ifort: remark #10448: Intel(R) Fortran Compiler Classic (ifort) is now deprecated and will be discontinued late 2024. Intel recommends that customers transition now to using the LLVM-based Intel(R) Fortran Compiler (ifx) for continued Windows* and Linux* support, new language support, new language features, and optimizations. Use '-diag-disable=10448' to disable this message.
ifort: remark #10448: Intel(R) Fortran Compiler Classic (ifort) is now deprecated and will be discontinued late 2024. Intel recommends that customers transition now to using the LLVM-based Intel(R) Fortran Compiler (ifx) for continued Windows* and Linux* support, new language support, new language features, and optimizations. Use '-diag-disable=10448' to disable this message.
ifort: remark #10448: Intel(R) Fortran Compiler Classic (ifort) is now deprecated and will be discontinued late 2024. Intel recommends that customers transition now to using the LLVM-based Intel(R) Fortran Compiler (ifx) for continued Windows* and Linux* support, new language support, new language features, and optimizations. Use '-diag-disable=10448' to disable this message.
ifort: remark #10448: Intel(R) Fortran Compiler Classic (ifort) is now deprecated and will be discontinued late 2024. Intel recommends that customers transition now to using the LLVM-based Intel(R) Fortran Compiler (ifx) for continued Windows* and Linux* support, new language support, new language features, and optimizations. Use '-diag-disable=10448' to disable this message.
ifort: remark #10448: Intel(R) Fortran Compiler Classic (ifort) is now deprecated and will be discontinued late 2024. Intel recommends that customers transition now to using the LLVM-based Intel(R) Fortran Compiler (ifx) for continued Windows* and Linux* support, new language support, new language features, and optimizations. Use '-diag-disable=10448' to disable this message.
ifort: remark #10448: Intel(R) Fortran Compiler Classic (ifort) is now deprecated and will be discontinued late 2024. Intel recommends that customers transition now to using the LLVM-based Intel(R) Fortran Compiler (ifx) for continued Windows* and Linux* support, new language support, new language features, and optimizations. Use '-diag-disable=10448' to disable this message.
ifort: remark #10448: Intel(R) Fortran Compiler Classic (ifort) is now deprecated and will be discontinued late 2024. Intel recommends that customers transition now to using the LLVM-based Intel(R) Fortran Compiler (ifx) for continued Windows* and Linux* support, new language support, new language features, and optimizations. Use '-diag-disable=10448' to disable this message.
ifort: remark #10448: Intel(R) Fortran Compiler Classic (ifort) is now deprecated and will be discontinued late 2024. Intel recommends that customers transition now to using the LLVM-based Intel(R) Fortran Compiler (ifx) for continued Windows* and Linux* support, new language support, new language features, and optimizations. Use '-diag-disable=10448' to disable this message.
ifort: remark #10448: Intel(R) Fortran Compiler Classic (ifort) is now deprecated and will be discontinued late 2024. Intel recommends that customers transition now to using the LLVM-based Intel(R) Fortran Compiler (ifx) for continued Windows* and Linux* support, new language support, new language features, and optimizations. Use '-diag-disable=10448' to disable this message.
ifort: remark #10448: Intel(R) Fortran Compiler Classic (ifort) is now deprecated and will be discontinued late 2024. Intel recommends that customers transition now to using the LLVM-based Intel(R) Fortran Compiler (ifx) for continued Windows* and Linux* support, new language support, new language features, and optimizations. Use '-diag-disable=10448' to disable this message.
ifort: remark #10448: Intel(R) Fortran Compiler Classic (ifort) is now deprecated and will be discontinued late 2024. Intel recommends that customers transition now to using the LLVM-based Intel(R) Fortran Compiler (ifx) for continued Windows* and Linux* support, new language support, new language features, and optimizations. Use '-diag-disable=10448' to disable this message.
ifort: remark #10448: Intel(R) Fortran Compiler Classic (ifort) is now deprecated and will be discontinued late 2024. Intel recommends that customers transition now to using the LLVM-based Intel(R) Fortran Compiler (ifx) for continued Windows* and Linux* support, new language support, new language features, and optimizations. Use '-diag-disable=10448' to disable this message.
ifort: remark #10448: Intel(R) Fortran Compiler Classic (ifort) is now deprecated and will be discontinued late 2024. Intel recommends that customers transition now to using the LLVM-based Intel(R) Fortran Compiler (ifx) for continued Windows* and Linux* support, new language support, new language features, and optimizations. Use '-diag-disable=10448' to disable this message.
ifort: remark #10448: Intel(R) Fortran Compiler Classic (ifort) is now deprecated and will be discontinued late 2024. Intel recommends that customers transition now to using the LLVM-based Intel(R) Fortran Compiler (ifx) for continued Windows* and Linux* support, new language support, new language features, and optimizations. Use '-diag-disable=10448' to disable this message.
ifort: remark #10448: Intel(R) Fortran Compiler Classic (ifort) is now deprecated and will be discontinued late 2024. Intel recommends that customers transition now to using the LLVM-based Intel(R) Fortran Compiler (ifx) for continued Windows* and Linux* support, new language support, new language features, and optimizations. Use '-diag-disable=10448' to disable this message.
ifort: remark #10448: Intel(R) Fortran Compiler Classic (ifort) is now deprecated and will be discontinued late 2024. Intel recommends that customers transition now to using the LLVM-based Intel(R) Fortran Compiler (ifx) for continued Windows* and Linux* support, new language support, new language features, and optimizations. Use '-diag-disable=10448' to disable this message.
ifort: remark #10448: Intel(R) Fortran Compiler Classic (ifort) is now deprecated and will be discontinued late 2024. Intel recommends that customers transition now to using the LLVM-based Intel(R) Fortran Compiler (ifx) for continued Windows* and Linux* support, new language support, new language features, and optimizations. Use '-diag-disable=10448' to disable this message.
ifort: remark #10448: Intel(R) Fortran Compiler Classic (ifort) is now deprecated and will be discontinued late 2024. Intel recommends that customers transition now to using the LLVM-based Intel(R) Fortran Compiler (ifx) for continued Windows* and Linux* support, new language support, new language features, and optimizations. Use '-diag-disable=10448' to disable this message.
ifort: remark #10448: Intel(R) Fortran Compiler Classic (ifort) is now deprecated and will be discontinued late 2024. Intel recommends that customers transition now to using the LLVM-based Intel(R) Fortran Compiler (ifx) for continued Windows* and Linux* support, new language support, new language features, and optimizations. Use '-diag-disable=10448' to disable this message.
ifort: remark #10448: Intel(R) Fortran Compiler Classic (ifort) is now deprecated and will be discontinued late 2024. Intel recommends that customers transition now to using the LLVM-based Intel(R) Fortran Compiler (ifx) for continued Windows* and Linux* support, new language support, new language features, and optimizations. Use '-diag-disable=10448' to disable this message.
ifort: remark #10448: Intel(R) Fortran Compiler Classic (ifort) is now deprecated and will be discontinued late 2024. Intel recommends that customers transition now to using the LLVM-based Intel(R) Fortran Compiler (ifx) for continued Windows* and Linux* support, new language support, new language features, and optimizations. Use '-diag-disable=10448' to disable this message.
ifort: remark #10448: Intel(R) Fortran Compiler Classic (ifort) is now deprecated and will be discontinued late 2024. Intel recommends that customers transition now to using the LLVM-based Intel(R) Fortran Compiler (ifx) for continued Windows* and Linux* support, new language support, new language features, and optimizations. Use '-diag-disable=10448' to disable this message.
ifort: remark #10448: Intel(R) Fortran Compiler Classic (ifort) is now deprecated and will be discontinued late 2024. Intel recommends that customers transition now to using the LLVM-based Intel(R) Fortran Compiler (ifx) for continued Windows* and Linux* support, new language support, new language features, and optimizations. Use '-diag-disable=10448' to disable this message.
ifort: remark #10448: Intel(R) Fortran Compiler Classic (ifort) is now deprecated and will be discontinued late 2024. Intel recommends that customers transition now to using the LLVM-based Intel(R) Fortran Compiler (ifx) for continued Windows* and Linux* support, new language support, new language features, and optimizations. Use '-diag-disable=10448' to disable this message.
ifort: remark #10448: Intel(R) Fortran Compiler Classic (ifort) is now deprecated and will be discontinued late 2024. Intel recommends that customers transition now to using the LLVM-based Intel(R) Fortran Compiler (ifx) for continued Windows* and Linux* support, new language support, new language features, and optimizations. Use '-diag-disable=10448' to disable this message.
ifort: remark #10448: Intel(R) Fortran Compiler Classic (ifort) is now deprecated and will be discontinued late 2024. Intel recommends that customers transition now to using the LLVM-based Intel(R) Fortran Compiler (ifx) for continued Windows* and Linux* support, new language support, new language features, and optimizations. Use '-diag-disable=10448' to disable this message.
ifort: remark #10448: Intel(R) Fortran Compiler Classic (ifort) is now deprecated and will be discontinued late 2024. Intel recommends that customers transition now to using the LLVM-based Intel(R) Fortran Compiler (ifx) for continued Windows* and Linux* support, new language support, new language features, and optimizations. Use '-diag-disable=10448' to disable this message.
ifort: remark #10448: Intel(R) Fortran Compiler Classic (ifort) is now deprecated and will be discontinued late 2024. Intel recommends that customers transition now to using the LLVM-based Intel(R) Fortran Compiler (ifx) for continued Windows* and Linux* support, new language support, new language features, and optimizations. Use '-diag-disable=10448' to disable this message.
ifort: remark #10448: Intel(R) Fortran Compiler Classic (ifort) is now deprecated and will be discontinued late 2024. Intel recommends that customers transition now to using the LLVM-based Intel(R) Fortran Compiler (ifx) for continued Windows* and Linux* support, new language support, new language features, and optimizations. Use '-diag-disable=10448' to disable this message.
ifort: remark #10448: Intel(R) Fortran Compiler Classic (ifort) is now deprecated and will be discontinued late 2024. Intel recommends that customers transition now to using the LLVM-based Intel(R) Fortran Compiler (ifx) for continued Windows* and Linux* support, new language support, new language features, and optimizations. Use '-diag-disable=10448' to disable this message.
ifort: remark #10448: Intel(R) Fortran Compiler Classic (ifort) is now deprecated and will be discontinued late 2024. Intel recommends that customers transition now to using the LLVM-based Intel(R) Fortran Compiler (ifx) for continued Windows* and Linux* support, new language support, new language features, and optimizations. Use '-diag-disable=10448' to disable this message.
ifort: remark #10448: Intel(R) Fortran Compiler Classic (ifort) is now deprecated and will be discontinued late 2024. Intel recommends that customers transition now to using the LLVM-based Intel(R) Fortran Compiler (ifx) for continued Windows* and Linux* support, new language support, new language features, and optimizations. Use '-diag-disable=10448' to disable this message.
ifort: remark #10448: Intel(R) Fortran Compiler Classic (ifort) is now deprecated and will be discontinued late 2024. Intel recommends that customers transition now to using the LLVM-based Intel(R) Fortran Compiler (ifx) for continued Windows* and Linux* support, new language support, new language features, and optimizations. Use '-diag-disable=10448' to disable this message.
ifort: remark #10448: Intel(R) Fortran Compiler Classic (ifort) is now deprecated and will be discontinued late 2024. Intel recommends that customers transition now to using the LLVM-based Intel(R) Fortran Compiler (ifx) for continued Windows* and Linux* support, new language support, new language features, and optimizations. Use '-diag-disable=10448' to disable this message.
ifort: remark #10448: Intel(R) Fortran Compiler Classic (ifort) is now deprecated and will be discontinued late 2024. Intel recommends that customers transition now to using the LLVM-based Intel(R) Fortran Compiler (ifx) for continued Windows* and Linux* support, new language support, new language features, and optimizations. Use '-diag-disable=10448' to disable this message.
ifort: remark #10448: Intel(R) Fortran Compiler Classic (ifort) is now deprecated and will be discontinued late 2024. Intel recommends that customers transition now to using the LLVM-based Intel(R) Fortran Compiler (ifx) for continued Windows* and Linux* support, new language support, new language features, and optimizations. Use '-diag-disable=10448' to disable this message.
ifort: remark #10448: Intel(R) Fortran Compiler Classic (ifort) is now deprecated and will be discontinued late 2024. Intel recommends that customers transition now to using the LLVM-based Intel(R) Fortran Compiler (ifx) for continued Windows* and Linux* support, new language support, new language features, and optimizations. Use '-diag-disable=10448' to disable this message.
ifort: remark #10448: Intel(R) Fortran Compiler Classic (ifort) is now deprecated and will be discontinued late 2024. Intel recommends that customers transition now to using the LLVM-based Intel(R) Fortran Compiler (ifx) for continued Windows* and Linux* support, new language support, new language features, and optimizations. Use '-diag-disable=10448' to disable this message.
ifort: remark #10448: Intel(R) Fortran Compiler Classic (ifort) is now deprecated and will be discontinued late 2024. Intel recommends that customers transition now to using the LLVM-based Intel(R) Fortran Compiler (ifx) for continued Windows* and Linux* support, new language support, new language features, and optimizations. Use '-diag-disable=10448' to disable this message.
ifort: remark #10448: Intel(R) Fortran Compiler Classic (ifort) is now deprecated and will be discontinued late 2024. Intel recommends that customers transition now to using the LLVM-based Intel(R) Fortran Compiler (ifx) for continued Windows* and Linux* support, new language support, new language features, and optimizations. Use '-diag-disable=10448' to disable this message.
ifort: remark #10448: Intel(R) Fortran Compiler Classic (ifort) is now deprecated and will be discontinued late 2024. Intel recommends that customers transition now to using the LLVM-based Intel(R) Fortran Compiler (ifx) for continued Windows* and Linux* support, new language support, new language features, and optimizations. Use '-diag-disable=10448' to disable this message.
ifort: remark #10448: Intel(R) Fortran Compiler Classic (ifort) is now deprecated and will be discontinued late 2024. Intel recommends that customers transition now to using the LLVM-based Intel(R) Fortran Compiler (ifx) for continued Windows* and Linux* support, new language support, new language features, and optimizations. Use '-diag-disable=10448' to disable this message.
ifort: remark #10448: Intel(R) Fortran Compiler Classic (ifort) is now deprecated and will be discontinued late 2024. Intel recommends that customers transition now to using the LLVM-based Intel(R) Fortran Compiler (ifx) for continued Windows* and Linux* support, new language support, new language features, and optimizations. Use '-diag-disable=10448' to disable this message.
ifort: remark #10448: Intel(R) Fortran Compiler Classic (ifort) is now deprecated and will be discontinued late 2024. Intel recommends that customers transition now to using the LLVM-based Intel(R) Fortran Compiler (ifx) for continued Windows* and Linux* support, new language support, new language features, and optimizations. Use '-diag-disable=10448' to disable this message.
ifort: remark #10448: Intel(R) Fortran Compiler Classic (ifort) is now deprecated and will be discontinued late 2024. Intel recommends that customers transition now to using the LLVM-based Intel(R) Fortran Compiler (ifx) for continued Windows* and Linux* support, new language support, new language features, and optimizations. Use '-diag-disable=10448' to disable this message.
ifort: remark #10448: Intel(R) Fortran Compiler Classic (ifort) is now deprecated and will be discontinued late 2024. Intel recommends that customers transition now to using the LLVM-based Intel(R) Fortran Compiler (ifx) for continued Windows* and Linux* support, new language support, new language features, and optimizations. Use '-diag-disable=10448' to disable this message.
ifort: remark #10448: Intel(R) Fortran Compiler Classic (ifort) is now deprecated and will be discontinued late 2024. Intel recommends that customers transition now to using the LLVM-based Intel(R) Fortran Compiler (ifx) for continued Windows* and Linux* support, new language support, new language features, and optimizations. Use '-diag-disable=10448' to disable this message.
ifort: remark #10448: Intel(R) Fortran Compiler Classic (ifort) is now deprecated and will be discontinued late 2024. Intel recommends that customers transition now to using the LLVM-based Intel(R) Fortran Compiler (ifx) for continued Windows* and Linux* support, new language support, new language features, and optimizations. Use '-diag-disable=10448' to disable this message.
ifort: remark #10448: Intel(R) Fortran Compiler Classic (ifort) is now deprecated and will be discontinued late 2024. Intel recommends that customers transition now to using the LLVM-based Intel(R) Fortran Compiler (ifx) for continued Windows* and Linux* support, new language support, new language features, and optimizations. Use '-diag-disable=10448' to disable this message.
ifort: remark #10448: Intel(R) Fortran Compiler Classic (ifort) is now deprecated and will be discontinued late 2024. Intel recommends that customers transition now to using the LLVM-based Intel(R) Fortran Compiler (ifx) for continued Windows* and Linux* support, new language support, new language features, and optimizations. Use '-diag-disable=10448' to disable this message.
ifort: remark #10448: Intel(R) Fortran Compiler Classic (ifort) is now deprecated and will be discontinued late 2024. Intel recommends that customers transition now to using the LLVM-based Intel(R) Fortran Compiler (ifx) for continued Windows* and Linux* support, new language support, new language features, and optimizations. Use '-diag-disable=10448' to disable this message.
ifort: remark #10448: Intel(R) Fortran Compiler Classic (ifort) is now deprecated and will be discontinued late 2024. Intel recommends that customers transition now to using the LLVM-based Intel(R) Fortran Compiler (ifx) for continued Windows* and Linux* support, new language support, new language features, and optimizations. Use '-diag-disable=10448' to disable this message.
ifort: remark #10448: Intel(R) Fortran Compiler Classic (ifort) is now deprecated and will be discontinued late 2024. Intel recommends that customers transition now to using the LLVM-based Intel(R) Fortran Compiler (ifx) for continued Windows* and Linux* support, new language support, new language features, and optimizations. Use '-diag-disable=10448' to disable this message.
ifort: remark #10448: Intel(R) Fortran Compiler Classic (ifort) is now deprecated and will be discontinued late 2024. Intel recommends that customers transition now to using the LLVM-based Intel(R) Fortran Compiler (ifx) for continued Windows* and Linux* support, new language support, new language features, and optimizations. Use '-diag-disable=10448' to disable this message.
ifort: remark #10448: Intel(R) Fortran Compiler Classic (ifort) is now deprecated and will be discontinued late 2024. Intel recommends that customers transition now to using the LLVM-based Intel(R) Fortran Compiler (ifx) for continued Windows* and Linux* support, new language support, new language features, and optimizations. Use '-diag-disable=10448' to disable this message.
ifort: remark #10448: Intel(R) Fortran Compiler Classic (ifort) is now deprecated and will be discontinued late 2024. Intel recommends that customers transition now to using the LLVM-based Intel(R) Fortran Compiler (ifx) for continued Windows* and Linux* support, new language support, new language features, and optimizations. Use '-diag-disable=10448' to disable this message.
ifort: remark #10448: Intel(R) Fortran Compiler Classic (ifort) is now deprecated and will be discontinued late 2024. Intel recommends that customers transition now to using the LLVM-based Intel(R) Fortran Compiler (ifx) for continued Windows* and Linux* support, new language support, new language features, and optimizations. Use '-diag-disable=10448' to disable this message.
ifort: remark #10448: Intel(R) Fortran Compiler Classic (ifort) is now deprecated and will be discontinued late 2024. Intel recommends that customers transition now to using the LLVM-based Intel(R) Fortran Compiler (ifx) for continued Windows* and Linux* support, new language support, new language features, and optimizations. Use '-diag-disable=10448' to disable this message.
ifort: remark #10448: Intel(R) Fortran Compiler Classic (ifort) is now deprecated and will be discontinued late 2024. Intel recommends that customers transition now to using the LLVM-based Intel(R) Fortran Compiler (ifx) for continued Windows* and Linux* support, new language support, new language features, and optimizations. Use '-diag-disable=10448' to disable this message.
ifort: remark #10448: Intel(R) Fortran Compiler Classic (ifort) is now deprecated and will be discontinued late 2024. Intel recommends that customers transition now to using the LLVM-based Intel(R) Fortran Compiler (ifx) for continued Windows* and Linux* support, new language support, new language features, and optimizations. Use '-diag-disable=10448' to disable this message.
ifort: remark #10448: Intel(R) Fortran Compiler Classic (ifort) is now deprecated and will be discontinued late 2024. Intel recommends that customers transition now to using the LLVM-based Intel(R) Fortran Compiler (ifx) for continued Windows* and Linux* support, new language support, new language features, and optimizations. Use '-diag-disable=10448' to disable this message.
ifort: remark #10448: Intel(R) Fortran Compiler Classic (ifort) is now deprecated and will be discontinued late 2024. Intel recommends that customers transition now to using the LLVM-based Intel(R) Fortran Compiler (ifx) for continued Windows* and Linux* support, new language support, new language features, and optimizations. Use '-diag-disable=10448' to disable this message.
ifort: remark #10448: Intel(R) Fortran Compiler Classic (ifort) is now deprecated and will be discontinued late 2024. Intel recommends that customers transition now to using the LLVM-based Intel(R) Fortran Compiler (ifx) for continued Windows* and Linux* support, new language support, new language features, and optimizations. Use '-diag-disable=10448' to disable this message.
ifort: remark #10448: Intel(R) Fortran Compiler Classic (ifort) is now deprecated and will be discontinued late 2024. Intel recommends that customers transition now to using the LLVM-based Intel(R) Fortran Compiler (ifx) for continued Windows* and Linux* support, new language support, new language features, and optimizations. Use '-diag-disable=10448' to disable this message.
ifort: remark #10448: Intel(R) Fortran Compiler Classic (ifort) is now deprecated and will be discontinued late 2024. Intel recommends that customers transition now to using the LLVM-based Intel(R) Fortran Compiler (ifx) for continued Windows* and Linux* support, new language support, new language features, and optimizations. Use '-diag-disable=10448' to disable this message.
ifort: remark #10448: Intel(R) Fortran Compiler Classic (ifort) is now deprecated and will be discontinued late 2024. Intel recommends that customers transition now to using the LLVM-based Intel(R) Fortran Compiler (ifx) for continued Windows* and Linux* support, new language support, new language features, and optimizations. Use '-diag-disable=10448' to disable this message.
ifort: remark #10448: Intel(R) Fortran Compiler Classic (ifort) is now deprecated and will be discontinued late 2024. Intel recommends that customers transition now to using the LLVM-based Intel(R) Fortran Compiler (ifx) for continued Windows* and Linux* support, new language support, new language features, and optimizations. Use '-diag-disable=10448' to disable this message.
ifort: remark #10448: Intel(R) Fortran Compiler Classic (ifort) is now deprecated and will be discontinued late 2024. Intel recommends that customers transition now to using the LLVM-based Intel(R) Fortran Compiler (ifx) for continued Windows* and Linux* support, new language support, new language features, and optimizations. Use '-diag-disable=10448' to disable this message.
ifort: remark #10448: Intel(R) Fortran Compiler Classic (ifort) is now deprecated and will be discontinued late 2024. Intel recommends that customers transition now to using the LLVM-based Intel(R) Fortran Compiler (ifx) for continued Windows* and Linux* support, new language support, new language features, and optimizations. Use '-diag-disable=10448' to disable this message.
ifort: remark #10448: Intel(R) Fortran Compiler Classic (ifort) is now deprecated and will be discontinued late 2024. Intel recommends that customers transition now to using the LLVM-based Intel(R) Fortran Compiler (ifx) for continued Windows* and Linux* support, new language support, new language features, and optimizations. Use '-diag-disable=10448' to disable this message.
ifort: remark #10448: Intel(R) Fortran Compiler Classic (ifort) is now deprecated and will be discontinued late 2024. Intel recommends that customers transition now to using the LLVM-based Intel(R) Fortran Compiler (ifx) for continued Windows* and Linux* support, new language support, new language features, and optimizations. Use '-diag-disable=10448' to disable this message.
ifort: remark #10448: Intel(R) Fortran Compiler Classic (ifort) is now deprecated and will be discontinued late 2024. Intel recommends that customers transition now to using the LLVM-based Intel(R) Fortran Compiler (ifx) for continued Windows* and Linux* support, new language support, new language features, and optimizations. Use '-diag-disable=10448' to disable this message.
ifort: remark #10448: Intel(R) Fortran Compiler Classic (ifort) is now deprecated and will be discontinued late 2024. Intel recommends that customers transition now to using the LLVM-based Intel(R) Fortran Compiler (ifx) for continued Windows* and Linux* support, new language support, new language features, and optimizations. Use '-diag-disable=10448' to disable this message.
ifort: remark #10448: Intel(R) Fortran Compiler Classic (ifort) is now deprecated and will be discontinued late 2024. Intel recommends that customers transition now to using the LLVM-based Intel(R) Fortran Compiler (ifx) for continued Windows* and Linux* support, new language support, new language features, and optimizations. Use '-diag-disable=10448' to disable this message.
ifort: remark #10448: Intel(R) Fortran Compiler Classic (ifort) is now deprecated and will be discontinued late 2024. Intel recommends that customers transition now to using the LLVM-based Intel(R) Fortran Compiler (ifx) for continued Windows* and Linux* support, new language support, new language features, and optimizations. Use '-diag-disable=10448' to disable this message.
ifort: remark #10448: Intel(R) Fortran Compiler Classic (ifort) is now deprecated and will be discontinued late 2024. Intel recommends that customers transition now to using the LLVM-based Intel(R) Fortran Compiler (ifx) for continued Windows* and Linux* support, new language support, new language features, and optimizations. Use '-diag-disable=10448' to disable this message.
ifort: remark #10448: Intel(R) Fortran Compiler Classic (ifort) is now deprecated and will be discontinued late 2024. Intel recommends that customers transition now to using the LLVM-based Intel(R) Fortran Compiler (ifx) for continued Windows* and Linux* support, new language support, new language features, and optimizations. Use '-diag-disable=10448' to disable this message.
ifort: remark #10448: Intel(R) Fortran Compiler Classic (ifort) is now deprecated and will be discontinued late 2024. Intel recommends that customers transition now to using the LLVM-based Intel(R) Fortran Compiler (ifx) for continued Windows* and Linux* support, new language support, new language features, and optimizations. Use '-diag-disable=10448' to disable this message.
ifort: remark #10448: Intel(R) Fortran Compiler Classic (ifort) is now deprecated and will be discontinued late 2024. Intel recommends that customers transition now to using the LLVM-based Intel(R) Fortran Compiler (ifx) for continued Windows* and Linux* support, new language support, new language features, and optimizations. Use '-diag-disable=10448' to disable this message.
ifort: remark #10448: Intel(R) Fortran Compiler Classic (ifort) is now deprecated and will be discontinued late 2024. Intel recommends that customers transition now to using the LLVM-based Intel(R) Fortran Compiler (ifx) for continued Windows* and Linux* support, new language support, new language features, and optimizations. Use '-diag-disable=10448' to disable this message.
ifort: remark #10448: Intel(R) Fortran Compiler Classic (ifort) is now deprecated and will be discontinued late 2024. Intel recommends that customers transition now to using the LLVM-based Intel(R) Fortran Compiler (ifx) for continued Windows* and Linux* support, new language support, new language features, and optimizations. Use '-diag-disable=10448' to disable this message.
ifort: remark #10448: Intel(R) Fortran Compiler Classic (ifort) is now deprecated and will be discontinued late 2024. Intel recommends that customers transition now to using the LLVM-based Intel(R) Fortran Compiler (ifx) for continued Windows* and Linux* support, new language support, new language features, and optimizations. Use '-diag-disable=10448' to disable this message.
ifort: remark #10448: Intel(R) Fortran Compiler Classic (ifort) is now deprecated and will be discontinued late 2024. Intel recommends that customers transition now to using the LLVM-based Intel(R) Fortran Compiler (ifx) for continued Windows* and Linux* support, new language support, new language features, and optimizations. Use '-diag-disable=10448' to disable this message.
ifort: remark #10448: Intel(R) Fortran Compiler Classic (ifort) is now deprecated and will be discontinued late 2024. Intel recommends that customers transition now to using the LLVM-based Intel(R) Fortran Compiler (ifx) for continued Windows* and Linux* support, new language support, new language features, and optimizations. Use '-diag-disable=10448' to disable this message.
ifort: remark #10448: Intel(R) Fortran Compiler Classic (ifort) is now deprecated and will be discontinued late 2024. Intel recommends that customers transition now to using the LLVM-based Intel(R) Fortran Compiler (ifx) for continued Windows* and Linux* support, new language support, new language features, and optimizations. Use '-diag-disable=10448' to disable this message.
ifort: remark #10448: Intel(R) Fortran Compiler Classic (ifort) is now deprecated and will be discontinued late 2024. Intel recommends that customers transition now to using the LLVM-based Intel(R) Fortran Compiler (ifx) for continued Windows* and Linux* support, new language support, new language features, and optimizations. Use '-diag-disable=10448' to disable this message.
ifort: remark #10448: Intel(R) Fortran Compiler Classic (ifort) is now deprecated and will be discontinued late 2024. Intel recommends that customers transition now to using the LLVM-based Intel(R) Fortran Compiler (ifx) for continued Windows* and Linux* support, new language support, new language features, and optimizations. Use '-diag-disable=10448' to disable this message.
ifort: remark #10448: Intel(R) Fortran Compiler Classic (ifort) is now deprecated and will be discontinued late 2024. Intel recommends that customers transition now to using the LLVM-based Intel(R) Fortran Compiler (ifx) for continued Windows* and Linux* support, new language support, new language features, and optimizations. Use '-diag-disable=10448' to disable this message.
ifort: remark #10448: Intel(R) Fortran Compiler Classic (ifort) is now deprecated and will be discontinued late 2024. Intel recommends that customers transition now to using the LLVM-based Intel(R) Fortran Compiler (ifx) for continued Windows* and Linux* support, new language support, new language features, and optimizations. Use '-diag-disable=10448' to disable this message.
ifort: remark #10448: Intel(R) Fortran Compiler Classic (ifort) is now deprecated and will be discontinued late 2024. Intel recommends that customers transition now to using the LLVM-based Intel(R) Fortran Compiler (ifx) for continued Windows* and Linux* support, new language support, new language features, and optimizations. Use '-diag-disable=10448' to disable this message.
ifort: remark #10448: Intel(R) Fortran Compiler Classic (ifort) is now deprecated and will be discontinued late 2024. Intel recommends that customers transition now to using the LLVM-based Intel(R) Fortran Compiler (ifx) for continued Windows* and Linux* support, new language support, new language features, and optimizations. Use '-diag-disable=10448' to disable this message.
ifort: remark #10448: Intel(R) Fortran Compiler Classic (ifort) is now deprecated and will be discontinued late 2024. Intel recommends that customers transition now to using the LLVM-based Intel(R) Fortran Compiler (ifx) for continued Windows* and Linux* support, new language support, new language features, and optimizations. Use '-diag-disable=10448' to disable this message.
ifort: remark #10448: Intel(R) Fortran Compiler Classic (ifort) is now deprecated and will be discontinued late 2024. Intel recommends that customers transition now to using the LLVM-based Intel(R) Fortran Compiler (ifx) for continued Windows* and Linux* support, new language support, new language features, and optimizations. Use '-diag-disable=10448' to disable this message.
ifort: remark #10448: Intel(R) Fortran Compiler Classic (ifort) is now deprecated and will be discontinued late 2024. Intel recommends that customers transition now to using the LLVM-based Intel(R) Fortran Compiler (ifx) for continued Windows* and Linux* support, new language support, new language features, and optimizations. Use '-diag-disable=10448' to disable this message.
ifort: remark #10448: Intel(R) Fortran Compiler Classic (ifort) is now deprecated and will be discontinued late 2024. Intel recommends that customers transition now to using the LLVM-based Intel(R) Fortran Compiler (ifx) for continued Windows* and Linux* support, new language support, new language features, and optimizations. Use '-diag-disable=10448' to disable this message.
ifort: remark #10448: Intel(R) Fortran Compiler Classic (ifort) is now deprecated and will be discontinued late 2024. Intel recommends that customers transition now to using the LLVM-based Intel(R) Fortran Compiler (ifx) for continued Windows* and Linux* support, new language support, new language features, and optimizations. Use '-diag-disable=10448' to disable this message.
ifort: remark #10448: Intel(R) Fortran Compiler Classic (ifort) is now deprecated and will be discontinued late 2024. Intel recommends that customers transition now to using the LLVM-based Intel(R) Fortran Compiler (ifx) for continued Windows* and Linux* support, new language support, new language features, and optimizations. Use '-diag-disable=10448' to disable this message.
ifort: remark #10448: Intel(R) Fortran Compiler Classic (ifort) is now deprecated and will be discontinued late 2024. Intel recommends that customers transition now to using the LLVM-based Intel(R) Fortran Compiler (ifx) for continued Windows* and Linux* support, new language support, new language features, and optimizations. Use '-diag-disable=10448' to disable this message.
ifort: remark #10448: Intel(R) Fortran Compiler Classic (ifort) is now deprecated and will be discontinued late 2024. Intel recommends that customers transition now to using the LLVM-based Intel(R) Fortran Compiler (ifx) for continued Windows* and Linux* support, new language support, new language features, and optimizations. Use '-diag-disable=10448' to disable this message.
ifort: remark #10448: Intel(R) Fortran Compiler Classic (ifort) is now deprecated and will be discontinued late 2024. Intel recommends that customers transition now to using the LLVM-based Intel(R) Fortran Compiler (ifx) for continued Windows* and Linux* support, new language support, new language features, and optimizations. Use '-diag-disable=10448' to disable this message.
ifort: remark #10448: Intel(R) Fortran Compiler Classic (ifort) is now deprecated and will be discontinued late 2024. Intel recommends that customers transition now to using the LLVM-based Intel(R) Fortran Compiler (ifx) for continued Windows* and Linux* support, new language support, new language features, and optimizations. Use '-diag-disable=10448' to disable this message.
ifort: remark #10448: Intel(R) Fortran Compiler Classic (ifort) is now deprecated and will be discontinued late 2024. Intel recommends that customers transition now to using the LLVM-based Intel(R) Fortran Compiler (ifx) for continued Windows* and Linux* support, new language support, new language features, and optimizations. Use '-diag-disable=10448' to disable this message.
ifort: remark #10448: Intel(R) Fortran Compiler Classic (ifort) is now deprecated and will be discontinued late 2024. Intel recommends that customers transition now to using the LLVM-based Intel(R) Fortran Compiler (ifx) for continued Windows* and Linux* support, new language support, new language features, and optimizations. Use '-diag-disable=10448' to disable this message.
ifort: remark #10448: Intel(R) Fortran Compiler Classic (ifort) is now deprecated and will be discontinued late 2024. Intel recommends that customers transition now to using the LLVM-based Intel(R) Fortran Compiler (ifx) for continued Windows* and Linux* support, new language support, new language features, and optimizations. Use '-diag-disable=10448' to disable this message.
ifort: remark #10448: Intel(R) Fortran Compiler Classic (ifort) is now deprecated and will be discontinued late 2024. Intel recommends that customers transition now to using the LLVM-based Intel(R) Fortran Compiler (ifx) for continued Windows* and Linux* support, new language support, new language features, and optimizations. Use '-diag-disable=10448' to disable this message.
ifort: remark #10448: Intel(R) Fortran Compiler Classic (ifort) is now deprecated and will be discontinued late 2024. Intel recommends that customers transition now to using the LLVM-based Intel(R) Fortran Compiler (ifx) for continued Windows* and Linux* support, new language support, new language features, and optimizations. Use '-diag-disable=10448' to disable this message.
ifort: remark #10448: Intel(R) Fortran Compiler Classic (ifort) is now deprecated and will be discontinued late 2024. Intel recommends that customers transition now to using the LLVM-based Intel(R) Fortran Compiler (ifx) for continued Windows* and Linux* support, new language support, new language features, and optimizations. Use '-diag-disable=10448' to disable this message.
ifort: remark #10448: Intel(R) Fortran Compiler Classic (ifort) is now deprecated and will be discontinued late 2024. Intel recommends that customers transition now to using the LLVM-based Intel(R) Fortran Compiler (ifx) for continued Windows* and Linux* support, new language support, new language features, and optimizations. Use '-diag-disable=10448' to disable this message.
ifort: remark #10448: Intel(R) Fortran Compiler Classic (ifort) is now deprecated and will be discontinued late 2024. Intel recommends that customers transition now to using the LLVM-based Intel(R) Fortran Compiler (ifx) for continued Windows* and Linux* support, new language support, new language features, and optimizations. Use '-diag-disable=10448' to disable this message.
ifort: remark #10448: Intel(R) Fortran Compiler Classic (ifort) is now deprecated and will be discontinued late 2024. Intel recommends that customers transition now to using the LLVM-based Intel(R) Fortran Compiler (ifx) for continued Windows* and Linux* support, new language support, new language features, and optimizations. Use '-diag-disable=10448' to disable this message.
ifort: remark #10448: Intel(R) Fortran Compiler Classic (ifort) is now deprecated and will be discontinued late 2024. Intel recommends that customers transition now to using the LLVM-based Intel(R) Fortran Compiler (ifx) for continued Windows* and Linux* support, new language support, new language features, and optimizations. Use '-diag-disable=10448' to disable this message.
ifort: remark #10448: Intel(R) Fortran Compiler Classic (ifort) is now deprecated and will be discontinued late 2024. Intel recommends that customers transition now to using the LLVM-based Intel(R) Fortran Compiler (ifx) for continued Windows* and Linux* support, new language support, new language features, and optimizations. Use '-diag-disable=10448' to disable this message.
ifort: remark #10448: Intel(R) Fortran Compiler Classic (ifort) is now deprecated and will be discontinued late 2024. Intel recommends that customers transition now to using the LLVM-based Intel(R) Fortran Compiler (ifx) for continued Windows* and Linux* support, new language support, new language features, and optimizations. Use '-diag-disable=10448' to disable this message.
ifort: remark #10448: Intel(R) Fortran Compiler Classic (ifort) is now deprecated and will be discontinued late 2024. Intel recommends that customers transition now to using the LLVM-based Intel(R) Fortran Compiler (ifx) for continued Windows* and Linux* support, new language support, new language features, and optimizations. Use '-diag-disable=10448' to disable this message.
ifort: remark #10448: Intel(R) Fortran Compiler Classic (ifort) is now deprecated and will be discontinued late 2024. Intel recommends that customers transition now to using the LLVM-based Intel(R) Fortran Compiler (ifx) for continued Windows* and Linux* support, new language support, new language features, and optimizations. Use '-diag-disable=10448' to disable this message.
ifort: remark #10448: Intel(R) Fortran Compiler Classic (ifort) is now deprecated and will be discontinued late 2024. Intel recommends that customers transition now to using the LLVM-based Intel(R) Fortran Compiler (ifx) for continued Windows* and Linux* support, new language support, new language features, and optimizations. Use '-diag-disable=10448' to disable this message.
ifort: remark #10448: Intel(R) Fortran Compiler Classic (ifort) is now deprecated and will be discontinued late 2024. Intel recommends that customers transition now to using the LLVM-based Intel(R) Fortran Compiler (ifx) for continued Windows* and Linux* support, new language support, new language features, and optimizations. Use '-diag-disable=10448' to disable this message.
ifort: remark #10448: Intel(R) Fortran Compiler Classic (ifort) is now deprecated and will be discontinued late 2024. Intel recommends that customers transition now to using the LLVM-based Intel(R) Fortran Compiler (ifx) for continued Windows* and Linux* support, new language support, new language features, and optimizations. Use '-diag-disable=10448' to disable this message.
ifort: remark #10448: Intel(R) Fortran Compiler Classic (ifort) is now deprecated and will be discontinued late 2024. Intel recommends that customers transition now to using the LLVM-based Intel(R) Fortran Compiler (ifx) for continued Windows* and Linux* support, new language support, new language features, and optimizations. Use '-diag-disable=10448' to disable this message.
ifort: remark #10448: Intel(R) Fortran Compiler Classic (ifort) is now deprecated and will be discontinued late 2024. Intel recommends that customers transition now to using the LLVM-based Intel(R) Fortran Compiler (ifx) for continued Windows* and Linux* support, new language support, new language features, and optimizations. Use '-diag-disable=10448' to disable this message.
ifort: remark #10448: Intel(R) Fortran Compiler Classic (ifort) is now deprecated and will be discontinued late 2024. Intel recommends that customers transition now to using the LLVM-based Intel(R) Fortran Compiler (ifx) for continued Windows* and Linux* support, new language support, new language features, and optimizations. Use '-diag-disable=10448' to disable this message.
ifort: remark #10448: Intel(R) Fortran Compiler Classic (ifort) is now deprecated and will be discontinued late 2024. Intel recommends that customers transition now to using the LLVM-based Intel(R) Fortran Compiler (ifx) for continued Windows* and Linux* support, new language support, new language features, and optimizations. Use '-diag-disable=10448' to disable this message.
ifort: remark #10448: Intel(R) Fortran Compiler Classic (ifort) is now deprecated and will be discontinued late 2024. Intel recommends that customers transition now to using the LLVM-based Intel(R) Fortran Compiler (ifx) for continued Windows* and Linux* support, new language support, new language features, and optimizations. Use '-diag-disable=10448' to disable this message.
ifort: remark #10448: Intel(R) Fortran Compiler Classic (ifort) is now deprecated and will be discontinued late 2024. Intel recommends that customers transition now to using the LLVM-based Intel(R) Fortran Compiler (ifx) for continued Windows* and Linux* support, new language support, new language features, and optimizations. Use '-diag-disable=10448' to disable this message.
ifort: remark #10448: Intel(R) Fortran Compiler Classic (ifort) is now deprecated and will be discontinued late 2024. Intel recommends that customers transition now to using the LLVM-based Intel(R) Fortran Compiler (ifx) for continued Windows* and Linux* support, new language support, new language features, and optimizations. Use '-diag-disable=10448' to disable this message.
ifort: remark #10448: Intel(R) Fortran Compiler Classic (ifort) is now deprecated and will be discontinued late 2024. Intel recommends that customers transition now to using the LLVM-based Intel(R) Fortran Compiler (ifx) for continued Windows* and Linux* support, new language support, new language features, and optimizations. Use '-diag-disable=10448' to disable this message.
ifort: remark #10448: Intel(R) Fortran Compiler Classic (ifort) is now deprecated and will be discontinued late 2024. Intel recommends that customers transition now to using the LLVM-based Intel(R) Fortran Compiler (ifx) for continued Windows* and Linux* support, new language support, new language features, and optimizations. Use '-diag-disable=10448' to disable this message.
ifort: remark #10448: Intel(R) Fortran Compiler Classic (ifort) is now deprecated and will be discontinued late 2024. Intel recommends that customers transition now to using the LLVM-based Intel(R) Fortran Compiler (ifx) for continued Windows* and Linux* support, new language support, new language features, and optimizations. Use '-diag-disable=10448' to disable this message.
ifort: remark #10448: Intel(R) Fortran Compiler Classic (ifort) is now deprecated and will be discontinued late 2024. Intel recommends that customers transition now to using the LLVM-based Intel(R) Fortran Compiler (ifx) for continued Windows* and Linux* support, new language support, new language features, and optimizations. Use '-diag-disable=10448' to disable this message.
ifort: remark #10448: Intel(R) Fortran Compiler Classic (ifort) is now deprecated and will be discontinued late 2024. Intel recommends that customers transition now to using the LLVM-based Intel(R) Fortran Compiler (ifx) for continued Windows* and Linux* support, new language support, new language features, and optimizations. Use '-diag-disable=10448' to disable this message.
ifort: remark #10448: Intel(R) Fortran Compiler Classic (ifort) is now deprecated and will be discontinued late 2024. Intel recommends that customers transition now to using the LLVM-based Intel(R) Fortran Compiler (ifx) for continued Windows* and Linux* support, new language support, new language features, and optimizations. Use '-diag-disable=10448' to disable this message.
ifort: remark #10448: Intel(R) Fortran Compiler Classic (ifort) is now deprecated and will be discontinued late 2024. Intel recommends that customers transition now to using the LLVM-based Intel(R) Fortran Compiler (ifx) for continued Windows* and Linux* support, new language support, new language features, and optimizations. Use '-diag-disable=10448' to disable this message.
ifort: remark #10448: Intel(R) Fortran Compiler Classic (ifort) is now deprecated and will be discontinued late 2024. Intel recommends that customers transition now to using the LLVM-based Intel(R) Fortran Compiler (ifx) for continued Windows* and Linux* support, new language support, new language features, and optimizations. Use '-diag-disable=10448' to disable this message.
ifort: remark #10448: Intel(R) Fortran Compiler Classic (ifort) is now deprecated and will be discontinued late 2024. Intel recommends that customers transition now to using the LLVM-based Intel(R) Fortran Compiler (ifx) for continued Windows* and Linux* support, new language support, new language features, and optimizations. Use '-diag-disable=10448' to disable this message.
ifort: remark #10448: Intel(R) Fortran Compiler Classic (ifort) is now deprecated and will be discontinued late 2024. Intel recommends that customers transition now to using the LLVM-based Intel(R) Fortran Compiler (ifx) for continued Windows* and Linux* support, new language support, new language features, and optimizations. Use '-diag-disable=10448' to disable this message.
ifort: remark #10448: Intel(R) Fortran Compiler Classic (ifort) is now deprecated and will be discontinued late 2024. Intel recommends that customers transition now to using the LLVM-based Intel(R) Fortran Compiler (ifx) for continued Windows* and Linux* support, new language support, new language features, and optimizations. Use '-diag-disable=10448' to disable this message.
ifort: remark #10448: Intel(R) Fortran Compiler Classic (ifort) is now deprecated and will be discontinued late 2024. Intel recommends that customers transition now to using the LLVM-based Intel(R) Fortran Compiler (ifx) for continued Windows* and Linux* support, new language support, new language features, and optimizations. Use '-diag-disable=10448' to disable this message.
ifort: remark #10448: Intel(R) Fortran Compiler Classic (ifort) is now deprecated and will be discontinued late 2024. Intel recommends that customers transition now to using the LLVM-based Intel(R) Fortran Compiler (ifx) for continued Windows* and Linux* support, new language support, new language features, and optimizations. Use '-diag-disable=10448' to disable this message.
ifort: remark #10448: Intel(R) Fortran Compiler Classic (ifort) is now deprecated and will be discontinued late 2024. Intel recommends that customers transition now to using the LLVM-based Intel(R) Fortran Compiler (ifx) for continued Windows* and Linux* support, new language support, new language features, and optimizations. Use '-diag-disable=10448' to disable this message.
ifort: remark #10448: Intel(R) Fortran Compiler Classic (ifort) is now deprecated and will be discontinued late 2024. Intel recommends that customers transition now to using the LLVM-based Intel(R) Fortran Compiler (ifx) for continued Windows* and Linux* support, new language support, new language features, and optimizations. Use '-diag-disable=10448' to disable this message.
ifort: remark #10448: Intel(R) Fortran Compiler Classic (ifort) is now deprecated and will be discontinued late 2024. Intel recommends that customers transition now to using the LLVM-based Intel(R) Fortran Compiler (ifx) for continued Windows* and Linux* support, new language support, new language features, and optimizations. Use '-diag-disable=10448' to disable this message.
ifort: remark #10448: Intel(R) Fortran Compiler Classic (ifort) is now deprecated and will be discontinued late 2024. Intel recommends that customers transition now to using the LLVM-based Intel(R) Fortran Compiler (ifx) for continued Windows* and Linux* support, new language support, new language features, and optimizations. Use '-diag-disable=10448' to disable this message.
ifort: remark #10448: Intel(R) Fortran Compiler Classic (ifort) is now deprecated and will be discontinued late 2024. Intel recommends that customers transition now to using the LLVM-based Intel(R) Fortran Compiler (ifx) for continued Windows* and Linux* support, new language support, new language features, and optimizations. Use '-diag-disable=10448' to disable this message.
ifort: remark #10448: Intel(R) Fortran Compiler Classic (ifort) is now deprecated and will be discontinued late 2024. Intel recommends that customers transition now to using the LLVM-based Intel(R) Fortran Compiler (ifx) for continued Windows* and Linux* support, new language support, new language features, and optimizations. Use '-diag-disable=10448' to disable this message.
ifort: remark #10448: Intel(R) Fortran Compiler Classic (ifort) is now deprecated and will be discontinued late 2024. Intel recommends that customers transition now to using the LLVM-based Intel(R) Fortran Compiler (ifx) for continued Windows* and Linux* support, new language support, new language features, and optimizations. Use '-diag-disable=10448' to disable this message.
ifort: remark #10448: Intel(R) Fortran Compiler Classic (ifort) is now deprecated and will be discontinued late 2024. Intel recommends that customers transition now to using the LLVM-based Intel(R) Fortran Compiler (ifx) for continued Windows* and Linux* support, new language support, new language features, and optimizations. Use '-diag-disable=10448' to disable this message.
ifort: remark #10448: Intel(R) Fortran Compiler Classic (ifort) is now deprecated and will be discontinued late 2024. Intel recommends that customers transition now to using the LLVM-based Intel(R) Fortran Compiler (ifx) for continued Windows* and Linux* support, new language support, new language features, and optimizations. Use '-diag-disable=10448' to disable this message.
ifort: remark #10448: Intel(R) Fortran Compiler Classic (ifort) is now deprecated and will be discontinued late 2024. Intel recommends that customers transition now to using the LLVM-based Intel(R) Fortran Compiler (ifx) for continued Windows* and Linux* support, new language support, new language features, and optimizations. Use '-diag-disable=10448' to disable this message.
ifort: remark #10448: Intel(R) Fortran Compiler Classic (ifort) is now deprecated and will be discontinued late 2024. Intel recommends that customers transition now to using the LLVM-based Intel(R) Fortran Compiler (ifx) for continued Windows* and Linux* support, new language support, new language features, and optimizations. Use '-diag-disable=10448' to disable this message.
ifort: remark #10448: Intel(R) Fortran Compiler Classic (ifort) is now deprecated and will be discontinued late 2024. Intel recommends that customers transition now to using the LLVM-based Intel(R) Fortran Compiler (ifx) for continued Windows* and Linux* support, new language support, new language features, and optimizations. Use '-diag-disable=10448' to disable this message.
ifort: remark #10448: Intel(R) Fortran Compiler Classic (ifort) is now deprecated and will be discontinued late 2024. Intel recommends that customers transition now to using the LLVM-based Intel(R) Fortran Compiler (ifx) for continued Windows* and Linux* support, new language support, new language features, and optimizations. Use '-diag-disable=10448' to disable this message.
ifort: remark #10448: Intel(R) Fortran Compiler Classic (ifort) is now deprecated and will be discontinued late 2024. Intel recommends that customers transition now to using the LLVM-based Intel(R) Fortran Compiler (ifx) for continued Windows* and Linux* support, new language support, new language features, and optimizations. Use '-diag-disable=10448' to disable this message.
ifort: remark #10448: Intel(R) Fortran Compiler Classic (ifort) is now deprecated and will be discontinued late 2024. Intel recommends that customers transition now to using the LLVM-based Intel(R) Fortran Compiler (ifx) for continued Windows* and Linux* support, new language support, new language features, and optimizations. Use '-diag-disable=10448' to disable this message.
ifort: remark #10448: Intel(R) Fortran Compiler Classic (ifort) is now deprecated and will be discontinued late 2024. Intel recommends that customers transition now to using the LLVM-based Intel(R) Fortran Compiler (ifx) for continued Windows* and Linux* support, new language support, new language features, and optimizations. Use '-diag-disable=10448' to disable this message.
ifort: remark #10448: Intel(R) Fortran Compiler Classic (ifort) is now deprecated and will be discontinued late 2024. Intel recommends that customers transition now to using the LLVM-based Intel(R) Fortran Compiler (ifx) for continued Windows* and Linux* support, new language support, new language features, and optimizations. Use '-diag-disable=10448' to disable this message.
ifort: remark #10448: Intel(R) Fortran Compiler Classic (ifort) is now deprecated and will be discontinued late 2024. Intel recommends that customers transition now to using the LLVM-based Intel(R) Fortran Compiler (ifx) for continued Windows* and Linux* support, new language support, new language features, and optimizations. Use '-diag-disable=10448' to disable this message.
ifort: remark #10448: Intel(R) Fortran Compiler Classic (ifort) is now deprecated and will be discontinued late 2024. Intel recommends that customers transition now to using the LLVM-based Intel(R) Fortran Compiler (ifx) for continued Windows* and Linux* support, new language support, new language features, and optimizations. Use '-diag-disable=10448' to disable this message.
ifort: remark #10448: Intel(R) Fortran Compiler Classic (ifort) is now deprecated and will be discontinued late 2024. Intel recommends that customers transition now to using the LLVM-based Intel(R) Fortran Compiler (ifx) for continued Windows* and Linux* support, new language support, new language features, and optimizations. Use '-diag-disable=10448' to disable this message.
ifort: remark #10448: Intel(R) Fortran Compiler Classic (ifort) is now deprecated and will be discontinued late 2024. Intel recommends that customers transition now to using the LLVM-based Intel(R) Fortran Compiler (ifx) for continued Windows* and Linux* support, new language support, new language features, and optimizations. Use '-diag-disable=10448' to disable this message.
ifort: remark #10448: Intel(R) Fortran Compiler Classic (ifort) is now deprecated and will be discontinued late 2024. Intel recommends that customers transition now to using the LLVM-based Intel(R) Fortran Compiler (ifx) for continued Windows* and Linux* support, new language support, new language features, and optimizations. Use '-diag-disable=10448' to disable this message.
ifort: remark #10448: Intel(R) Fortran Compiler Classic (ifort) is now deprecated and will be discontinued late 2024. Intel recommends that customers transition now to using the LLVM-based Intel(R) Fortran Compiler (ifx) for continued Windows* and Linux* support, new language support, new language features, and optimizations. Use '-diag-disable=10448' to disable this message.
ifort: remark #10448: Intel(R) Fortran Compiler Classic (ifort) is now deprecated and will be discontinued late 2024. Intel recommends that customers transition now to using the LLVM-based Intel(R) Fortran Compiler (ifx) for continued Windows* and Linux* support, new language support, new language features, and optimizations. Use '-diag-disable=10448' to disable this message.
ifort: remark #10448: Intel(R) Fortran Compiler Classic (ifort) is now deprecated and will be discontinued late 2024. Intel recommends that customers transition now to using the LLVM-based Intel(R) Fortran Compiler (ifx) for continued Windows* and Linux* support, new language support, new language features, and optimizations. Use '-diag-disable=10448' to disable this message.
ifort: remark #10448: Intel(R) Fortran Compiler Classic (ifort) is now deprecated and will be discontinued late 2024. Intel recommends that customers transition now to using the LLVM-based Intel(R) Fortran Compiler (ifx) for continued Windows* and Linux* support, new language support, new language features, and optimizations. Use '-diag-disable=10448' to disable this message.
ifort: remark #10448: Intel(R) Fortran Compiler Classic (ifort) is now deprecated and will be discontinued late 2024. Intel recommends that customers transition now to using the LLVM-based Intel(R) Fortran Compiler (ifx) for continued Windows* and Linux* support, new language support, new language features, and optimizations. Use '-diag-disable=10448' to disable this message.
ifort: remark #10448: Intel(R) Fortran Compiler Classic (ifort) is now deprecated and will be discontinued late 2024. Intel recommends that customers transition now to using the LLVM-based Intel(R) Fortran Compiler (ifx) for continued Windows* and Linux* support, new language support, new language features, and optimizations. Use '-diag-disable=10448' to disable this message.
ifort: remark #10448: Intel(R) Fortran Compiler Classic (ifort) is now deprecated and will be discontinued late 2024. Intel recommends that customers transition now to using the LLVM-based Intel(R) Fortran Compiler (ifx) for continued Windows* and Linux* support, new language support, new language features, and optimizations. Use '-diag-disable=10448' to disable this message.
ifort: remark #10448: Intel(R) Fortran Compiler Classic (ifort) is now deprecated and will be discontinued late 2024. Intel recommends that customers transition now to using the LLVM-based Intel(R) Fortran Compiler (ifx) for continued Windows* and Linux* support, new language support, new language features, and optimizations. Use '-diag-disable=10448' to disable this message.
ifort: remark #10448: Intel(R) Fortran Compiler Classic (ifort) is now deprecated and will be discontinued late 2024. Intel recommends that customers transition now to using the LLVM-based Intel(R) Fortran Compiler (ifx) for continued Windows* and Linux* support, new language support, new language features, and optimizations. Use '-diag-disable=10448' to disable this message.
ifort: remark #10448: Intel(R) Fortran Compiler Classic (ifort) is now deprecated and will be discontinued late 2024. Intel recommends that customers transition now to using the LLVM-based Intel(R) Fortran Compiler (ifx) for continued Windows* and Linux* support, new language support, new language features, and optimizations. Use '-diag-disable=10448' to disable this message.
ifort: remark #10448: Intel(R) Fortran Compiler Classic (ifort) is now deprecated and will be discontinued late 2024. Intel recommends that customers transition now to using the LLVM-based Intel(R) Fortran Compiler (ifx) for continued Windows* and Linux* support, new language support, new language features, and optimizations. Use '-diag-disable=10448' to disable this message.
ifort: remark #10448: Intel(R) Fortran Compiler Classic (ifort) is now deprecated and will be discontinued late 2024. Intel recommends that customers transition now to using the LLVM-based Intel(R) Fortran Compiler (ifx) for continued Windows* and Linux* support, new language support, new language features, and optimizations. Use '-diag-disable=10448' to disable this message.
ifort: remark #10448: Intel(R) Fortran Compiler Classic (ifort) is now deprecated and will be discontinued late 2024. Intel recommends that customers transition now to using the LLVM-based Intel(R) Fortran Compiler (ifx) for continued Windows* and Linux* support, new language support, new language features, and optimizations. Use '-diag-disable=10448' to disable this message.
ifort: remark #10448: Intel(R) Fortran Compiler Classic (ifort) is now deprecated and will be discontinued late 2024. Intel recommends that customers transition now to using the LLVM-based Intel(R) Fortran Compiler (ifx) for continued Windows* and Linux* support, new language support, new language features, and optimizations. Use '-diag-disable=10448' to disable this message.
ifort: remark #10448: Intel(R) Fortran Compiler Classic (ifort) is now deprecated and will be discontinued late 2024. Intel recommends that customers transition now to using the LLVM-based Intel(R) Fortran Compiler (ifx) for continued Windows* and Linux* support, new language support, new language features, and optimizations. Use '-diag-disable=10448' to disable this message.
ifort: remark #10448: Intel(R) Fortran Compiler Classic (ifort) is now deprecated and will be discontinued late 2024. Intel recommends that customers transition now to using the LLVM-based Intel(R) Fortran Compiler (ifx) for continued Windows* and Linux* support, new language support, new language features, and optimizations. Use '-diag-disable=10448' to disable this message.
ifort: remark #10448: Intel(R) Fortran Compiler Classic (ifort) is now deprecated and will be discontinued late 2024. Intel recommends that customers transition now to using the LLVM-based Intel(R) Fortran Compiler (ifx) for continued Windows* and Linux* support, new language support, new language features, and optimizations. Use '-diag-disable=10448' to disable this message.
ifort: remark #10448: Intel(R) Fortran Compiler Classic (ifort) is now deprecated and will be discontinued late 2024. Intel recommends that customers transition now to using the LLVM-based Intel(R) Fortran Compiler (ifx) for continued Windows* and Linux* support, new language support, new language features, and optimizations. Use '-diag-disable=10448' to disable this message.
ifort: remark #10448: Intel(R) Fortran Compiler Classic (ifort) is now deprecated and will be discontinued late 2024. Intel recommends that customers transition now to using the LLVM-based Intel(R) Fortran Compiler (ifx) for continued Windows* and Linux* support, new language support, new language features, and optimizations. Use '-diag-disable=10448' to disable this message.
ifort: remark #10448: Intel(R) Fortran Compiler Classic (ifort) is now deprecated and will be discontinued late 2024. Intel recommends that customers transition now to using the LLVM-based Intel(R) Fortran Compiler (ifx) for continued Windows* and Linux* support, new language support, new language features, and optimizations. Use '-diag-disable=10448' to disable this message.
ifort: remark #10448: Intel(R) Fortran Compiler Classic (ifort) is now deprecated and will be discontinued late 2024. Intel recommends that customers transition now to using the LLVM-based Intel(R) Fortran Compiler (ifx) for continued Windows* and Linux* support, new language support, new language features, and optimizations. Use '-diag-disable=10448' to disable this message.
ifort: remark #10448: Intel(R) Fortran Compiler Classic (ifort) is now deprecated and will be discontinued late 2024. Intel recommends that customers transition now to using the LLVM-based Intel(R) Fortran Compiler (ifx) for continued Windows* and Linux* support, new language support, new language features, and optimizations. Use '-diag-disable=10448' to disable this message.
ifort: remark #10448: Intel(R) Fortran Compiler Classic (ifort) is now deprecated and will be discontinued late 2024. Intel recommends that customers transition now to using the LLVM-based Intel(R) Fortran Compiler (ifx) for continued Windows* and Linux* support, new language support, new language features, and optimizations. Use '-diag-disable=10448' to disable this message.
ifort: remark #10448: Intel(R) Fortran Compiler Classic (ifort) is now deprecated and will be discontinued late 2024. Intel recommends that customers transition now to using the LLVM-based Intel(R) Fortran Compiler (ifx) for continued Windows* and Linux* support, new language support, new language features, and optimizations. Use '-diag-disable=10448' to disable this message.
ifort: remark #10448: Intel(R) Fortran Compiler Classic (ifort) is now deprecated and will be discontinued late 2024. Intel recommends that customers transition now to using the LLVM-based Intel(R) Fortran Compiler (ifx) for continued Windows* and Linux* support, new language support, new language features, and optimizations. Use '-diag-disable=10448' to disable this message.
ifort: remark #10448: Intel(R) Fortran Compiler Classic (ifort) is now deprecated and will be discontinued late 2024. Intel recommends that customers transition now to using the LLVM-based Intel(R) Fortran Compiler (ifx) for continued Windows* and Linux* support, new language support, new language features, and optimizations. Use '-diag-disable=10448' to disable this message.
ifort: remark #10448: Intel(R) Fortran Compiler Classic (ifort) is now deprecated and will be discontinued late 2024. Intel recommends that customers transition now to using the LLVM-based Intel(R) Fortran Compiler (ifx) for continued Windows* and Linux* support, new language support, new language features, and optimizations. Use '-diag-disable=10448' to disable this message.
ifort: remark #10448: Intel(R) Fortran Compiler Classic (ifort) is now deprecated and will be discontinued late 2024. Intel recommends that customers transition now to using the LLVM-based Intel(R) Fortran Compiler (ifx) for continued Windows* and Linux* support, new language support, new language features, and optimizations. Use '-diag-disable=10448' to disable this message.
ifort: remark #10448: Intel(R) Fortran Compiler Classic (ifort) is now deprecated and will be discontinued late 2024. Intel recommends that customers transition now to using the LLVM-based Intel(R) Fortran Compiler (ifx) for continued Windows* and Linux* support, new language support, new language features, and optimizations. Use '-diag-disable=10448' to disable this message.
ifort: remark #10448: Intel(R) Fortran Compiler Classic (ifort) is now deprecated and will be discontinued late 2024. Intel recommends that customers transition now to using the LLVM-based Intel(R) Fortran Compiler (ifx) for continued Windows* and Linux* support, new language support, new language features, and optimizations. Use '-diag-disable=10448' to disable this message.
ifort: remark #10448: Intel(R) Fortran Compiler Classic (ifort) is now deprecated and will be discontinued late 2024. Intel recommends that customers transition now to using the LLVM-based Intel(R) Fortran Compiler (ifx) for continued Windows* and Linux* support, new language support, new language features, and optimizations. Use '-diag-disable=10448' to disable this message.
ifort: remark #10448: Intel(R) Fortran Compiler Classic (ifort) is now deprecated and will be discontinued late 2024. Intel recommends that customers transition now to using the LLVM-based Intel(R) Fortran Compiler (ifx) for continued Windows* and Linux* support, new language support, new language features, and optimizations. Use '-diag-disable=10448' to disable this message.
ifort: remark #10448: Intel(R) Fortran Compiler Classic (ifort) is now deprecated and will be discontinued late 2024. Intel recommends that customers transition now to using the LLVM-based Intel(R) Fortran Compiler (ifx) for continued Windows* and Linux* support, new language support, new language features, and optimizations. Use '-diag-disable=10448' to disable this message.
ifort: remark #10448: Intel(R) Fortran Compiler Classic (ifort) is now deprecated and will be discontinued late 2024. Intel recommends that customers transition now to using the LLVM-based Intel(R) Fortran Compiler (ifx) for continued Windows* and Linux* support, new language support, new language features, and optimizations. Use '-diag-disable=10448' to disable this message.
ifort: remark #10448: Intel(R) Fortran Compiler Classic (ifort) is now deprecated and will be discontinued late 2024. Intel recommends that customers transition now to using the LLVM-based Intel(R) Fortran Compiler (ifx) for continued Windows* and Linux* support, new language support, new language features, and optimizations. Use '-diag-disable=10448' to disable this message.
ifort: remark #10448: Intel(R) Fortran Compiler Classic (ifort) is now deprecated and will be discontinued late 2024. Intel recommends that customers transition now to using the LLVM-based Intel(R) Fortran Compiler (ifx) for continued Windows* and Linux* support, new language support, new language features, and optimizations. Use '-diag-disable=10448' to disable this message.
ifort: remark #10448: Intel(R) Fortran Compiler Classic (ifort) is now deprecated and will be discontinued late 2024. Intel recommends that customers transition now to using the LLVM-based Intel(R) Fortran Compiler (ifx) for continued Windows* and Linux* support, new language support, new language features, and optimizations. Use '-diag-disable=10448' to disable this message.
ifort: remark #10448: Intel(R) Fortran Compiler Classic (ifort) is now deprecated and will be discontinued late 2024. Intel recommends that customers transition now to using the LLVM-based Intel(R) Fortran Compiler (ifx) for continued Windows* and Linux* support, new language support, new language features, and optimizations. Use '-diag-disable=10448' to disable this message.
ifort: remark #10448: Intel(R) Fortran Compiler Classic (ifort) is now deprecated and will be discontinued late 2024. Intel recommends that customers transition now to using the LLVM-based Intel(R) Fortran Compiler (ifx) for continued Windows* and Linux* support, new language support, new language features, and optimizations. Use '-diag-disable=10448' to disable this message.
ifort: remark #10448: Intel(R) Fortran Compiler Classic (ifort) is now deprecated and will be discontinued late 2024. Intel recommends that customers transition now to using the LLVM-based Intel(R) Fortran Compiler (ifx) for continued Windows* and Linux* support, new language support, new language features, and optimizations. Use '-diag-disable=10448' to disable this message.
ifort: remark #10448: Intel(R) Fortran Compiler Classic (ifort) is now deprecated and will be discontinued late 2024. Intel recommends that customers transition now to using the LLVM-based Intel(R) Fortran Compiler (ifx) for continued Windows* and Linux* support, new language support, new language features, and optimizations. Use '-diag-disable=10448' to disable this message.
ifort: remark #10448: Intel(R) Fortran Compiler Classic (ifort) is now deprecated and will be discontinued late 2024. Intel recommends that customers transition now to using the LLVM-based Intel(R) Fortran Compiler (ifx) for continued Windows* and Linux* support, new language support, new language features, and optimizations. Use '-diag-disable=10448' to disable this message.
ifort: remark #10448: Intel(R) Fortran Compiler Classic (ifort) is now deprecated and will be discontinued late 2024. Intel recommends that customers transition now to using the LLVM-based Intel(R) Fortran Compiler (ifx) for continued Windows* and Linux* support, new language support, new language features, and optimizations. Use '-diag-disable=10448' to disable this message.
ifort: remark #10448: Intel(R) Fortran Compiler Classic (ifort) is now deprecated and will be discontinued late 2024. Intel recommends that customers transition now to using the LLVM-based Intel(R) Fortran Compiler (ifx) for continued Windows* and Linux* support, new language support, new language features, and optimizations. Use '-diag-disable=10448' to disable this message.
ifort: remark #10448: Intel(R) Fortran Compiler Classic (ifort) is now deprecated and will be discontinued late 2024. Intel recommends that customers transition now to using the LLVM-based Intel(R) Fortran Compiler (ifx) for continued Windows* and Linux* support, new language support, new language features, and optimizations. Use '-diag-disable=10448' to disable this message.
ifort: remark #10448: Intel(R) Fortran Compiler Classic (ifort) is now deprecated and will be discontinued late 2024. Intel recommends that customers transition now to using the LLVM-based Intel(R) Fortran Compiler (ifx) for continued Windows* and Linux* support, new language support, new language features, and optimizations. Use '-diag-disable=10448' to disable this message.
ifort: remark #10448: Intel(R) Fortran Compiler Classic (ifort) is now deprecated and will be discontinued late 2024. Intel recommends that customers transition now to using the LLVM-based Intel(R) Fortran Compiler (ifx) for continued Windows* and Linux* support, new language support, new language features, and optimizations. Use '-diag-disable=10448' to disable this message.
ifort: remark #10448: Intel(R) Fortran Compiler Classic (ifort) is now deprecated and will be discontinued late 2024. Intel recommends that customers transition now to using the LLVM-based Intel(R) Fortran Compiler (ifx) for continued Windows* and Linux* support, new language support, new language features, and optimizations. Use '-diag-disable=10448' to disable this message.
ifort: remark #10448: Intel(R) Fortran Compiler Classic (ifort) is now deprecated and will be discontinued late 2024. Intel recommends that customers transition now to using the LLVM-based Intel(R) Fortran Compiler (ifx) for continued Windows* and Linux* support, new language support, new language features, and optimizations. Use '-diag-disable=10448' to disable this message.
ifort: remark #10448: Intel(R) Fortran Compiler Classic (ifort) is now deprecated and will be discontinued late 2024. Intel recommends that customers transition now to using the LLVM-based Intel(R) Fortran Compiler (ifx) for continued Windows* and Linux* support, new language support, new language features, and optimizations. Use '-diag-disable=10448' to disable this message.
ifort: remark #10448: Intel(R) Fortran Compiler Classic (ifort) is now deprecated and will be discontinued late 2024. Intel recommends that customers transition now to using the LLVM-based Intel(R) Fortran Compiler (ifx) for continued Windows* and Linux* support, new language support, new language features, and optimizations. Use '-diag-disable=10448' to disable this message.
ifort: remark #10448: Intel(R) Fortran Compiler Classic (ifort) is now deprecated and will be discontinued late 2024. Intel recommends that customers transition now to using the LLVM-based Intel(R) Fortran Compiler (ifx) for continued Windows* and Linux* support, new language support, new language features, and optimizations. Use '-diag-disable=10448' to disable this message.
ifort: remark #10448: Intel(R) Fortran Compiler Classic (ifort) is now deprecated and will be discontinued late 2024. Intel recommends that customers transition now to using the LLVM-based Intel(R) Fortran Compiler (ifx) for continued Windows* and Linux* support, new language support, new language features, and optimizations. Use '-diag-disable=10448' to disable this message.
ifort: remark #10448: Intel(R) Fortran Compiler Classic (ifort) is now deprecated and will be discontinued late 2024. Intel recommends that customers transition now to using the LLVM-based Intel(R) Fortran Compiler (ifx) for continued Windows* and Linux* support, new language support, new language features, and optimizations. Use '-diag-disable=10448' to disable this message.
ifort: remark #10448: Intel(R) Fortran Compiler Classic (ifort) is now deprecated and will be discontinued late 2024. Intel recommends that customers transition now to using the LLVM-based Intel(R) Fortran Compiler (ifx) for continued Windows* and Linux* support, new language support, new language features, and optimizations. Use '-diag-disable=10448' to disable this message.
ifort: remark #10448: Intel(R) Fortran Compiler Classic (ifort) is now deprecated and will be discontinued late 2024. Intel recommends that customers transition now to using the LLVM-based Intel(R) Fortran Compiler (ifx) for continued Windows* and Linux* support, new language support, new language features, and optimizations. Use '-diag-disable=10448' to disable this message.
ifort: remark #10448: Intel(R) Fortran Compiler Classic (ifort) is now deprecated and will be discontinued late 2024. Intel recommends that customers transition now to using the LLVM-based Intel(R) Fortran Compiler (ifx) for continued Windows* and Linux* support, new language support, new language features, and optimizations. Use '-diag-disable=10448' to disable this message.
ifort: remark #10448: Intel(R) Fortran Compiler Classic (ifort) is now deprecated and will be discontinued late 2024. Intel recommends that customers transition now to using the LLVM-based Intel(R) Fortran Compiler (ifx) for continued Windows* and Linux* support, new language support, new language features, and optimizations. Use '-diag-disable=10448' to disable this message.
ifort: remark #10448: Intel(R) Fortran Compiler Classic (ifort) is now deprecated and will be discontinued late 2024. Intel recommends that customers transition now to using the LLVM-based Intel(R) Fortran Compiler (ifx) for continued Windows* and Linux* support, new language support, new language features, and optimizations. Use '-diag-disable=10448' to disable this message.
ifort: remark #10448: Intel(R) Fortran Compiler Classic (ifort) is now deprecated and will be discontinued late 2024. Intel recommends that customers transition now to using the LLVM-based Intel(R) Fortran Compiler (ifx) for continued Windows* and Linux* support, new language support, new language features, and optimizations. Use '-diag-disable=10448' to disable this message.
ifort: remark #10448: Intel(R) Fortran Compiler Classic (ifort) is now deprecated and will be discontinued late 2024. Intel recommends that customers transition now to using the LLVM-based Intel(R) Fortran Compiler (ifx) for continued Windows* and Linux* support, new language support, new language features, and optimizations. Use '-diag-disable=10448' to disable this message.
ifort: remark #10448: Intel(R) Fortran Compiler Classic (ifort) is now deprecated and will be discontinued late 2024. Intel recommends that customers transition now to using the LLVM-based Intel(R) Fortran Compiler (ifx) for continued Windows* and Linux* support, new language support, new language features, and optimizations. Use '-diag-disable=10448' to disable this message.
ifort: remark #10448: Intel(R) Fortran Compiler Classic (ifort) is now deprecated and will be discontinued late 2024. Intel recommends that customers transition now to using the LLVM-based Intel(R) Fortran Compiler (ifx) for continued Windows* and Linux* support, new language support, new language features, and optimizations. Use '-diag-disable=10448' to disable this message.
ifort: remark #10448: Intel(R) Fortran Compiler Classic (ifort) is now deprecated and will be discontinued late 2024. Intel recommends that customers transition now to using the LLVM-based Intel(R) Fortran Compiler (ifx) for continued Windows* and Linux* support, new language support, new language features, and optimizations. Use '-diag-disable=10448' to disable this message.
ifort: remark #10448: Intel(R) Fortran Compiler Classic (ifort) is now deprecated and will be discontinued late 2024. Intel recommends that customers transition now to using the LLVM-based Intel(R) Fortran Compiler (ifx) for continued Windows* and Linux* support, new language support, new language features, and optimizations. Use '-diag-disable=10448' to disable this message.
ifort: remark #10448: Intel(R) Fortran Compiler Classic (ifort) is now deprecated and will be discontinued late 2024. Intel recommends that customers transition now to using the LLVM-based Intel(R) Fortran Compiler (ifx) for continued Windows* and Linux* support, new language support, new language features, and optimizations. Use '-diag-disable=10448' to disable this message.
ifort: remark #10448: Intel(R) Fortran Compiler Classic (ifort) is now deprecated and will be discontinued late 2024. Intel recommends that customers transition now to using the LLVM-based Intel(R) Fortran Compiler (ifx) for continued Windows* and Linux* support, new language support, new language features, and optimizations. Use '-diag-disable=10448' to disable this message.
ifort: remark #10448: Intel(R) Fortran Compiler Classic (ifort) is now deprecated and will be discontinued late 2024. Intel recommends that customers transition now to using the LLVM-based Intel(R) Fortran Compiler (ifx) for continued Windows* and Linux* support, new language support, new language features, and optimizations. Use '-diag-disable=10448' to disable this message.
ifort: remark #10448: Intel(R) Fortran Compiler Classic (ifort) is now deprecated and will be discontinued late 2024. Intel recommends that customers transition now to using the LLVM-based Intel(R) Fortran Compiler (ifx) for continued Windows* and Linux* support, new language support, new language features, and optimizations. Use '-diag-disable=10448' to disable this message.
ifort: remark #10448: Intel(R) Fortran Compiler Classic (ifort) is now deprecated and will be discontinued late 2024. Intel recommends that customers transition now to using the LLVM-based Intel(R) Fortran Compiler (ifx) for continued Windows* and Linux* support, new language support, new language features, and optimizations. Use '-diag-disable=10448' to disable this message.
ifort: remark #10448: Intel(R) Fortran Compiler Classic (ifort) is now deprecated and will be discontinued late 2024. Intel recommends that customers transition now to using the LLVM-based Intel(R) Fortran Compiler (ifx) for continued Windows* and Linux* support, new language support, new language features, and optimizations. Use '-diag-disable=10448' to disable this message.
ifort: remark #10448: Intel(R) Fortran Compiler Classic (ifort) is now deprecated and will be discontinued late 2024. Intel recommends that customers transition now to using the LLVM-based Intel(R) Fortran Compiler (ifx) for continued Windows* and Linux* support, new language support, new language features, and optimizations. Use '-diag-disable=10448' to disable this message.
ifort: remark #10448: Intel(R) Fortran Compiler Classic (ifort) is now deprecated and will be discontinued late 2024. Intel recommends that customers transition now to using the LLVM-based Intel(R) Fortran Compiler (ifx) for continued Windows* and Linux* support, new language support, new language features, and optimizations. Use '-diag-disable=10448' to disable this message.
ifort: remark #10448: Intel(R) Fortran Compiler Classic (ifort) is now deprecated and will be discontinued late 2024. Intel recommends that customers transition now to using the LLVM-based Intel(R) Fortran Compiler (ifx) for continued Windows* and Linux* support, new language support, new language features, and optimizations. Use '-diag-disable=10448' to disable this message.
ifort: remark #10448: Intel(R) Fortran Compiler Classic (ifort) is now deprecated and will be discontinued late 2024. Intel recommends that customers transition now to using the LLVM-based Intel(R) Fortran Compiler (ifx) for continued Windows* and Linux* support, new language support, new language features, and optimizations. Use '-diag-disable=10448' to disable this message.
ifort: remark #10448: Intel(R) Fortran Compiler Classic (ifort) is now deprecated and will be discontinued late 2024. Intel recommends that customers transition now to using the LLVM-based Intel(R) Fortran Compiler (ifx) for continued Windows* and Linux* support, new language support, new language features, and optimizations. Use '-diag-disable=10448' to disable this message.
ifort: remark #10448: Intel(R) Fortran Compiler Classic (ifort) is now deprecated and will be discontinued late 2024. Intel recommends that customers transition now to using the LLVM-based Intel(R) Fortran Compiler (ifx) for continued Windows* and Linux* support, new language support, new language features, and optimizations. Use '-diag-disable=10448' to disable this message.
ifort: remark #10448: Intel(R) Fortran Compiler Classic (ifort) is now deprecated and will be discontinued late 2024. Intel recommends that customers transition now to using the LLVM-based Intel(R) Fortran Compiler (ifx) for continued Windows* and Linux* support, new language support, new language features, and optimizations. Use '-diag-disable=10448' to disable this message.
ifort: remark #10448: Intel(R) Fortran Compiler Classic (ifort) is now deprecated and will be discontinued late 2024. Intel recommends that customers transition now to using the LLVM-based Intel(R) Fortran Compiler (ifx) for continued Windows* and Linux* support, new language support, new language features, and optimizations. Use '-diag-disable=10448' to disable this message.
ifort: remark #10448: Intel(R) Fortran Compiler Classic (ifort) is now deprecated and will be discontinued late 2024. Intel recommends that customers transition now to using the LLVM-based Intel(R) Fortran Compiler (ifx) for continued Windows* and Linux* support, new language support, new language features, and optimizations. Use '-diag-disable=10448' to disable this message.
ifort: remark #10448: Intel(R) Fortran Compiler Classic (ifort) is now deprecated and will be discontinued late 2024. Intel recommends that customers transition now to using the LLVM-based Intel(R) Fortran Compiler (ifx) for continued Windows* and Linux* support, new language support, new language features, and optimizations. Use '-diag-disable=10448' to disable this message.
ifort: remark #10448: Intel(R) Fortran Compiler Classic (ifort) is now deprecated and will be discontinued late 2024. Intel recommends that customers transition now to using the LLVM-based Intel(R) Fortran Compiler (ifx) for continued Windows* and Linux* support, new language support, new language features, and optimizations. Use '-diag-disable=10448' to disable this message.
ifort: remark #10448: Intel(R) Fortran Compiler Classic (ifort) is now deprecated and will be discontinued late 2024. Intel recommends that customers transition now to using the LLVM-based Intel(R) Fortran Compiler (ifx) for continued Windows* and Linux* support, new language support, new language features, and optimizations. Use '-diag-disable=10448' to disable this message.
ifort: remark #10448: Intel(R) Fortran Compiler Classic (ifort) is now deprecated and will be discontinued late 2024. Intel recommends that customers transition now to using the LLVM-based Intel(R) Fortran Compiler (ifx) for continued Windows* and Linux* support, new language support, new language features, and optimizations. Use '-diag-disable=10448' to disable this message.
ifort: remark #10448: Intel(R) Fortran Compiler Classic (ifort) is now deprecated and will be discontinued late 2024. Intel recommends that customers transition now to using the LLVM-based Intel(R) Fortran Compiler (ifx) for continued Windows* and Linux* support, new language support, new language features, and optimizations. Use '-diag-disable=10448' to disable this message.
ifort: remark #10448: Intel(R) Fortran Compiler Classic (ifort) is now deprecated and will be discontinued late 2024. Intel recommends that customers transition now to using the LLVM-based Intel(R) Fortran Compiler (ifx) for continued Windows* and Linux* support, new language support, new language features, and optimizations. Use '-diag-disable=10448' to disable this message.
ifort: remark #10448: Intel(R) Fortran Compiler Classic (ifort) is now deprecated and will be discontinued late 2024. Intel recommends that customers transition now to using the LLVM-based Intel(R) Fortran Compiler (ifx) for continued Windows* and Linux* support, new language support, new language features, and optimizations. Use '-diag-disable=10448' to disable this message.
ifort: remark #10448: Intel(R) Fortran Compiler Classic (ifort) is now deprecated and will be discontinued late 2024. Intel recommends that customers transition now to using the LLVM-based Intel(R) Fortran Compiler (ifx) for continued Windows* and Linux* support, new language support, new language features, and optimizations. Use '-diag-disable=10448' to disable this message.
ifort: remark #10448: Intel(R) Fortran Compiler Classic (ifort) is now deprecated and will be discontinued late 2024. Intel recommends that customers transition now to using the LLVM-based Intel(R) Fortran Compiler (ifx) for continued Windows* and Linux* support, new language support, new language features, and optimizations. Use '-diag-disable=10448' to disable this message.
ifort: remark #10448: Intel(R) Fortran Compiler Classic (ifort) is now deprecated and will be discontinued late 2024. Intel recommends that customers transition now to using the LLVM-based Intel(R) Fortran Compiler (ifx) for continued Windows* and Linux* support, new language support, new language features, and optimizations. Use '-diag-disable=10448' to disable this message.
ifort: remark #10448: Intel(R) Fortran Compiler Classic (ifort) is now deprecated and will be discontinued late 2024. Intel recommends that customers transition now to using the LLVM-based Intel(R) Fortran Compiler (ifx) for continued Windows* and Linux* support, new language support, new language features, and optimizations. Use '-diag-disable=10448' to disable this message.
ifort: remark #10448: Intel(R) Fortran Compiler Classic (ifort) is now deprecated and will be discontinued late 2024. Intel recommends that customers transition now to using the LLVM-based Intel(R) Fortran Compiler (ifx) for continued Windows* and Linux* support, new language support, new language features, and optimizations. Use '-diag-disable=10448' to disable this message.
ifort: remark #10448: Intel(R) Fortran Compiler Classic (ifort) is now deprecated and will be discontinued late 2024. Intel recommends that customers transition now to using the LLVM-based Intel(R) Fortran Compiler (ifx) for continued Windows* and Linux* support, new language support, new language features, and optimizations. Use '-diag-disable=10448' to disable this message.
ifort: remark #10448: Intel(R) Fortran Compiler Classic (ifort) is now deprecated and will be discontinued late 2024. Intel recommends that customers transition now to using the LLVM-based Intel(R) Fortran Compiler (ifx) for continued Windows* and Linux* support, new language support, new language features, and optimizations. Use '-diag-disable=10448' to disable this message.
ifort: remark #10448: Intel(R) Fortran Compiler Classic (ifort) is now deprecated and will be discontinued late 2024. Intel recommends that customers transition now to using the LLVM-based Intel(R) Fortran Compiler (ifx) for continued Windows* and Linux* support, new language support, new language features, and optimizations. Use '-diag-disable=10448' to disable this message.
ifort: remark #10448: Intel(R) Fortran Compiler Classic (ifort) is now deprecated and will be discontinued late 2024. Intel recommends that customers transition now to using the LLVM-based Intel(R) Fortran Compiler (ifx) for continued Windows* and Linux* support, new language support, new language features, and optimizations. Use '-diag-disable=10448' to disable this message.
ifort: remark #10448: Intel(R) Fortran Compiler Classic (ifort) is now deprecated and will be discontinued late 2024. Intel recommends that customers transition now to using the LLVM-based Intel(R) Fortran Compiler (ifx) for continued Windows* and Linux* support, new language support, new language features, and optimizations. Use '-diag-disable=10448' to disable this message.
ifort: remark #10448: Intel(R) Fortran Compiler Classic (ifort) is now deprecated and will be discontinued late 2024. Intel recommends that customers transition now to using the LLVM-based Intel(R) Fortran Compiler (ifx) for continued Windows* and Linux* support, new language support, new language features, and optimizations. Use '-diag-disable=10448' to disable this message.
ifort: remark #10448: Intel(R) Fortran Compiler Classic (ifort) is now deprecated and will be discontinued late 2024. Intel recommends that customers transition now to using the LLVM-based Intel(R) Fortran Compiler (ifx) for continued Windows* and Linux* support, new language support, new language features, and optimizations. Use '-diag-disable=10448' to disable this message.
ifort: remark #10448: Intel(R) Fortran Compiler Classic (ifort) is now deprecated and will be discontinued late 2024. Intel recommends that customers transition now to using the LLVM-based Intel(R) Fortran Compiler (ifx) for continued Windows* and Linux* support, new language support, new language features, and optimizations. Use '-diag-disable=10448' to disable this message.
ifort: remark #10448: Intel(R) Fortran Compiler Classic (ifort) is now deprecated and will be discontinued late 2024. Intel recommends that customers transition now to using the LLVM-based Intel(R) Fortran Compiler (ifx) for continued Windows* and Linux* support, new language support, new language features, and optimizations. Use '-diag-disable=10448' to disable this message.
ifort: remark #10448: Intel(R) Fortran Compiler Classic (ifort) is now deprecated and will be discontinued late 2024. Intel recommends that customers transition now to using the LLVM-based Intel(R) Fortran Compiler (ifx) for continued Windows* and Linux* support, new language support, new language features, and optimizations. Use '-diag-disable=10448' to disable this message.
ifort: remark #10448: Intel(R) Fortran Compiler Classic (ifort) is now deprecated and will be discontinued late 2024. Intel recommends that customers transition now to using the LLVM-based Intel(R) Fortran Compiler (ifx) for continued Windows* and Linux* support, new language support, new language features, and optimizations. Use '-diag-disable=10448' to disable this message.
ifort: remark #10448: Intel(R) Fortran Compiler Classic (ifort) is now deprecated and will be discontinued late 2024. Intel recommends that customers transition now to using the LLVM-based Intel(R) Fortran Compiler (ifx) for continued Windows* and Linux* support, new language support, new language features, and optimizations. Use '-diag-disable=10448' to disable this message.
ifort: remark #10448: Intel(R) Fortran Compiler Classic (ifort) is now deprecated and will be discontinued late 2024. Intel recommends that customers transition now to using the LLVM-based Intel(R) Fortran Compiler (ifx) for continued Windows* and Linux* support, new language support, new language features, and optimizations. Use '-diag-disable=10448' to disable this message.
ifort: remark #10448: Intel(R) Fortran Compiler Classic (ifort) is now deprecated and will be discontinued late 2024. Intel recommends that customers transition now to using the LLVM-based Intel(R) Fortran Compiler (ifx) for continued Windows* and Linux* support, new language support, new language features, and optimizations. Use '-diag-disable=10448' to disable this message.
ifort: remark #10448: Intel(R) Fortran Compiler Classic (ifort) is now deprecated and will be discontinued late 2024. Intel recommends that customers transition now to using the LLVM-based Intel(R) Fortran Compiler (ifx) for continued Windows* and Linux* support, new language support, new language features, and optimizations. Use '-diag-disable=10448' to disable this message.
ifort: remark #10448: Intel(R) Fortran Compiler Classic (ifort) is now deprecated and will be discontinued late 2024. Intel recommends that customers transition now to using the LLVM-based Intel(R) Fortran Compiler (ifx) for continued Windows* and Linux* support, new language support, new language features, and optimizations. Use '-diag-disable=10448' to disable this message.
ifort: remark #10448: Intel(R) Fortran Compiler Classic (ifort) is now deprecated and will be discontinued late 2024. Intel recommends that customers transition now to using the LLVM-based Intel(R) Fortran Compiler (ifx) for continued Windows* and Linux* support, new language support, new language features, and optimizations. Use '-diag-disable=10448' to disable this message.
ifort: remark #10448: Intel(R) Fortran Compiler Classic (ifort) is now deprecated and will be discontinued late 2024. Intel recommends that customers transition now to using the LLVM-based Intel(R) Fortran Compiler (ifx) for continued Windows* and Linux* support, new language support, new language features, and optimizations. Use '-diag-disable=10448' to disable this message.
ifort: remark #10448: Intel(R) Fortran Compiler Classic (ifort) is now deprecated and will be discontinued late 2024. Intel recommends that customers transition now to using the LLVM-based Intel(R) Fortran Compiler (ifx) for continued Windows* and Linux* support, new language support, new language features, and optimizations. Use '-diag-disable=10448' to disable this message.
ifort: remark #10448: Intel(R) Fortran Compiler Classic (ifort) is now deprecated and will be discontinued late 2024. Intel recommends that customers transition now to using the LLVM-based Intel(R) Fortran Compiler (ifx) for continued Windows* and Linux* support, new language support, new language features, and optimizations. Use '-diag-disable=10448' to disable this message.
ifort: remark #10448: Intel(R) Fortran Compiler Classic (ifort) is now deprecated and will be discontinued late 2024. Intel recommends that customers transition now to using the LLVM-based Intel(R) Fortran Compiler (ifx) for continued Windows* and Linux* support, new language support, new language features, and optimizations. Use '-diag-disable=10448' to disable this message.
ifort: remark #10448: Intel(R) Fortran Compiler Classic (ifort) is now deprecated and will be discontinued late 2024. Intel recommends that customers transition now to using the LLVM-based Intel(R) Fortran Compiler (ifx) for continued Windows* and Linux* support, new language support, new language features, and optimizations. Use '-diag-disable=10448' to disable this message.
ifort: remark #10448: Intel(R) Fortran Compiler Classic (ifort) is now deprecated and will be discontinued late 2024. Intel recommends that customers transition now to using the LLVM-based Intel(R) Fortran Compiler (ifx) for continued Windows* and Linux* support, new language support, new language features, and optimizations. Use '-diag-disable=10448' to disable this message.
ifort: remark #10448: Intel(R) Fortran Compiler Classic (ifort) is now deprecated and will be discontinued late 2024. Intel recommends that customers transition now to using the LLVM-based Intel(R) Fortran Compiler (ifx) for continued Windows* and Linux* support, new language support, new language features, and optimizations. Use '-diag-disable=10448' to disable this message.
ifort: remark #10448: Intel(R) Fortran Compiler Classic (ifort) is now deprecated and will be discontinued late 2024. Intel recommends that customers transition now to using the LLVM-based Intel(R) Fortran Compiler (ifx) for continued Windows* and Linux* support, new language support, new language features, and optimizations. Use '-diag-disable=10448' to disable this message.
ifort: remark #10448: Intel(R) Fortran Compiler Classic (ifort) is now deprecated and will be discontinued late 2024. Intel recommends that customers transition now to using the LLVM-based Intel(R) Fortran Compiler (ifx) for continued Windows* and Linux* support, new language support, new language features, and optimizations. Use '-diag-disable=10448' to disable this message.
ifort: remark #10448: Intel(R) Fortran Compiler Classic (ifort) is now deprecated and will be discontinued late 2024. Intel recommends that customers transition now to using the LLVM-based Intel(R) Fortran Compiler (ifx) for continued Windows* and Linux* support, new language support, new language features, and optimizations. Use '-diag-disable=10448' to disable this message.
ifort: remark #10448: Intel(R) Fortran Compiler Classic (ifort) is now deprecated and will be discontinued late 2024. Intel recommends that customers transition now to using the LLVM-based Intel(R) Fortran Compiler (ifx) for continued Windows* and Linux* support, new language support, new language features, and optimizations. Use '-diag-disable=10448' to disable this message.
ifort: remark #10448: Intel(R) Fortran Compiler Classic (ifort) is now deprecated and will be discontinued late 2024. Intel recommends that customers transition now to using the LLVM-based Intel(R) Fortran Compiler (ifx) for continued Windows* and Linux* support, new language support, new language features, and optimizations. Use '-diag-disable=10448' to disable this message.
ifort: remark #10448: Intel(R) Fortran Compiler Classic (ifort) is now deprecated and will be discontinued late 2024. Intel recommends that customers transition now to using the LLVM-based Intel(R) Fortran Compiler (ifx) for continued Windows* and Linux* support, new language support, new language features, and optimizations. Use '-diag-disable=10448' to disable this message.
ifort: remark #10448: Intel(R) Fortran Compiler Classic (ifort) is now deprecated and will be discontinued late 2024. Intel recommends that customers transition now to using the LLVM-based Intel(R) Fortran Compiler (ifx) for continued Windows* and Linux* support, new language support, new language features, and optimizations. Use '-diag-disable=10448' to disable this message.
ifort: remark #10448: Intel(R) Fortran Compiler Classic (ifort) is now deprecated and will be discontinued late 2024. Intel recommends that customers transition now to using the LLVM-based Intel(R) Fortran Compiler (ifx) for continued Windows* and Linux* support, new language support, new language features, and optimizations. Use '-diag-disable=10448' to disable this message.
ifort: remark #10448: Intel(R) Fortran Compiler Classic (ifort) is now deprecated and will be discontinued late 2024. Intel recommends that customers transition now to using the LLVM-based Intel(R) Fortran Compiler (ifx) for continued Windows* and Linux* support, new language support, new language features, and optimizations. Use '-diag-disable=10448' to disable this message.
ifort: remark #10448: Intel(R) Fortran Compiler Classic (ifort) is now deprecated and will be discontinued late 2024. Intel recommends that customers transition now to using the LLVM-based Intel(R) Fortran Compiler (ifx) for continued Windows* and Linux* support, new language support, new language features, and optimizations. Use '-diag-disable=10448' to disable this message.
ifort: remark #10448: Intel(R) Fortran Compiler Classic (ifort) is now deprecated and will be discontinued late 2024. Intel recommends that customers transition now to using the LLVM-based Intel(R) Fortran Compiler (ifx) for continued Windows* and Linux* support, new language support, new language features, and optimizations. Use '-diag-disable=10448' to disable this message.
ifort: remark #10448: Intel(R) Fortran Compiler Classic (ifort) is now deprecated and will be discontinued late 2024. Intel recommends that customers transition now to using the LLVM-based Intel(R) Fortran Compiler (ifx) for continued Windows* and Linux* support, new language support, new language features, and optimizations. Use '-diag-disable=10448' to disable this message.
ifort: remark #10448: Intel(R) Fortran Compiler Classic (ifort) is now deprecated and will be discontinued late 2024. Intel recommends that customers transition now to using the LLVM-based Intel(R) Fortran Compiler (ifx) for continued Windows* and Linux* support, new language support, new language features, and optimizations. Use '-diag-disable=10448' to disable this message.
ifort: remark #10448: Intel(R) Fortran Compiler Classic (ifort) is now deprecated and will be discontinued late 2024. Intel recommends that customers transition now to using the LLVM-based Intel(R) Fortran Compiler (ifx) for continued Windows* and Linux* support, new language support, new language features, and optimizations. Use '-diag-disable=10448' to disable this message.
ifort: remark #10448: Intel(R) Fortran Compiler Classic (ifort) is now deprecated and will be discontinued late 2024. Intel recommends that customers transition now to using the LLVM-based Intel(R) Fortran Compiler (ifx) for continued Windows* and Linux* support, new language support, new language features, and optimizations. Use '-diag-disable=10448' to disable this message.
ifort: remark #10448: Intel(R) Fortran Compiler Classic (ifort) is now deprecated and will be discontinued late 2024. Intel recommends that customers transition now to using the LLVM-based Intel(R) Fortran Compiler (ifx) for continued Windows* and Linux* support, new language support, new language features, and optimizations. Use '-diag-disable=10448' to disable this message.
ifort: remark #10448: Intel(R) Fortran Compiler Classic (ifort) is now deprecated and will be discontinued late 2024. Intel recommends that customers transition now to using the LLVM-based Intel(R) Fortran Compiler (ifx) for continued Windows* and Linux* support, new language support, new language features, and optimizations. Use '-diag-disable=10448' to disable this message.
ifort: remark #10448: Intel(R) Fortran Compiler Classic (ifort) is now deprecated and will be discontinued late 2024. Intel recommends that customers transition now to using the LLVM-based Intel(R) Fortran Compiler (ifx) for continued Windows* and Linux* support, new language support, new language features, and optimizations. Use '-diag-disable=10448' to disable this message.
ifort: remark #10448: Intel(R) Fortran Compiler Classic (ifort) is now deprecated and will be discontinued late 2024. Intel recommends that customers transition now to using the LLVM-based Intel(R) Fortran Compiler (ifx) for continued Windows* and Linux* support, new language support, new language features, and optimizations. Use '-diag-disable=10448' to disable this message.
ifort: remark #10448: Intel(R) Fortran Compiler Classic (ifort) is now deprecated and will be discontinued late 2024. Intel recommends that customers transition now to using the LLVM-based Intel(R) Fortran Compiler (ifx) for continued Windows* and Linux* support, new language support, new language features, and optimizations. Use '-diag-disable=10448' to disable this message.
ifort: remark #10448: Intel(R) Fortran Compiler Classic (ifort) is now deprecated and will be discontinued late 2024. Intel recommends that customers transition now to using the LLVM-based Intel(R) Fortran Compiler (ifx) for continued Windows* and Linux* support, new language support, new language features, and optimizations. Use '-diag-disable=10448' to disable this message.
ifort: remark #10448: Intel(R) Fortran Compiler Classic (ifort) is now deprecated and will be discontinued late 2024. Intel recommends that customers transition now to using the LLVM-based Intel(R) Fortran Compiler (ifx) for continued Windows* and Linux* support, new language support, new language features, and optimizations. Use '-diag-disable=10448' to disable this message.
ifort: remark #10448: Intel(R) Fortran Compiler Classic (ifort) is now deprecated and will be discontinued late 2024. Intel recommends that customers transition now to using the LLVM-based Intel(R) Fortran Compiler (ifx) for continued Windows* and Linux* support, new language support, new language features, and optimizations. Use '-diag-disable=10448' to disable this message.
ifort: remark #10448: Intel(R) Fortran Compiler Classic (ifort) is now deprecated and will be discontinued late 2024. Intel recommends that customers transition now to using the LLVM-based Intel(R) Fortran Compiler (ifx) for continued Windows* and Linux* support, new language support, new language features, and optimizations. Use '-diag-disable=10448' to disable this message.
ifort: remark #10448: Intel(R) Fortran Compiler Classic (ifort) is now deprecated and will be discontinued late 2024. Intel recommends that customers transition now to using the LLVM-based Intel(R) Fortran Compiler (ifx) for continued Windows* and Linux* support, new language support, new language features, and optimizations. Use '-diag-disable=10448' to disable this message.
ifort: remark #10448: Intel(R) Fortran Compiler Classic (ifort) is now deprecated and will be discontinued late 2024. Intel recommends that customers transition now to using the LLVM-based Intel(R) Fortran Compiler (ifx) for continued Windows* and Linux* support, new language support, new language features, and optimizations. Use '-diag-disable=10448' to disable this message.
ifort: remark #10448: Intel(R) Fortran Compiler Classic (ifort) is now deprecated and will be discontinued late 2024. Intel recommends that customers transition now to using the LLVM-based Intel(R) Fortran Compiler (ifx) for continued Windows* and Linux* support, new language support, new language features, and optimizations. Use '-diag-disable=10448' to disable this message.
ifort: remark #10448: Intel(R) Fortran Compiler Classic (ifort) is now deprecated and will be discontinued late 2024. Intel recommends that customers transition now to using the LLVM-based Intel(R) Fortran Compiler (ifx) for continued Windows* and Linux* support, new language support, new language features, and optimizations. Use '-diag-disable=10448' to disable this message.
ifort: remark #10448: Intel(R) Fortran Compiler Classic (ifort) is now deprecated and will be discontinued late 2024. Intel recommends that customers transition now to using the LLVM-based Intel(R) Fortran Compiler (ifx) for continued Windows* and Linux* support, new language support, new language features, and optimizations. Use '-diag-disable=10448' to disable this message.
ifort: remark #10448: Intel(R) Fortran Compiler Classic (ifort) is now deprecated and will be discontinued late 2024. Intel recommends that customers transition now to using the LLVM-based Intel(R) Fortran Compiler (ifx) for continued Windows* and Linux* support, new language support, new language features, and optimizations. Use '-diag-disable=10448' to disable this message.
ifort: remark #10448: Intel(R) Fortran Compiler Classic (ifort) is now deprecated and will be discontinued late 2024. Intel recommends that customers transition now to using the LLVM-based Intel(R) Fortran Compiler (ifx) for continued Windows* and Linux* support, new language support, new language features, and optimizations. Use '-diag-disable=10448' to disable this message.
ifort: remark #10448: Intel(R) Fortran Compiler Classic (ifort) is now deprecated and will be discontinued late 2024. Intel recommends that customers transition now to using the LLVM-based Intel(R) Fortran Compiler (ifx) for continued Windows* and Linux* support, new language support, new language features, and optimizations. Use '-diag-disable=10448' to disable this message.
ifort: remark #10448: Intel(R) Fortran Compiler Classic (ifort) is now deprecated and will be discontinued late 2024. Intel recommends that customers transition now to using the LLVM-based Intel(R) Fortran Compiler (ifx) for continued Windows* and Linux* support, new language support, new language features, and optimizations. Use '-diag-disable=10448' to disable this message.
ifort: remark #10448: Intel(R) Fortran Compiler Classic (ifort) is now deprecated and will be discontinued late 2024. Intel recommends that customers transition now to using the LLVM-based Intel(R) Fortran Compiler (ifx) for continued Windows* and Linux* support, new language support, new language features, and optimizations. Use '-diag-disable=10448' to disable this message.
ifort: remark #10448: Intel(R) Fortran Compiler Classic (ifort) is now deprecated and will be discontinued late 2024. Intel recommends that customers transition now to using the LLVM-based Intel(R) Fortran Compiler (ifx) for continued Windows* and Linux* support, new language support, new language features, and optimizations. Use '-diag-disable=10448' to disable this message.
ifort: remark #10448: Intel(R) Fortran Compiler Classic (ifort) is now deprecated and will be discontinued late 2024. Intel recommends that customers transition now to using the LLVM-based Intel(R) Fortran Compiler (ifx) for continued Windows* and Linux* support, new language support, new language features, and optimizations. Use '-diag-disable=10448' to disable this message.
ifort: remark #10448: Intel(R) Fortran Compiler Classic (ifort) is now deprecated and will be discontinued late 2024. Intel recommends that customers transition now to using the LLVM-based Intel(R) Fortran Compiler (ifx) for continued Windows* and Linux* support, new language support, new language features, and optimizations. Use '-diag-disable=10448' to disable this message.
ifort: remark #10448: Intel(R) Fortran Compiler Classic (ifort) is now deprecated and will be discontinued late 2024. Intel recommends that customers transition now to using the LLVM-based Intel(R) Fortran Compiler (ifx) for continued Windows* and Linux* support, new language support, new language features, and optimizations. Use '-diag-disable=10448' to disable this message.
ifort: remark #10448: Intel(R) Fortran Compiler Classic (ifort) is now deprecated and will be discontinued late 2024. Intel recommends that customers transition now to using the LLVM-based Intel(R) Fortran Compiler (ifx) for continued Windows* and Linux* support, new language support, new language features, and optimizations. Use '-diag-disable=10448' to disable this message.
ifort: remark #10448: Intel(R) Fortran Compiler Classic (ifort) is now deprecated and will be discontinued late 2024. Intel recommends that customers transition now to using the LLVM-based Intel(R) Fortran Compiler (ifx) for continued Windows* and Linux* support, new language support, new language features, and optimizations. Use '-diag-disable=10448' to disable this message.
ifort: remark #10448: Intel(R) Fortran Compiler Classic (ifort) is now deprecated and will be discontinued late 2024. Intel recommends that customers transition now to using the LLVM-based Intel(R) Fortran Compiler (ifx) for continued Windows* and Linux* support, new language support, new language features, and optimizations. Use '-diag-disable=10448' to disable this message.
ifort: remark #10448: Intel(R) Fortran Compiler Classic (ifort) is now deprecated and will be discontinued late 2024. Intel recommends that customers transition now to using the LLVM-based Intel(R) Fortran Compiler (ifx) for continued Windows* and Linux* support, new language support, new language features, and optimizations. Use '-diag-disable=10448' to disable this message.
/scratch3/NCEPDEV/da/Andrew.Collard/git/GSI_CRTMv3_dev_cdf/src/gsi/stpjcmod.f90(920): warning #9111: The minus (-) operator for OpenMP* reduction clauses is deprecated.
!$omp parallel do private(k,j,i,ii) firstprivate(rcon,con) reduction(-:dmn) reduction(-:dmn2) collapse(2)
---------------------------------------------------------------------^
/scratch3/NCEPDEV/da/Andrew.Collard/git/GSI_CRTMv3_dev_cdf/src/gsi/stpjcmod.f90(920): warning #9111: The minus (-) operator for OpenMP* reduction clauses is deprecated.
!$omp parallel do private(k,j,i,ii) firstprivate(rcon,con) reduction(-:dmn) reduction(-:dmn2) collapse(2)
--------------------------------------------------------------------------------------^
ifort: remark #10448: Intel(R) Fortran Compiler Classic (ifort) is now deprecated and will be discontinued late 2024. Intel recommends that customers transition now to using the LLVM-based Intel(R) Fortran Compiler (ifx) for continued Windows* and Linux* support, new language support, new language features, and optimizations. Use '-diag-disable=10448' to disable this message.
ifort: remark #10448: Intel(R) Fortran Compiler Classic (ifort) is now deprecated and will be discontinued late 2024. Intel recommends that customers transition now to using the LLVM-based Intel(R) Fortran Compiler (ifx) for continued Windows* and Linux* support, new language support, new language features, and optimizations. Use '-diag-disable=10448' to disable this message.
ifort: remark #10448: Intel(R) Fortran Compiler Classic (ifort) is now deprecated and will be discontinued late 2024. Intel recommends that customers transition now to using the LLVM-based Intel(R) Fortran Compiler (ifx) for continued Windows* and Linux* support, new language support, new language features, and optimizations. Use '-diag-disable=10448' to disable this message.
ifort: remark #10448: Intel(R) Fortran Compiler Classic (ifort) is now deprecated and will be discontinued late 2024. Intel recommends that customers transition now to using the LLVM-based Intel(R) Fortran Compiler (ifx) for continued Windows* and Linux* support, new language support, new language features, and optimizations. Use '-diag-disable=10448' to disable this message.
ifort: remark #10448: Intel(R) Fortran Compiler Classic (ifort) is now deprecated and will be discontinued late 2024. Intel recommends that customers transition now to using the LLVM-based Intel(R) Fortran Compiler (ifx) for continued Windows* and Linux* support, new language support, new language features, and optimizations. Use '-diag-disable=10448' to disable this message.
ifort: remark #10448: Intel(R) Fortran Compiler Classic (ifort) is now deprecated and will be discontinued late 2024. Intel recommends that customers transition now to using the LLVM-based Intel(R) Fortran Compiler (ifx) for continued Windows* and Linux* support, new language support, new language features, and optimizations. Use '-diag-disable=10448' to disable this message.
ifort: remark #10448: Intel(R) Fortran Compiler Classic (ifort) is now deprecated and will be discontinued late 2024. Intel recommends that customers transition now to using the LLVM-based Intel(R) Fortran Compiler (ifx) for continued Windows* and Linux* support, new language support, new language features, and optimizations. Use '-diag-disable=10448' to disable this message.
ifort: remark #10448: Intel(R) Fortran Compiler Classic (ifort) is now deprecated and will be discontinued late 2024. Intel recommends that customers transition now to using the LLVM-based Intel(R) Fortran Compiler (ifx) for continued Windows* and Linux* support, new language support, new language features, and optimizations. Use '-diag-disable=10448' to disable this message.
ifort: remark #10448: Intel(R) Fortran Compiler Classic (ifort) is now deprecated and will be discontinued late 2024. Intel recommends that customers transition now to using the LLVM-based Intel(R) Fortran Compiler (ifx) for continued Windows* and Linux* support, new language support, new language features, and optimizations. Use '-diag-disable=10448' to disable this message.
ifort: remark #10448: Intel(R) Fortran Compiler Classic (ifort) is now deprecated and will be discontinued late 2024. Intel recommends that customers transition now to using the LLVM-based Intel(R) Fortran Compiler (ifx) for continued Windows* and Linux* support, new language support, new language features, and optimizations. Use '-diag-disable=10448' to disable this message.
ifort: remark #10448: Intel(R) Fortran Compiler Classic (ifort) is now deprecated and will be discontinued late 2024. Intel recommends that customers transition now to using the LLVM-based Intel(R) Fortran Compiler (ifx) for continued Windows* and Linux* support, new language support, new language features, and optimizations. Use '-diag-disable=10448' to disable this message.
ifort: remark #10448: Intel(R) Fortran Compiler Classic (ifort) is now deprecated and will be discontinued late 2024. Intel recommends that customers transition now to using the LLVM-based Intel(R) Fortran Compiler (ifx) for continued Windows* and Linux* support, new language support, new language features, and optimizations. Use '-diag-disable=10448' to disable this message.
ifort: remark #10448: Intel(R) Fortran Compiler Classic (ifort) is now deprecated and will be discontinued late 2024. Intel recommends that customers transition now to using the LLVM-based Intel(R) Fortran Compiler (ifx) for continued Windows* and Linux* support, new language support, new language features, and optimizations. Use '-diag-disable=10448' to disable this message.
ifort: remark #10448: Intel(R) Fortran Compiler Classic (ifort) is now deprecated and will be discontinued late 2024. Intel recommends that customers transition now to using the LLVM-based Intel(R) Fortran Compiler (ifx) for continued Windows* and Linux* support, new language support, new language features, and optimizations. Use '-diag-disable=10448' to disable this message.
ifort: remark #10448: Intel(R) Fortran Compiler Classic (ifort) is now deprecated and will be discontinued late 2024. Intel recommends that customers transition now to using the LLVM-based Intel(R) Fortran Compiler (ifx) for continued Windows* and Linux* support, new language support, new language features, and optimizations. Use '-diag-disable=10448' to disable this message.
ifort: remark #10448: Intel(R) Fortran Compiler Classic (ifort) is now deprecated and will be discontinued late 2024. Intel recommends that customers transition now to using the LLVM-based Intel(R) Fortran Compiler (ifx) for continued Windows* and Linux* support, new language support, new language features, and optimizations. Use '-diag-disable=10448' to disable this message.
ifort: remark #10448: Intel(R) Fortran Compiler Classic (ifort) is now deprecated and will be discontinued late 2024. Intel recommends that customers transition now to using the LLVM-based Intel(R) Fortran Compiler (ifx) for continued Windows* and Linux* support, new language support, new language features, and optimizations. Use '-diag-disable=10448' to disable this message.
ifort: remark #10448: Intel(R) Fortran Compiler Classic (ifort) is now deprecated and will be discontinued late 2024. Intel recommends that customers transition now to using the LLVM-based Intel(R) Fortran Compiler (ifx) for continued Windows* and Linux* support, new language support, new language features, and optimizations. Use '-diag-disable=10448' to disable this message.
ifort: remark #10448: Intel(R) Fortran Compiler Classic (ifort) is now deprecated and will be discontinued late 2024. Intel recommends that customers transition now to using the LLVM-based Intel(R) Fortran Compiler (ifx) for continued Windows* and Linux* support, new language support, new language features, and optimizations. Use '-diag-disable=10448' to disable this message.
ifort: remark #10448: Intel(R) Fortran Compiler Classic (ifort) is now deprecated and will be discontinued late 2024. Intel recommends that customers transition now to using the LLVM-based Intel(R) Fortran Compiler (ifx) for continued Windows* and Linux* support, new language support, new language features, and optimizations. Use '-diag-disable=10448' to disable this message.
ifort: remark #10448: Intel(R) Fortran Compiler Classic (ifort) is now deprecated and will be discontinued late 2024. Intel recommends that customers transition now to using the LLVM-based Intel(R) Fortran Compiler (ifx) for continued Windows* and Linux* support, new language support, new language features, and optimizations. Use '-diag-disable=10448' to disable this message.
ifort: remark #10448: Intel(R) Fortran Compiler Classic (ifort) is now deprecated and will be discontinued late 2024. Intel recommends that customers transition now to using the LLVM-based Intel(R) Fortran Compiler (ifx) for continued Windows* and Linux* support, new language support, new language features, and optimizations. Use '-diag-disable=10448' to disable this message.
ifort: remark #10448: Intel(R) Fortran Compiler Classic (ifort) is now deprecated and will be discontinued late 2024. Intel recommends that customers transition now to using the LLVM-based Intel(R) Fortran Compiler (ifx) for continued Windows* and Linux* support, new language support, new language features, and optimizations. Use '-diag-disable=10448' to disable this message.
ifort: remark #10448: Intel(R) Fortran Compiler Classic (ifort) is now deprecated and will be discontinued late 2024. Intel recommends that customers transition now to using the LLVM-based Intel(R) Fortran Compiler (ifx) for continued Windows* and Linux* support, new language support, new language features, and optimizations. Use '-diag-disable=10448' to disable this message.
ifort: remark #10448: Intel(R) Fortran Compiler Classic (ifort) is now deprecated and will be discontinued late 2024. Intel recommends that customers transition now to using the LLVM-based Intel(R) Fortran Compiler (ifx) for continued Windows* and Linux* support, new language support, new language features, and optimizations. Use '-diag-disable=10448' to disable this message.
ifort: remark #10448: Intel(R) Fortran Compiler Classic (ifort) is now deprecated and will be discontinued late 2024. Intel recommends that customers transition now to using the LLVM-based Intel(R) Fortran Compiler (ifx) for continued Windows* and Linux* support, new language support, new language features, and optimizations. Use '-diag-disable=10448' to disable this message.
ifort: remark #10448: Intel(R) Fortran Compiler Classic (ifort) is now deprecated and will be discontinued late 2024. Intel recommends that customers transition now to using the LLVM-based Intel(R) Fortran Compiler (ifx) for continued Windows* and Linux* support, new language support, new language features, and optimizations. Use '-diag-disable=10448' to disable this message.
ifort: remark #10448: Intel(R) Fortran Compiler Classic (ifort) is now deprecated and will be discontinued late 2024. Intel recommends that customers transition now to using the LLVM-based Intel(R) Fortran Compiler (ifx) for continued Windows* and Linux* support, new language support, new language features, and optimizations. Use '-diag-disable=10448' to disable this message.
ifort: remark #10448: Intel(R) Fortran Compiler Classic (ifort) is now deprecated and will be discontinued late 2024. Intel recommends that customers transition now to using the LLVM-based Intel(R) Fortran Compiler (ifx) for continued Windows* and Linux* support, new language support, new language features, and optimizations. Use '-diag-disable=10448' to disable this message.
ifort: remark #10448: Intel(R) Fortran Compiler Classic (ifort) is now deprecated and will be discontinued late 2024. Intel recommends that customers transition now to using the LLVM-based Intel(R) Fortran Compiler (ifx) for continued Windows* and Linux* support, new language support, new language features, and optimizations. Use '-diag-disable=10448' to disable this message.
ifort: remark #10448: Intel(R) Fortran Compiler Classic (ifort) is now deprecated and will be discontinued late 2024. Intel recommends that customers transition now to using the LLVM-based Intel(R) Fortran Compiler (ifx) for continued Windows* and Linux* support, new language support, new language features, and optimizations. Use '-diag-disable=10448' to disable this message.
ifort: remark #10448: Intel(R) Fortran Compiler Classic (ifort) is now deprecated and will be discontinued late 2024. Intel recommends that customers transition now to using the LLVM-based Intel(R) Fortran Compiler (ifx) for continued Windows* and Linux* support, new language support, new language features, and optimizations. Use '-diag-disable=10448' to disable this message.
ifort: remark #10448: Intel(R) Fortran Compiler Classic (ifort) is now deprecated and will be discontinued late 2024. Intel recommends that customers transition now to using the LLVM-based Intel(R) Fortran Compiler (ifx) for continued Windows* and Linux* support, new language support, new language features, and optimizations. Use '-diag-disable=10448' to disable this message.
ifort: remark #10448: Intel(R) Fortran Compiler Classic (ifort) is now deprecated and will be discontinued late 2024. Intel recommends that customers transition now to using the LLVM-based Intel(R) Fortran Compiler (ifx) for continued Windows* and Linux* support, new language support, new language features, and optimizations. Use '-diag-disable=10448' to disable this message.
ifort: remark #10448: Intel(R) Fortran Compiler Classic (ifort) is now deprecated and will be discontinued late 2024. Intel recommends that customers transition now to using the LLVM-based Intel(R) Fortran Compiler (ifx) for continued Windows* and Linux* support, new language support, new language features, and optimizations. Use '-diag-disable=10448' to disable this message.
ifort: remark #10448: Intel(R) Fortran Compiler Classic (ifort) is now deprecated and will be discontinued late 2024. Intel recommends that customers transition now to using the LLVM-based Intel(R) Fortran Compiler (ifx) for continued Windows* and Linux* support, new language support, new language features, and optimizations. Use '-diag-disable=10448' to disable this message.
ifort: remark #10448: Intel(R) Fortran Compiler Classic (ifort) is now deprecated and will be discontinued late 2024. Intel recommends that customers transition now to using the LLVM-based Intel(R) Fortran Compiler (ifx) for continued Windows* and Linux* support, new language support, new language features, and optimizations. Use '-diag-disable=10448' to disable this message.
ifort: remark #10448: Intel(R) Fortran Compiler Classic (ifort) is now deprecated and will be discontinued late 2024. Intel recommends that customers transition now to using the LLVM-based Intel(R) Fortran Compiler (ifx) for continued Windows* and Linux* support, new language support, new language features, and optimizations. Use '-diag-disable=10448' to disable this message.
ifort: remark #10448: Intel(R) Fortran Compiler Classic (ifort) is now deprecated and will be discontinued late 2024. Intel recommends that customers transition now to using the LLVM-based Intel(R) Fortran Compiler (ifx) for continued Windows* and Linux* support, new language support, new language features, and optimizations. Use '-diag-disable=10448' to disable this message.
ifort: remark #10448: Intel(R) Fortran Compiler Classic (ifort) is now deprecated and will be discontinued late 2024. Intel recommends that customers transition now to using the LLVM-based Intel(R) Fortran Compiler (ifx) for continued Windows* and Linux* support, new language support, new language features, and optimizations. Use '-diag-disable=10448' to disable this message.
ifort: remark #10448: Intel(R) Fortran Compiler Classic (ifort) is now deprecated and will be discontinued late 2024. Intel recommends that customers transition now to using the LLVM-based Intel(R) Fortran Compiler (ifx) for continued Windows* and Linux* support, new language support, new language features, and optimizations. Use '-diag-disable=10448' to disable this message.
ifort: remark #10448: Intel(R) Fortran Compiler Classic (ifort) is now deprecated and will be discontinued late 2024. Intel recommends that customers transition now to using the LLVM-based Intel(R) Fortran Compiler (ifx) for continued Windows* and Linux* support, new language support, new language features, and optimizations. Use '-diag-disable=10448' to disable this message.
ifort: remark #10448: Intel(R) Fortran Compiler Classic (ifort) is now deprecated and will be discontinued late 2024. Intel recommends that customers transition now to using the LLVM-based Intel(R) Fortran Compiler (ifx) for continued Windows* and Linux* support, new language support, new language features, and optimizations. Use '-diag-disable=10448' to disable this message.
ifort: remark #10448: Intel(R) Fortran Compiler Classic (ifort) is now deprecated and will be discontinued late 2024. Intel recommends that customers transition now to using the LLVM-based Intel(R) Fortran Compiler (ifx) for continued Windows* and Linux* support, new language support, new language features, and optimizations. Use '-diag-disable=10448' to disable this message.
ifort: remark #10448: Intel(R) Fortran Compiler Classic (ifort) is now deprecated and will be discontinued late 2024. Intel recommends that customers transition now to using the LLVM-based Intel(R) Fortran Compiler (ifx) for continued Windows* and Linux* support, new language support, new language features, and optimizations. Use '-diag-disable=10448' to disable this message.
ifort: remark #10448: Intel(R) Fortran Compiler Classic (ifort) is now deprecated and will be discontinued late 2024. Intel recommends that customers transition now to using the LLVM-based Intel(R) Fortran Compiler (ifx) for continued Windows* and Linux* support, new language support, new language features, and optimizations. Use '-diag-disable=10448' to disable this message.
ifort: remark #10448: Intel(R) Fortran Compiler Classic (ifort) is now deprecated and will be discontinued late 2024. Intel recommends that customers transition now to using the LLVM-based Intel(R) Fortran Compiler (ifx) for continued Windows* and Linux* support, new language support, new language features, and optimizations. Use '-diag-disable=10448' to disable this message.
ifort: remark #10448: Intel(R) Fortran Compiler Classic (ifort) is now deprecated and will be discontinued late 2024. Intel recommends that customers transition now to using the LLVM-based Intel(R) Fortran Compiler (ifx) for continued Windows* and Linux* support, new language support, new language features, and optimizations. Use '-diag-disable=10448' to disable this message.
ifort: remark #10448: Intel(R) Fortran Compiler Classic (ifort) is now deprecated and will be discontinued late 2024. Intel recommends that customers transition now to using the LLVM-based Intel(R) Fortran Compiler (ifx) for continued Windows* and Linux* support, new language support, new language features, and optimizations. Use '-diag-disable=10448' to disable this message.
ifort: remark #10448: Intel(R) Fortran Compiler Classic (ifort) is now deprecated and will be discontinued late 2024. Intel recommends that customers transition now to using the LLVM-based Intel(R) Fortran Compiler (ifx) for continued Windows* and Linux* support, new language support, new language features, and optimizations. Use '-diag-disable=10448' to disable this message.
ifort: remark #10448: Intel(R) Fortran Compiler Classic (ifort) is now deprecated and will be discontinued late 2024. Intel recommends that customers transition now to using the LLVM-based Intel(R) Fortran Compiler (ifx) for continued Windows* and Linux* support, new language support, new language features, and optimizations. Use '-diag-disable=10448' to disable this message.
ifort: remark #10448: Intel(R) Fortran Compiler Classic (ifort) is now deprecated and will be discontinued late 2024. Intel recommends that customers transition now to using the LLVM-based Intel(R) Fortran Compiler (ifx) for continued Windows* and Linux* support, new language support, new language features, and optimizations. Use '-diag-disable=10448' to disable this message.
ifort: remark #10448: Intel(R) Fortran Compiler Classic (ifort) is now deprecated and will be discontinued late 2024. Intel recommends that customers transition now to using the LLVM-based Intel(R) Fortran Compiler (ifx) for continued Windows* and Linux* support, new language support, new language features, and optimizations. Use '-diag-disable=10448' to disable this message.
ifort: remark #10448: Intel(R) Fortran Compiler Classic (ifort) is now deprecated and will be discontinued late 2024. Intel recommends that customers transition now to using the LLVM-based Intel(R) Fortran Compiler (ifx) for continued Windows* and Linux* support, new language support, new language features, and optimizations. Use '-diag-disable=10448' to disable this message.
ifort: remark #10448: Intel(R) Fortran Compiler Classic (ifort) is now deprecated and will be discontinued late 2024. Intel recommends that customers transition now to using the LLVM-based Intel(R) Fortran Compiler (ifx) for continued Windows* and Linux* support, new language support, new language features, and optimizations. Use '-diag-disable=10448' to disable this message.
ifort: remark #10448: Intel(R) Fortran Compiler Classic (ifort) is now deprecated and will be discontinued late 2024. Intel recommends that customers transition now to using the LLVM-based Intel(R) Fortran Compiler (ifx) for continued Windows* and Linux* support, new language support, new language features, and optimizations. Use '-diag-disable=10448' to disable this message.
ifort: remark #10448: Intel(R) Fortran Compiler Classic (ifort) is now deprecated and will be discontinued late 2024. Intel recommends that customers transition now to using the LLVM-based Intel(R) Fortran Compiler (ifx) for continued Windows* and Linux* support, new language support, new language features, and optimizations. Use '-diag-disable=10448' to disable this message.
ifort: remark #10448: Intel(R) Fortran Compiler Classic (ifort) is now deprecated and will be discontinued late 2024. Intel recommends that customers transition now to using the LLVM-based Intel(R) Fortran Compiler (ifx) for continued Windows* and Linux* support, new language support, new language features, and optimizations. Use '-diag-disable=10448' to disable this message.
ifort: remark #10448: Intel(R) Fortran Compiler Classic (ifort) is now deprecated and will be discontinued late 2024. Intel recommends that customers transition now to using the LLVM-based Intel(R) Fortran Compiler (ifx) for continued Windows* and Linux* support, new language support, new language features, and optimizations. Use '-diag-disable=10448' to disable this message.
ifort: remark #10448: Intel(R) Fortran Compiler Classic (ifort) is now deprecated and will be discontinued late 2024. Intel recommends that customers transition now to using the LLVM-based Intel(R) Fortran Compiler (ifx) for continued Windows* and Linux* support, new language support, new language features, and optimizations. Use '-diag-disable=10448' to disable this message.
ifort: remark #10448: Intel(R) Fortran Compiler Classic (ifort) is now deprecated and will be discontinued late 2024. Intel recommends that customers transition now to using the LLVM-based Intel(R) Fortran Compiler (ifx) for continued Windows* and Linux* support, new language support, new language features, and optimizations. Use '-diag-disable=10448' to disable this message.
ifort: remark #10448: Intel(R) Fortran Compiler Classic (ifort) is now deprecated and will be discontinued late 2024. Intel recommends that customers transition now to using the LLVM-based Intel(R) Fortran Compiler (ifx) for continued Windows* and Linux* support, new language support, new language features, and optimizations. Use '-diag-disable=10448' to disable this message.
ifort: remark #10448: Intel(R) Fortran Compiler Classic (ifort) is now deprecated and will be discontinued late 2024. Intel recommends that customers transition now to using the LLVM-based Intel(R) Fortran Compiler (ifx) for continued Windows* and Linux* support, new language support, new language features, and optimizations. Use '-diag-disable=10448' to disable this message.
ifort: remark #10448: Intel(R) Fortran Compiler Classic (ifort) is now deprecated and will be discontinued late 2024. Intel recommends that customers transition now to using the LLVM-based Intel(R) Fortran Compiler (ifx) for continued Windows* and Linux* support, new language support, new language features, and optimizations. Use '-diag-disable=10448' to disable this message.
ifort: remark #10448: Intel(R) Fortran Compiler Classic (ifort) is now deprecated and will be discontinued late 2024. Intel recommends that customers transition now to using the LLVM-based Intel(R) Fortran Compiler (ifx) for continued Windows* and Linux* support, new language support, new language features, and optimizations. Use '-diag-disable=10448' to disable this message.
ifort: remark #10448: Intel(R) Fortran Compiler Classic (ifort) is now deprecated and will be discontinued late 2024. Intel recommends that customers transition now to using the LLVM-based Intel(R) Fortran Compiler (ifx) for continued Windows* and Linux* support, new language support, new language features, and optimizations. Use '-diag-disable=10448' to disable this message.
ifort: remark #10448: Intel(R) Fortran Compiler Classic (ifort) is now deprecated and will be discontinued late 2024. Intel recommends that customers transition now to using the LLVM-based Intel(R) Fortran Compiler (ifx) for continued Windows* and Linux* support, new language support, new language features, and optimizations. Use '-diag-disable=10448' to disable this message.
ifort: remark #10448: Intel(R) Fortran Compiler Classic (ifort) is now deprecated and will be discontinued late 2024. Intel recommends that customers transition now to using the LLVM-based Intel(R) Fortran Compiler (ifx) for continued Windows* and Linux* support, new language support, new language features, and optimizations. Use '-diag-disable=10448' to disable this message.
ifort: remark #10448: Intel(R) Fortran Compiler Classic (ifort) is now deprecated and will be discontinued late 2024. Intel recommends that customers transition now to using the LLVM-based Intel(R) Fortran Compiler (ifx) for continued Windows* and Linux* support, new language support, new language features, and optimizations. Use '-diag-disable=10448' to disable this message.
ifort: remark #10448: Intel(R) Fortran Compiler Classic (ifort) is now deprecated and will be discontinued late 2024. Intel recommends that customers transition now to using the LLVM-based Intel(R) Fortran Compiler (ifx) for continued Windows* and Linux* support, new language support, new language features, and optimizations. Use '-diag-disable=10448' to disable this message.
ifort: remark #10448: Intel(R) Fortran Compiler Classic (ifort) is now deprecated and will be discontinued late 2024. Intel recommends that customers transition now to using the LLVM-based Intel(R) Fortran Compiler (ifx) for continued Windows* and Linux* support, new language support, new language features, and optimizations. Use '-diag-disable=10448' to disable this message.
ifort: remark #10448: Intel(R) Fortran Compiler Classic (ifort) is now deprecated and will be discontinued late 2024. Intel recommends that customers transition now to using the LLVM-based Intel(R) Fortran Compiler (ifx) for continued Windows* and Linux* support, new language support, new language features, and optimizations. Use '-diag-disable=10448' to disable this message.
ifort: remark #10448: Intel(R) Fortran Compiler Classic (ifort) is now deprecated and will be discontinued late 2024. Intel recommends that customers transition now to using the LLVM-based Intel(R) Fortran Compiler (ifx) for continued Windows* and Linux* support, new language support, new language features, and optimizations. Use '-diag-disable=10448' to disable this message.
ifort: remark #10448: Intel(R) Fortran Compiler Classic (ifort) is now deprecated and will be discontinued late 2024. Intel recommends that customers transition now to using the LLVM-based Intel(R) Fortran Compiler (ifx) for continued Windows* and Linux* support, new language support, new language features, and optimizations. Use '-diag-disable=10448' to disable this message.
ifort: remark #10448: Intel(R) Fortran Compiler Classic (ifort) is now deprecated and will be discontinued late 2024. Intel recommends that customers transition now to using the LLVM-based Intel(R) Fortran Compiler (ifx) for continued Windows* and Linux* support, new language support, new language features, and optimizations. Use '-diag-disable=10448' to disable this message.
ifort: remark #10448: Intel(R) Fortran Compiler Classic (ifort) is now deprecated and will be discontinued late 2024. Intel recommends that customers transition now to using the LLVM-based Intel(R) Fortran Compiler (ifx) for continued Windows* and Linux* support, new language support, new language features, and optimizations. Use '-diag-disable=10448' to disable this message.
ifort: remark #10448: Intel(R) Fortran Compiler Classic (ifort) is now deprecated and will be discontinued late 2024. Intel recommends that customers transition now to using the LLVM-based Intel(R) Fortran Compiler (ifx) for continued Windows* and Linux* support, new language support, new language features, and optimizations. Use '-diag-disable=10448' to disable this message.
ifort: remark #10448: Intel(R) Fortran Compiler Classic (ifort) is now deprecated and will be discontinued late 2024. Intel recommends that customers transition now to using the LLVM-based Intel(R) Fortran Compiler (ifx) for continued Windows* and Linux* support, new language support, new language features, and optimizations. Use '-diag-disable=10448' to disable this message.
ifort: remark #10448: Intel(R) Fortran Compiler Classic (ifort) is now deprecated and will be discontinued late 2024. Intel recommends that customers transition now to using the LLVM-based Intel(R) Fortran Compiler (ifx) for continued Windows* and Linux* support, new language support, new language features, and optimizations. Use '-diag-disable=10448' to disable this message.
ifort: remark #10448: Intel(R) Fortran Compiler Classic (ifort) is now deprecated and will be discontinued late 2024. Intel recommends that customers transition now to using the LLVM-based Intel(R) Fortran Compiler (ifx) for continued Windows* and Linux* support, new language support, new language features, and optimizations. Use '-diag-disable=10448' to disable this message.
ifort: remark #10448: Intel(R) Fortran Compiler Classic (ifort) is now deprecated and will be discontinued late 2024. Intel recommends that customers transition now to using the LLVM-based Intel(R) Fortran Compiler (ifx) for continued Windows* and Linux* support, new language support, new language features, and optimizations. Use '-diag-disable=10448' to disable this message.
ifort: remark #10448: Intel(R) Fortran Compiler Classic (ifort) is now deprecated and will be discontinued late 2024. Intel recommends that customers transition now to using the LLVM-based Intel(R) Fortran Compiler (ifx) for continued Windows* and Linux* support, new language support, new language features, and optimizations. Use '-diag-disable=10448' to disable this message.
ifort: remark #10448: Intel(R) Fortran Compiler Classic (ifort) is now deprecated and will be discontinued late 2024. Intel recommends that customers transition now to using the LLVM-based Intel(R) Fortran Compiler (ifx) for continued Windows* and Linux* support, new language support, new language features, and optimizations. Use '-diag-disable=10448' to disable this message.
ifort: remark #10448: Intel(R) Fortran Compiler Classic (ifort) is now deprecated and will be discontinued late 2024. Intel recommends that customers transition now to using the LLVM-based Intel(R) Fortran Compiler (ifx) for continued Windows* and Linux* support, new language support, new language features, and optimizations. Use '-diag-disable=10448' to disable this message.
ifort: remark #10448: Intel(R) Fortran Compiler Classic (ifort) is now deprecated and will be discontinued late 2024. Intel recommends that customers transition now to using the LLVM-based Intel(R) Fortran Compiler (ifx) for continued Windows* and Linux* support, new language support, new language features, and optimizations. Use '-diag-disable=10448' to disable this message.
ifort: remark #10448: Intel(R) Fortran Compiler Classic (ifort) is now deprecated and will be discontinued late 2024. Intel recommends that customers transition now to using the LLVM-based Intel(R) Fortran Compiler (ifx) for continued Windows* and Linux* support, new language support, new language features, and optimizations. Use '-diag-disable=10448' to disable this message.
ifort: remark #10448: Intel(R) Fortran Compiler Classic (ifort) is now deprecated and will be discontinued late 2024. Intel recommends that customers transition now to using the LLVM-based Intel(R) Fortran Compiler (ifx) for continued Windows* and Linux* support, new language support, new language features, and optimizations. Use '-diag-disable=10448' to disable this message.
ifort: remark #10448: Intel(R) Fortran Compiler Classic (ifort) is now deprecated and will be discontinued late 2024. Intel recommends that customers transition now to using the LLVM-based Intel(R) Fortran Compiler (ifx) for continued Windows* and Linux* support, new language support, new language features, and optimizations. Use '-diag-disable=10448' to disable this message.
ifort: remark #10448: Intel(R) Fortran Compiler Classic (ifort) is now deprecated and will be discontinued late 2024. Intel recommends that customers transition now to using the LLVM-based Intel(R) Fortran Compiler (ifx) for continued Windows* and Linux* support, new language support, new language features, and optimizations. Use '-diag-disable=10448' to disable this message.
ifort: remark #10448: Intel(R) Fortran Compiler Classic (ifort) is now deprecated and will be discontinued late 2024. Intel recommends that customers transition now to using the LLVM-based Intel(R) Fortran Compiler (ifx) for continued Windows* and Linux* support, new language support, new language features, and optimizations. Use '-diag-disable=10448' to disable this message.
ifort: remark #10448: Intel(R) Fortran Compiler Classic (ifort) is now deprecated and will be discontinued late 2024. Intel recommends that customers transition now to using the LLVM-based Intel(R) Fortran Compiler (ifx) for continued Windows* and Linux* support, new language support, new language features, and optimizations. Use '-diag-disable=10448' to disable this message.
ifort: remark #10448: Intel(R) Fortran Compiler Classic (ifort) is now deprecated and will be discontinued late 2024. Intel recommends that customers transition now to using the LLVM-based Intel(R) Fortran Compiler (ifx) for continued Windows* and Linux* support, new language support, new language features, and optimizations. Use '-diag-disable=10448' to disable this message.
ifort: remark #10448: Intel(R) Fortran Compiler Classic (ifort) is now deprecated and will be discontinued late 2024. Intel recommends that customers transition now to using the LLVM-based Intel(R) Fortran Compiler (ifx) for continued Windows* and Linux* support, new language support, new language features, and optimizations. Use '-diag-disable=10448' to disable this message.
ifort: remark #10448: Intel(R) Fortran Compiler Classic (ifort) is now deprecated and will be discontinued late 2024. Intel recommends that customers transition now to using the LLVM-based Intel(R) Fortran Compiler (ifx) for continued Windows* and Linux* support, new language support, new language features, and optimizations. Use '-diag-disable=10448' to disable this message.
ifort: remark #10448: Intel(R) Fortran Compiler Classic (ifort) is now deprecated and will be discontinued late 2024. Intel recommends that customers transition now to using the LLVM-based Intel(R) Fortran Compiler (ifx) for continued Windows* and Linux* support, new language support, new language features, and optimizations. Use '-diag-disable=10448' to disable this message.
ifort: remark #10448: Intel(R) Fortran Compiler Classic (ifort) is now deprecated and will be discontinued late 2024. Intel recommends that customers transition now to using the LLVM-based Intel(R) Fortran Compiler (ifx) for continued Windows* and Linux* support, new language support, new language features, and optimizations. Use '-diag-disable=10448' to disable this message.
ifort: remark #10448: Intel(R) Fortran Compiler Classic (ifort) is now deprecated and will be discontinued late 2024. Intel recommends that customers transition now to using the LLVM-based Intel(R) Fortran Compiler (ifx) for continued Windows* and Linux* support, new language support, new language features, and optimizations. Use '-diag-disable=10448' to disable this message.
ifort: remark #10448: Intel(R) Fortran Compiler Classic (ifort) is now deprecated and will be discontinued late 2024. Intel recommends that customers transition now to using the LLVM-based Intel(R) Fortran Compiler (ifx) for continued Windows* and Linux* support, new language support, new language features, and optimizations. Use '-diag-disable=10448' to disable this message.
ifort: remark #10448: Intel(R) Fortran Compiler Classic (ifort) is now deprecated and will be discontinued late 2024. Intel recommends that customers transition now to using the LLVM-based Intel(R) Fortran Compiler (ifx) for continued Windows* and Linux* support, new language support, new language features, and optimizations. Use '-diag-disable=10448' to disable this message.
ifort: remark #10448: Intel(R) Fortran Compiler Classic (ifort) is now deprecated and will be discontinued late 2024. Intel recommends that customers transition now to using the LLVM-based Intel(R) Fortran Compiler (ifx) for continued Windows* and Linux* support, new language support, new language features, and optimizations. Use '-diag-disable=10448' to disable this message.
ifort: remark #10448: Intel(R) Fortran Compiler Classic (ifort) is now deprecated and will be discontinued late 2024. Intel recommends that customers transition now to using the LLVM-based Intel(R) Fortran Compiler (ifx) for continued Windows* and Linux* support, new language support, new language features, and optimizations. Use '-diag-disable=10448' to disable this message.
ifort: remark #10448: Intel(R) Fortran Compiler Classic (ifort) is now deprecated and will be discontinued late 2024. Intel recommends that customers transition now to using the LLVM-based Intel(R) Fortran Compiler (ifx) for continued Windows* and Linux* support, new language support, new language features, and optimizations. Use '-diag-disable=10448' to disable this message.
ifort: remark #10448: Intel(R) Fortran Compiler Classic (ifort) is now deprecated and will be discontinued late 2024. Intel recommends that customers transition now to using the LLVM-based Intel(R) Fortran Compiler (ifx) for continued Windows* and Linux* support, new language support, new language features, and optimizations. Use '-diag-disable=10448' to disable this message.
ifort: remark #10448: Intel(R) Fortran Compiler Classic (ifort) is now deprecated and will be discontinued late 2024. Intel recommends that customers transition now to using the LLVM-based Intel(R) Fortran Compiler (ifx) for continued Windows* and Linux* support, new language support, new language features, and optimizations. Use '-diag-disable=10448' to disable this message.
ifort: remark #10448: Intel(R) Fortran Compiler Classic (ifort) is now deprecated and will be discontinued late 2024. Intel recommends that customers transition now to using the LLVM-based Intel(R) Fortran Compiler (ifx) for continued Windows* and Linux* support, new language support, new language features, and optimizations. Use '-diag-disable=10448' to disable this message.
ifort: remark #10448: Intel(R) Fortran Compiler Classic (ifort) is now deprecated and will be discontinued late 2024. Intel recommends that customers transition now to using the LLVM-based Intel(R) Fortran Compiler (ifx) for continued Windows* and Linux* support, new language support, new language features, and optimizations. Use '-diag-disable=10448' to disable this message.
ifort: remark #10448: Intel(R) Fortran Compiler Classic (ifort) is now deprecated and will be discontinued late 2024. Intel recommends that customers transition now to using the LLVM-based Intel(R) Fortran Compiler (ifx) for continued Windows* and Linux* support, new language support, new language features, and optimizations. Use '-diag-disable=10448' to disable this message.
ifort: remark #10448: Intel(R) Fortran Compiler Classic (ifort) is now deprecated and will be discontinued late 2024. Intel recommends that customers transition now to using the LLVM-based Intel(R) Fortran Compiler (ifx) for continued Windows* and Linux* support, new language support, new language features, and optimizations. Use '-diag-disable=10448' to disable this message.
ifort: remark #10448: Intel(R) Fortran Compiler Classic (ifort) is now deprecated and will be discontinued late 2024. Intel recommends that customers transition now to using the LLVM-based Intel(R) Fortran Compiler (ifx) for continued Windows* and Linux* support, new language support, new language features, and optimizations. Use '-diag-disable=10448' to disable this message.
ifort: remark #10448: Intel(R) Fortran Compiler Classic (ifort) is now deprecated and will be discontinued late 2024. Intel recommends that customers transition now to using the LLVM-based Intel(R) Fortran Compiler (ifx) for continued Windows* and Linux* support, new language support, new language features, and optimizations. Use '-diag-disable=10448' to disable this message.
ifort: remark #10448: Intel(R) Fortran Compiler Classic (ifort) is now deprecated and will be discontinued late 2024. Intel recommends that customers transition now to using the LLVM-based Intel(R) Fortran Compiler (ifx) for continued Windows* and Linux* support, new language support, new language features, and optimizations. Use '-diag-disable=10448' to disable this message.
ifort: remark #10448: Intel(R) Fortran Compiler Classic (ifort) is now deprecated and will be discontinued late 2024. Intel recommends that customers transition now to using the LLVM-based Intel(R) Fortran Compiler (ifx) for continued Windows* and Linux* support, new language support, new language features, and optimizations. Use '-diag-disable=10448' to disable this message.
ifort: remark #10448: Intel(R) Fortran Compiler Classic (ifort) is now deprecated and will be discontinued late 2024. Intel recommends that customers transition now to using the LLVM-based Intel(R) Fortran Compiler (ifx) for continued Windows* and Linux* support, new language support, new language features, and optimizations. Use '-diag-disable=10448' to disable this message.
ifort: remark #10448: Intel(R) Fortran Compiler Classic (ifort) is now deprecated and will be discontinued late 2024. Intel recommends that customers transition now to using the LLVM-based Intel(R) Fortran Compiler (ifx) for continued Windows* and Linux* support, new language support, new language features, and optimizations. Use '-diag-disable=10448' to disable this message.
ifort: remark #10448: Intel(R) Fortran Compiler Classic (ifort) is now deprecated and will be discontinued late 2024. Intel recommends that customers transition now to using the LLVM-based Intel(R) Fortran Compiler (ifx) for continued Windows* and Linux* support, new language support, new language features, and optimizations. Use '-diag-disable=10448' to disable this message.
ifort: remark #10448: Intel(R) Fortran Compiler Classic (ifort) is now deprecated and will be discontinued late 2024. Intel recommends that customers transition now to using the LLVM-based Intel(R) Fortran Compiler (ifx) for continued Windows* and Linux* support, new language support, new language features, and optimizations. Use '-diag-disable=10448' to disable this message.
ifort: remark #10448: Intel(R) Fortran Compiler Classic (ifort) is now deprecated and will be discontinued late 2024. Intel recommends that customers transition now to using the LLVM-based Intel(R) Fortran Compiler (ifx) for continued Windows* and Linux* support, new language support, new language features, and optimizations. Use '-diag-disable=10448' to disable this message.
ifort: remark #10448: Intel(R) Fortran Compiler Classic (ifort) is now deprecated and will be discontinued late 2024. Intel recommends that customers transition now to using the LLVM-based Intel(R) Fortran Compiler (ifx) for continued Windows* and Linux* support, new language support, new language features, and optimizations. Use '-diag-disable=10448' to disable this message.
ifort: remark #10448: Intel(R) Fortran Compiler Classic (ifort) is now deprecated and will be discontinued late 2024. Intel recommends that customers transition now to using the LLVM-based Intel(R) Fortran Compiler (ifx) for continued Windows* and Linux* support, new language support, new language features, and optimizations. Use '-diag-disable=10448' to disable this message.
ifort: remark #10448: Intel(R) Fortran Compiler Classic (ifort) is now deprecated and will be discontinued late 2024. Intel recommends that customers transition now to using the LLVM-based Intel(R) Fortran Compiler (ifx) for continued Windows* and Linux* support, new language support, new language features, and optimizations. Use '-diag-disable=10448' to disable this message.
ifort: remark #10448: Intel(R) Fortran Compiler Classic (ifort) is now deprecated and will be discontinued late 2024. Intel recommends that customers transition now to using the LLVM-based Intel(R) Fortran Compiler (ifx) for continued Windows* and Linux* support, new language support, new language features, and optimizations. Use '-diag-disable=10448' to disable this message.
ifort: remark #10448: Intel(R) Fortran Compiler Classic (ifort) is now deprecated and will be discontinued late 2024. Intel recommends that customers transition now to using the LLVM-based Intel(R) Fortran Compiler (ifx) for continued Windows* and Linux* support, new language support, new language features, and optimizations. Use '-diag-disable=10448' to disable this message.
ifort: remark #10448: Intel(R) Fortran Compiler Classic (ifort) is now deprecated and will be discontinued late 2024. Intel recommends that customers transition now to using the LLVM-based Intel(R) Fortran Compiler (ifx) for continued Windows* and Linux* support, new language support, new language features, and optimizations. Use '-diag-disable=10448' to disable this message.
ifort: remark #10448: Intel(R) Fortran Compiler Classic (ifort) is now deprecated and will be discontinued late 2024. Intel recommends that customers transition now to using the LLVM-based Intel(R) Fortran Compiler (ifx) for continued Windows* and Linux* support, new language support, new language features, and optimizations. Use '-diag-disable=10448' to disable this message.
ifort: remark #10448: Intel(R) Fortran Compiler Classic (ifort) is now deprecated and will be discontinued late 2024. Intel recommends that customers transition now to using the LLVM-based Intel(R) Fortran Compiler (ifx) for continued Windows* and Linux* support, new language support, new language features, and optimizations. Use '-diag-disable=10448' to disable this message.
ifort: remark #10448: Intel(R) Fortran Compiler Classic (ifort) is now deprecated and will be discontinued late 2024. Intel recommends that customers transition now to using the LLVM-based Intel(R) Fortran Compiler (ifx) for continued Windows* and Linux* support, new language support, new language features, and optimizations. Use '-diag-disable=10448' to disable this message.
ifort: remark #10448: Intel(R) Fortran Compiler Classic (ifort) is now deprecated and will be discontinued late 2024. Intel recommends that customers transition now to using the LLVM-based Intel(R) Fortran Compiler (ifx) for continued Windows* and Linux* support, new language support, new language features, and optimizations. Use '-diag-disable=10448' to disable this message.
ifort: remark #10448: Intel(R) Fortran Compiler Classic (ifort) is now deprecated and will be discontinued late 2024. Intel recommends that customers transition now to using the LLVM-based Intel(R) Fortran Compiler (ifx) for continued Windows* and Linux* support, new language support, new language features, and optimizations. Use '-diag-disable=10448' to disable this message.
ifort: remark #10448: Intel(R) Fortran Compiler Classic (ifort) is now deprecated and will be discontinued late 2024. Intel recommends that customers transition now to using the LLVM-based Intel(R) Fortran Compiler (ifx) for continued Windows* and Linux* support, new language support, new language features, and optimizations. Use '-diag-disable=10448' to disable this message.
ifort: remark #10448: Intel(R) Fortran Compiler Classic (ifort) is now deprecated and will be discontinued late 2024. Intel recommends that customers transition now to using the LLVM-based Intel(R) Fortran Compiler (ifx) for continued Windows* and Linux* support, new language support, new language features, and optimizations. Use '-diag-disable=10448' to disable this message.
ifort: remark #10448: Intel(R) Fortran Compiler Classic (ifort) is now deprecated and will be discontinued late 2024. Intel recommends that customers transition now to using the LLVM-based Intel(R) Fortran Compiler (ifx) for continued Windows* and Linux* support, new language support, new language features, and optimizations. Use '-diag-disable=10448' to disable this message.
ifort: remark #10448: Intel(R) Fortran Compiler Classic (ifort) is now deprecated and will be discontinued late 2024. Intel recommends that customers transition now to using the LLVM-based Intel(R) Fortran Compiler (ifx) for continued Windows* and Linux* support, new language support, new language features, and optimizations. Use '-diag-disable=10448' to disable this message.
ifort: remark #10448: Intel(R) Fortran Compiler Classic (ifort) is now deprecated and will be discontinued late 2024. Intel recommends that customers transition now to using the LLVM-based Intel(R) Fortran Compiler (ifx) for continued Windows* and Linux* support, new language support, new language features, and optimizations. Use '-diag-disable=10448' to disable this message.
ifort: remark #10448: Intel(R) Fortran Compiler Classic (ifort) is now deprecated and will be discontinued late 2024. Intel recommends that customers transition now to using the LLVM-based Intel(R) Fortran Compiler (ifx) for continued Windows* and Linux* support, new language support, new language features, and optimizations. Use '-diag-disable=10448' to disable this message.
ifort: remark #10448: Intel(R) Fortran Compiler Classic (ifort) is now deprecated and will be discontinued late 2024. Intel recommends that customers transition now to using the LLVM-based Intel(R) Fortran Compiler (ifx) for continued Windows* and Linux* support, new language support, new language features, and optimizations. Use '-diag-disable=10448' to disable this message.
ifort: remark #10448: Intel(R) Fortran Compiler Classic (ifort) is now deprecated and will be discontinued late 2024. Intel recommends that customers transition now to using the LLVM-based Intel(R) Fortran Compiler (ifx) for continued Windows* and Linux* support, new language support, new language features, and optimizations. Use '-diag-disable=10448' to disable this message.
ifort: remark #10448: Intel(R) Fortran Compiler Classic (ifort) is now deprecated and will be discontinued late 2024. Intel recommends that customers transition now to using the LLVM-based Intel(R) Fortran Compiler (ifx) for continued Windows* and Linux* support, new language support, new language features, and optimizations. Use '-diag-disable=10448' to disable this message.
ifort: remark #10448: Intel(R) Fortran Compiler Classic (ifort) is now deprecated and will be discontinued late 2024. Intel recommends that customers transition now to using the LLVM-based Intel(R) Fortran Compiler (ifx) for continued Windows* and Linux* support, new language support, new language features, and optimizations. Use '-diag-disable=10448' to disable this message.
ifort: remark #10448: Intel(R) Fortran Compiler Classic (ifort) is now deprecated and will be discontinued late 2024. Intel recommends that customers transition now to using the LLVM-based Intel(R) Fortran Compiler (ifx) for continued Windows* and Linux* support, new language support, new language features, and optimizations. Use '-diag-disable=10448' to disable this message.
ifort: remark #10448: Intel(R) Fortran Compiler Classic (ifort) is now deprecated and will be discontinued late 2024. Intel recommends that customers transition now to using the LLVM-based Intel(R) Fortran Compiler (ifx) for continued Windows* and Linux* support, new language support, new language features, and optimizations. Use '-diag-disable=10448' to disable this message.
ifort: remark #10448: Intel(R) Fortran Compiler Classic (ifort) is now deprecated and will be discontinued late 2024. Intel recommends that customers transition now to using the LLVM-based Intel(R) Fortran Compiler (ifx) for continued Windows* and Linux* support, new language support, new language features, and optimizations. Use '-diag-disable=10448' to disable this message.
ifort: remark #10448: Intel(R) Fortran Compiler Classic (ifort) is now deprecated and will be discontinued late 2024. Intel recommends that customers transition now to using the LLVM-based Intel(R) Fortran Compiler (ifx) for continued Windows* and Linux* support, new language support, new language features, and optimizations. Use '-diag-disable=10448' to disable this message.
ifort: remark #10448: Intel(R) Fortran Compiler Classic (ifort) is now deprecated and will be discontinued late 2024. Intel recommends that customers transition now to using the LLVM-based Intel(R) Fortran Compiler (ifx) for continued Windows* and Linux* support, new language support, new language features, and optimizations. Use '-diag-disable=10448' to disable this message.
ifort: remark #10448: Intel(R) Fortran Compiler Classic (ifort) is now deprecated and will be discontinued late 2024. Intel recommends that customers transition now to using the LLVM-based Intel(R) Fortran Compiler (ifx) for continued Windows* and Linux* support, new language support, new language features, and optimizations. Use '-diag-disable=10448' to disable this message.
ifort: remark #10448: Intel(R) Fortran Compiler Classic (ifort) is now deprecated and will be discontinued late 2024. Intel recommends that customers transition now to using the LLVM-based Intel(R) Fortran Compiler (ifx) for continued Windows* and Linux* support, new language support, new language features, and optimizations. Use '-diag-disable=10448' to disable this message.
ifort: remark #10448: Intel(R) Fortran Compiler Classic (ifort) is now deprecated and will be discontinued late 2024. Intel recommends that customers transition now to using the LLVM-based Intel(R) Fortran Compiler (ifx) for continued Windows* and Linux* support, new language support, new language features, and optimizations. Use '-diag-disable=10448' to disable this message.
ifort: remark #10448: Intel(R) Fortran Compiler Classic (ifort) is now deprecated and will be discontinued late 2024. Intel recommends that customers transition now to using the LLVM-based Intel(R) Fortran Compiler (ifx) for continued Windows* and Linux* support, new language support, new language features, and optimizations. Use '-diag-disable=10448' to disable this message.
ifort: remark #10448: Intel(R) Fortran Compiler Classic (ifort) is now deprecated and will be discontinued late 2024. Intel recommends that customers transition now to using the LLVM-based Intel(R) Fortran Compiler (ifx) for continued Windows* and Linux* support, new language support, new language features, and optimizations. Use '-diag-disable=10448' to disable this message.
ifort: remark #10448: Intel(R) Fortran Compiler Classic (ifort) is now deprecated and will be discontinued late 2024. Intel recommends that customers transition now to using the LLVM-based Intel(R) Fortran Compiler (ifx) for continued Windows* and Linux* support, new language support, new language features, and optimizations. Use '-diag-disable=10448' to disable this message.
ifort: remark #10448: Intel(R) Fortran Compiler Classic (ifort) is now deprecated and will be discontinued late 2024. Intel recommends that customers transition now to using the LLVM-based Intel(R) Fortran Compiler (ifx) for continued Windows* and Linux* support, new language support, new language features, and optimizations. Use '-diag-disable=10448' to disable this message.
ifort: remark #10448: Intel(R) Fortran Compiler Classic (ifort) is now deprecated and will be discontinued late 2024. Intel recommends that customers transition now to using the LLVM-based Intel(R) Fortran Compiler (ifx) for continued Windows* and Linux* support, new language support, new language features, and optimizations. Use '-diag-disable=10448' to disable this message.
ifort: remark #10448: Intel(R) Fortran Compiler Classic (ifort) is now deprecated and will be discontinued late 2024. Intel recommends that customers transition now to using the LLVM-based Intel(R) Fortran Compiler (ifx) for continued Windows* and Linux* support, new language support, new language features, and optimizations. Use '-diag-disable=10448' to disable this message.
ifort: remark #10448: Intel(R) Fortran Compiler Classic (ifort) is now deprecated and will be discontinued late 2024. Intel recommends that customers transition now to using the LLVM-based Intel(R) Fortran Compiler (ifx) for continued Windows* and Linux* support, new language support, new language features, and optimizations. Use '-diag-disable=10448' to disable this message.
ifort: remark #10448: Intel(R) Fortran Compiler Classic (ifort) is now deprecated and will be discontinued late 2024. Intel recommends that customers transition now to using the LLVM-based Intel(R) Fortran Compiler (ifx) for continued Windows* and Linux* support, new language support, new language features, and optimizations. Use '-diag-disable=10448' to disable this message.
ifort: remark #10448: Intel(R) Fortran Compiler Classic (ifort) is now deprecated and will be discontinued late 2024. Intel recommends that customers transition now to using the LLVM-based Intel(R) Fortran Compiler (ifx) for continued Windows* and Linux* support, new language support, new language features, and optimizations. Use '-diag-disable=10448' to disable this message.
ifort: remark #10448: Intel(R) Fortran Compiler Classic (ifort) is now deprecated and will be discontinued late 2024. Intel recommends that customers transition now to using the LLVM-based Intel(R) Fortran Compiler (ifx) for continued Windows* and Linux* support, new language support, new language features, and optimizations. Use '-diag-disable=10448' to disable this message.
ifort: remark #10448: Intel(R) Fortran Compiler Classic (ifort) is now deprecated and will be discontinued late 2024. Intel recommends that customers transition now to using the LLVM-based Intel(R) Fortran Compiler (ifx) for continued Windows* and Linux* support, new language support, new language features, and optimizations. Use '-diag-disable=10448' to disable this message.
ifort: remark #10448: Intel(R) Fortran Compiler Classic (ifort) is now deprecated and will be discontinued late 2024. Intel recommends that customers transition now to using the LLVM-based Intel(R) Fortran Compiler (ifx) for continued Windows* and Linux* support, new language support, new language features, and optimizations. Use '-diag-disable=10448' to disable this message.
ifort: remark #10448: Intel(R) Fortran Compiler Classic (ifort) is now deprecated and will be discontinued late 2024. Intel recommends that customers transition now to using the LLVM-based Intel(R) Fortran Compiler (ifx) for continued Windows* and Linux* support, new language support, new language features, and optimizations. Use '-diag-disable=10448' to disable this message.
ifort: remark #10448: Intel(R) Fortran Compiler Classic (ifort) is now deprecated and will be discontinued late 2024. Intel recommends that customers transition now to using the LLVM-based Intel(R) Fortran Compiler (ifx) for continued Windows* and Linux* support, new language support, new language features, and optimizations. Use '-diag-disable=10448' to disable this message.
ifort: remark #10448: Intel(R) Fortran Compiler Classic (ifort) is now deprecated and will be discontinued late 2024. Intel recommends that customers transition now to using the LLVM-based Intel(R) Fortran Compiler (ifx) for continued Windows* and Linux* support, new language support, new language features, and optimizations. Use '-diag-disable=10448' to disable this message.
ifort: remark #10448: Intel(R) Fortran Compiler Classic (ifort) is now deprecated and will be discontinued late 2024. Intel recommends that customers transition now to using the LLVM-based Intel(R) Fortran Compiler (ifx) for continued Windows* and Linux* support, new language support, new language features, and optimizations. Use '-diag-disable=10448' to disable this message.
ifort: remark #10448: Intel(R) Fortran Compiler Classic (ifort) is now deprecated and will be discontinued late 2024. Intel recommends that customers transition now to using the LLVM-based Intel(R) Fortran Compiler (ifx) for continued Windows* and Linux* support, new language support, new language features, and optimizations. Use '-diag-disable=10448' to disable this message.
ifort: remark #10448: Intel(R) Fortran Compiler Classic (ifort) is now deprecated and will be discontinued late 2024. Intel recommends that customers transition now to using the LLVM-based Intel(R) Fortran Compiler (ifx) for continued Windows* and Linux* support, new language support, new language features, and optimizations. Use '-diag-disable=10448' to disable this message.
ifort: remark #10448: Intel(R) Fortran Compiler Classic (ifort) is now deprecated and will be discontinued late 2024. Intel recommends that customers transition now to using the LLVM-based Intel(R) Fortran Compiler (ifx) for continued Windows* and Linux* support, new language support, new language features, and optimizations. Use '-diag-disable=10448' to disable this message.
ifort: remark #10448: Intel(R) Fortran Compiler Classic (ifort) is now deprecated and will be discontinued late 2024. Intel recommends that customers transition now to using the LLVM-based Intel(R) Fortran Compiler (ifx) for continued Windows* and Linux* support, new language support, new language features, and optimizations. Use '-diag-disable=10448' to disable this message.
ifort: remark #10448: Intel(R) Fortran Compiler Classic (ifort) is now deprecated and will be discontinued late 2024. Intel recommends that customers transition now to using the LLVM-based Intel(R) Fortran Compiler (ifx) for continued Windows* and Linux* support, new language support, new language features, and optimizations. Use '-diag-disable=10448' to disable this message.
ifort: remark #10448: Intel(R) Fortran Compiler Classic (ifort) is now deprecated and will be discontinued late 2024. Intel recommends that customers transition now to using the LLVM-based Intel(R) Fortran Compiler (ifx) for continued Windows* and Linux* support, new language support, new language features, and optimizations. Use '-diag-disable=10448' to disable this message.
ifort: remark #10448: Intel(R) Fortran Compiler Classic (ifort) is now deprecated and will be discontinued late 2024. Intel recommends that customers transition now to using the LLVM-based Intel(R) Fortran Compiler (ifx) for continued Windows* and Linux* support, new language support, new language features, and optimizations. Use '-diag-disable=10448' to disable this message.
ifort: remark #10448: Intel(R) Fortran Compiler Classic (ifort) is now deprecated and will be discontinued late 2024. Intel recommends that customers transition now to using the LLVM-based Intel(R) Fortran Compiler (ifx) for continued Windows* and Linux* support, new language support, new language features, and optimizations. Use '-diag-disable=10448' to disable this message.
ifort: remark #10448: Intel(R) Fortran Compiler Classic (ifort) is now deprecated and will be discontinued late 2024. Intel recommends that customers transition now to using the LLVM-based Intel(R) Fortran Compiler (ifx) for continued Windows* and Linux* support, new language support, new language features, and optimizations. Use '-diag-disable=10448' to disable this message.
ifort: remark #10448: Intel(R) Fortran Compiler Classic (ifort) is now deprecated and will be discontinued late 2024. Intel recommends that customers transition now to using the LLVM-based Intel(R) Fortran Compiler (ifx) for continued Windows* and Linux* support, new language support, new language features, and optimizations. Use '-diag-disable=10448' to disable this message.
ifort: remark #10448: Intel(R) Fortran Compiler Classic (ifort) is now deprecated and will be discontinued late 2024. Intel recommends that customers transition now to using the LLVM-based Intel(R) Fortran Compiler (ifx) for continued Windows* and Linux* support, new language support, new language features, and optimizations. Use '-diag-disable=10448' to disable this message.
ifort: remark #10448: Intel(R) Fortran Compiler Classic (ifort) is now deprecated and will be discontinued late 2024. Intel recommends that customers transition now to using the LLVM-based Intel(R) Fortran Compiler (ifx) for continued Windows* and Linux* support, new language support, new language features, and optimizations. Use '-diag-disable=10448' to disable this message.
ifort: remark #10448: Intel(R) Fortran Compiler Classic (ifort) is now deprecated and will be discontinued late 2024. Intel recommends that customers transition now to using the LLVM-based Intel(R) Fortran Compiler (ifx) for continued Windows* and Linux* support, new language support, new language features, and optimizations. Use '-diag-disable=10448' to disable this message.
ifort: remark #10448: Intel(R) Fortran Compiler Classic (ifort) is now deprecated and will be discontinued late 2024. Intel recommends that customers transition now to using the LLVM-based Intel(R) Fortran Compiler (ifx) for continued Windows* and Linux* support, new language support, new language features, and optimizations. Use '-diag-disable=10448' to disable this message.
ifort: remark #10448: Intel(R) Fortran Compiler Classic (ifort) is now deprecated and will be discontinued late 2024. Intel recommends that customers transition now to using the LLVM-based Intel(R) Fortran Compiler (ifx) for continued Windows* and Linux* support, new language support, new language features, and optimizations. Use '-diag-disable=10448' to disable this message.
ifort: remark #10448: Intel(R) Fortran Compiler Classic (ifort) is now deprecated and will be discontinued late 2024. Intel recommends that customers transition now to using the LLVM-based Intel(R) Fortran Compiler (ifx) for continued Windows* and Linux* support, new language support, new language features, and optimizations. Use '-diag-disable=10448' to disable this message.
ifort: remark #10448: Intel(R) Fortran Compiler Classic (ifort) is now deprecated and will be discontinued late 2024. Intel recommends that customers transition now to using the LLVM-based Intel(R) Fortran Compiler (ifx) for continued Windows* and Linux* support, new language support, new language features, and optimizations. Use '-diag-disable=10448' to disable this message.
ifort: remark #10448: Intel(R) Fortran Compiler Classic (ifort) is now deprecated and will be discontinued late 2024. Intel recommends that customers transition now to using the LLVM-based Intel(R) Fortran Compiler (ifx) for continued Windows* and Linux* support, new language support, new language features, and optimizations. Use '-diag-disable=10448' to disable this message.
ifort: remark #10448: Intel(R) Fortran Compiler Classic (ifort) is now deprecated and will be discontinued late 2024. Intel recommends that customers transition now to using the LLVM-based Intel(R) Fortran Compiler (ifx) for continued Windows* and Linux* support, new language support, new language features, and optimizations. Use '-diag-disable=10448' to disable this message.
ifort: remark #10448: Intel(R) Fortran Compiler Classic (ifort) is now deprecated and will be discontinued late 2024. Intel recommends that customers transition now to using the LLVM-based Intel(R) Fortran Compiler (ifx) for continued Windows* and Linux* support, new language support, new language features, and optimizations. Use '-diag-disable=10448' to disable this message.
ifort: remark #10448: Intel(R) Fortran Compiler Classic (ifort) is now deprecated and will be discontinued late 2024. Intel recommends that customers transition now to using the LLVM-based Intel(R) Fortran Compiler (ifx) for continued Windows* and Linux* support, new language support, new language features, and optimizations. Use '-diag-disable=10448' to disable this message.
ifort: remark #10448: Intel(R) Fortran Compiler Classic (ifort) is now deprecated and will be discontinued late 2024. Intel recommends that customers transition now to using the LLVM-based Intel(R) Fortran Compiler (ifx) for continued Windows* and Linux* support, new language support, new language features, and optimizations. Use '-diag-disable=10448' to disable this message.
ifort: remark #10448: Intel(R) Fortran Compiler Classic (ifort) is now deprecated and will be discontinued late 2024. Intel recommends that customers transition now to using the LLVM-based Intel(R) Fortran Compiler (ifx) for continued Windows* and Linux* support, new language support, new language features, and optimizations. Use '-diag-disable=10448' to disable this message.
ifort: remark #10448: Intel(R) Fortran Compiler Classic (ifort) is now deprecated and will be discontinued late 2024. Intel recommends that customers transition now to using the LLVM-based Intel(R) Fortran Compiler (ifx) for continued Windows* and Linux* support, new language support, new language features, and optimizations. Use '-diag-disable=10448' to disable this message.
ifort: remark #10448: Intel(R) Fortran Compiler Classic (ifort) is now deprecated and will be discontinued late 2024. Intel recommends that customers transition now to using the LLVM-based Intel(R) Fortran Compiler (ifx) for continued Windows* and Linux* support, new language support, new language features, and optimizations. Use '-diag-disable=10448' to disable this message.
ifort: remark #10448: Intel(R) Fortran Compiler Classic (ifort) is now deprecated and will be discontinued late 2024. Intel recommends that customers transition now to using the LLVM-based Intel(R) Fortran Compiler (ifx) for continued Windows* and Linux* support, new language support, new language features, and optimizations. Use '-diag-disable=10448' to disable this message.
ifort: remark #10448: Intel(R) Fortran Compiler Classic (ifort) is now deprecated and will be discontinued late 2024. Intel recommends that customers transition now to using the LLVM-based Intel(R) Fortran Compiler (ifx) for continued Windows* and Linux* support, new language support, new language features, and optimizations. Use '-diag-disable=10448' to disable this message.
ifort: remark #10448: Intel(R) Fortran Compiler Classic (ifort) is now deprecated and will be discontinued late 2024. Intel recommends that customers transition now to using the LLVM-based Intel(R) Fortran Compiler (ifx) for continued Windows* and Linux* support, new language support, new language features, and optimizations. Use '-diag-disable=10448' to disable this message.
ifort: remark #10448: Intel(R) Fortran Compiler Classic (ifort) is now deprecated and will be discontinued late 2024. Intel recommends that customers transition now to using the LLVM-based Intel(R) Fortran Compiler (ifx) for continued Windows* and Linux* support, new language support, new language features, and optimizations. Use '-diag-disable=10448' to disable this message.
ifort: remark #10448: Intel(R) Fortran Compiler Classic (ifort) is now deprecated and will be discontinued late 2024. Intel recommends that customers transition now to using the LLVM-based Intel(R) Fortran Compiler (ifx) for continued Windows* and Linux* support, new language support, new language features, and optimizations. Use '-diag-disable=10448' to disable this message.
ifort: remark #10448: Intel(R) Fortran Compiler Classic (ifort) is now deprecated and will be discontinued late 2024. Intel recommends that customers transition now to using the LLVM-based Intel(R) Fortran Compiler (ifx) for continued Windows* and Linux* support, new language support, new language features, and optimizations. Use '-diag-disable=10448' to disable this message.
ifort: remark #10448: Intel(R) Fortran Compiler Classic (ifort) is now deprecated and will be discontinued late 2024. Intel recommends that customers transition now to using the LLVM-based Intel(R) Fortran Compiler (ifx) for continued Windows* and Linux* support, new language support, new language features, and optimizations. Use '-diag-disable=10448' to disable this message.
ifort: remark #10448: Intel(R) Fortran Compiler Classic (ifort) is now deprecated and will be discontinued late 2024. Intel recommends that customers transition now to using the LLVM-based Intel(R) Fortran Compiler (ifx) for continued Windows* and Linux* support, new language support, new language features, and optimizations. Use '-diag-disable=10448' to disable this message.
ifort: remark #10448: Intel(R) Fortran Compiler Classic (ifort) is now deprecated and will be discontinued late 2024. Intel recommends that customers transition now to using the LLVM-based Intel(R) Fortran Compiler (ifx) for continued Windows* and Linux* support, new language support, new language features, and optimizations. Use '-diag-disable=10448' to disable this message.
ifort: remark #10448: Intel(R) Fortran Compiler Classic (ifort) is now deprecated and will be discontinued late 2024. Intel recommends that customers transition now to using the LLVM-based Intel(R) Fortran Compiler (ifx) for continued Windows* and Linux* support, new language support, new language features, and optimizations. Use '-diag-disable=10448' to disable this message.
ifort: remark #10448: Intel(R) Fortran Compiler Classic (ifort) is now deprecated and will be discontinued late 2024. Intel recommends that customers transition now to using the LLVM-based Intel(R) Fortran Compiler (ifx) for continued Windows* and Linux* support, new language support, new language features, and optimizations. Use '-diag-disable=10448' to disable this message.
ifort: remark #10448: Intel(R) Fortran Compiler Classic (ifort) is now deprecated and will be discontinued late 2024. Intel recommends that customers transition now to using the LLVM-based Intel(R) Fortran Compiler (ifx) for continued Windows* and Linux* support, new language support, new language features, and optimizations. Use '-diag-disable=10448' to disable this message.
ifort: remark #10448: Intel(R) Fortran Compiler Classic (ifort) is now deprecated and will be discontinued late 2024. Intel recommends that customers transition now to using the LLVM-based Intel(R) Fortran Compiler (ifx) for continued Windows* and Linux* support, new language support, new language features, and optimizations. Use '-diag-disable=10448' to disable this message.
ifort: remark #10448: Intel(R) Fortran Compiler Classic (ifort) is now deprecated and will be discontinued late 2024. Intel recommends that customers transition now to using the LLVM-based Intel(R) Fortran Compiler (ifx) for continued Windows* and Linux* support, new language support, new language features, and optimizations. Use '-diag-disable=10448' to disable this message.
ifort: remark #10448: Intel(R) Fortran Compiler Classic (ifort) is now deprecated and will be discontinued late 2024. Intel recommends that customers transition now to using the LLVM-based Intel(R) Fortran Compiler (ifx) for continued Windows* and Linux* support, new language support, new language features, and optimizations. Use '-diag-disable=10448' to disable this message.
ifort: remark #10448: Intel(R) Fortran Compiler Classic (ifort) is now deprecated and will be discontinued late 2024. Intel recommends that customers transition now to using the LLVM-based Intel(R) Fortran Compiler (ifx) for continued Windows* and Linux* support, new language support, new language features, and optimizations. Use '-diag-disable=10448' to disable this message.
ifort: remark #10448: Intel(R) Fortran Compiler Classic (ifort) is now deprecated and will be discontinued late 2024. Intel recommends that customers transition now to using the LLVM-based Intel(R) Fortran Compiler (ifx) for continued Windows* and Linux* support, new language support, new language features, and optimizations. Use '-diag-disable=10448' to disable this message.
ifort: remark #10448: Intel(R) Fortran Compiler Classic (ifort) is now deprecated and will be discontinued late 2024. Intel recommends that customers transition now to using the LLVM-based Intel(R) Fortran Compiler (ifx) for continued Windows* and Linux* support, new language support, new language features, and optimizations. Use '-diag-disable=10448' to disable this message.
ifort: remark #10448: Intel(R) Fortran Compiler Classic (ifort) is now deprecated and will be discontinued late 2024. Intel recommends that customers transition now to using the LLVM-based Intel(R) Fortran Compiler (ifx) for continued Windows* and Linux* support, new language support, new language features, and optimizations. Use '-diag-disable=10448' to disable this message.
ifort: remark #10448: Intel(R) Fortran Compiler Classic (ifort) is now deprecated and will be discontinued late 2024. Intel recommends that customers transition now to using the LLVM-based Intel(R) Fortran Compiler (ifx) for continued Windows* and Linux* support, new language support, new language features, and optimizations. Use '-diag-disable=10448' to disable this message.
ifort: remark #10448: Intel(R) Fortran Compiler Classic (ifort) is now deprecated and will be discontinued late 2024. Intel recommends that customers transition now to using the LLVM-based Intel(R) Fortran Compiler (ifx) for continued Windows* and Linux* support, new language support, new language features, and optimizations. Use '-diag-disable=10448' to disable this message.
ifort: remark #10448: Intel(R) Fortran Compiler Classic (ifort) is now deprecated and will be discontinued late 2024. Intel recommends that customers transition now to using the LLVM-based Intel(R) Fortran Compiler (ifx) for continued Windows* and Linux* support, new language support, new language features, and optimizations. Use '-diag-disable=10448' to disable this message.
ifort: remark #10448: Intel(R) Fortran Compiler Classic (ifort) is now deprecated and will be discontinued late 2024. Intel recommends that customers transition now to using the LLVM-based Intel(R) Fortran Compiler (ifx) for continued Windows* and Linux* support, new language support, new language features, and optimizations. Use '-diag-disable=10448' to disable this message.
ifort: remark #10448: Intel(R) Fortran Compiler Classic (ifort) is now deprecated and will be discontinued late 2024. Intel recommends that customers transition now to using the LLVM-based Intel(R) Fortran Compiler (ifx) for continued Windows* and Linux* support, new language support, new language features, and optimizations. Use '-diag-disable=10448' to disable this message.
ifort: remark #10448: Intel(R) Fortran Compiler Classic (ifort) is now deprecated and will be discontinued late 2024. Intel recommends that customers transition now to using the LLVM-based Intel(R) Fortran Compiler (ifx) for continued Windows* and Linux* support, new language support, new language features, and optimizations. Use '-diag-disable=10448' to disable this message.
ifort: remark #10448: Intel(R) Fortran Compiler Classic (ifort) is now deprecated and will be discontinued late 2024. Intel recommends that customers transition now to using the LLVM-based Intel(R) Fortran Compiler (ifx) for continued Windows* and Linux* support, new language support, new language features, and optimizations. Use '-diag-disable=10448' to disable this message.
ifort: remark #10448: Intel(R) Fortran Compiler Classic (ifort) is now deprecated and will be discontinued late 2024. Intel recommends that customers transition now to using the LLVM-based Intel(R) Fortran Compiler (ifx) for continued Windows* and Linux* support, new language support, new language features, and optimizations. Use '-diag-disable=10448' to disable this message.
ifort: remark #10448: Intel(R) Fortran Compiler Classic (ifort) is now deprecated and will be discontinued late 2024. Intel recommends that customers transition now to using the LLVM-based Intel(R) Fortran Compiler (ifx) for continued Windows* and Linux* support, new language support, new language features, and optimizations. Use '-diag-disable=10448' to disable this message.
ifort: remark #10448: Intel(R) Fortran Compiler Classic (ifort) is now deprecated and will be discontinued late 2024. Intel recommends that customers transition now to using the LLVM-based Intel(R) Fortran Compiler (ifx) for continued Windows* and Linux* support, new language support, new language features, and optimizations. Use '-diag-disable=10448' to disable this message.
ifort: remark #10448: Intel(R) Fortran Compiler Classic (ifort) is now deprecated and will be discontinued late 2024. Intel recommends that customers transition now to using the LLVM-based Intel(R) Fortran Compiler (ifx) for continued Windows* and Linux* support, new language support, new language features, and optimizations. Use '-diag-disable=10448' to disable this message.
ifort: remark #10448: Intel(R) Fortran Compiler Classic (ifort) is now deprecated and will be discontinued late 2024. Intel recommends that customers transition now to using the LLVM-based Intel(R) Fortran Compiler (ifx) for continued Windows* and Linux* support, new language support, new language features, and optimizations. Use '-diag-disable=10448' to disable this message.
ifort: remark #10448: Intel(R) Fortran Compiler Classic (ifort) is now deprecated and will be discontinued late 2024. Intel recommends that customers transition now to using the LLVM-based Intel(R) Fortran Compiler (ifx) for continued Windows* and Linux* support, new language support, new language features, and optimizations. Use '-diag-disable=10448' to disable this message.
ifort: remark #10448: Intel(R) Fortran Compiler Classic (ifort) is now deprecated and will be discontinued late 2024. Intel recommends that customers transition now to using the LLVM-based Intel(R) Fortran Compiler (ifx) for continued Windows* and Linux* support, new language support, new language features, and optimizations. Use '-diag-disable=10448' to disable this message.
ifort: remark #10448: Intel(R) Fortran Compiler Classic (ifort) is now deprecated and will be discontinued late 2024. Intel recommends that customers transition now to using the LLVM-based Intel(R) Fortran Compiler (ifx) for continued Windows* and Linux* support, new language support, new language features, and optimizations. Use '-diag-disable=10448' to disable this message.
ifort: remark #10448: Intel(R) Fortran Compiler Classic (ifort) is now deprecated and will be discontinued late 2024. Intel recommends that customers transition now to using the LLVM-based Intel(R) Fortran Compiler (ifx) for continued Windows* and Linux* support, new language support, new language features, and optimizations. Use '-diag-disable=10448' to disable this message.
ifort: remark #10448: Intel(R) Fortran Compiler Classic (ifort) is now deprecated and will be discontinued late 2024. Intel recommends that customers transition now to using the LLVM-based Intel(R) Fortran Compiler (ifx) for continued Windows* and Linux* support, new language support, new language features, and optimizations. Use '-diag-disable=10448' to disable this message.
ifort: remark #10448: Intel(R) Fortran Compiler Classic (ifort) is now deprecated and will be discontinued late 2024. Intel recommends that customers transition now to using the LLVM-based Intel(R) Fortran Compiler (ifx) for continued Windows* and Linux* support, new language support, new language features, and optimizations. Use '-diag-disable=10448' to disable this message.
ifort: remark #10448: Intel(R) Fortran Compiler Classic (ifort) is now deprecated and will be discontinued late 2024. Intel recommends that customers transition now to using the LLVM-based Intel(R) Fortran Compiler (ifx) for continued Windows* and Linux* support, new language support, new language features, and optimizations. Use '-diag-disable=10448' to disable this message.
ifort: remark #10448: Intel(R) Fortran Compiler Classic (ifort) is now deprecated and will be discontinued late 2024. Intel recommends that customers transition now to using the LLVM-based Intel(R) Fortran Compiler (ifx) for continued Windows* and Linux* support, new language support, new language features, and optimizations. Use '-diag-disable=10448' to disable this message.
ifort: remark #10448: Intel(R) Fortran Compiler Classic (ifort) is now deprecated and will be discontinued late 2024. Intel recommends that customers transition now to using the LLVM-based Intel(R) Fortran Compiler (ifx) for continued Windows* and Linux* support, new language support, new language features, and optimizations. Use '-diag-disable=10448' to disable this message.
ifort: remark #10448: Intel(R) Fortran Compiler Classic (ifort) is now deprecated and will be discontinued late 2024. Intel recommends that customers transition now to using the LLVM-based Intel(R) Fortran Compiler (ifx) for continued Windows* and Linux* support, new language support, new language features, and optimizations. Use '-diag-disable=10448' to disable this message.
ifort: remark #10448: Intel(R) Fortran Compiler Classic (ifort) is now deprecated and will be discontinued late 2024. Intel recommends that customers transition now to using the LLVM-based Intel(R) Fortran Compiler (ifx) for continued Windows* and Linux* support, new language support, new language features, and optimizations. Use '-diag-disable=10448' to disable this message.
ifort: remark #10448: Intel(R) Fortran Compiler Classic (ifort) is now deprecated and will be discontinued late 2024. Intel recommends that customers transition now to using the LLVM-based Intel(R) Fortran Compiler (ifx) for continued Windows* and Linux* support, new language support, new language features, and optimizations. Use '-diag-disable=10448' to disable this message.
ifort: remark #10448: Intel(R) Fortran Compiler Classic (ifort) is now deprecated and will be discontinued late 2024. Intel recommends that customers transition now to using the LLVM-based Intel(R) Fortran Compiler (ifx) for continued Windows* and Linux* support, new language support, new language features, and optimizations. Use '-diag-disable=10448' to disable this message.
ifort: remark #10448: Intel(R) Fortran Compiler Classic (ifort) is now deprecated and will be discontinued late 2024. Intel recommends that customers transition now to using the LLVM-based Intel(R) Fortran Compiler (ifx) for continued Windows* and Linux* support, new language support, new language features, and optimizations. Use '-diag-disable=10448' to disable this message.
ifort: remark #10448: Intel(R) Fortran Compiler Classic (ifort) is now deprecated and will be discontinued late 2024. Intel recommends that customers transition now to using the LLVM-based Intel(R) Fortran Compiler (ifx) for continued Windows* and Linux* support, new language support, new language features, and optimizations. Use '-diag-disable=10448' to disable this message.
ifort: remark #10448: Intel(R) Fortran Compiler Classic (ifort) is now deprecated and will be discontinued late 2024. Intel recommends that customers transition now to using the LLVM-based Intel(R) Fortran Compiler (ifx) for continued Windows* and Linux* support, new language support, new language features, and optimizations. Use '-diag-disable=10448' to disable this message.
ifort: remark #10448: Intel(R) Fortran Compiler Classic (ifort) is now deprecated and will be discontinued late 2024. Intel recommends that customers transition now to using the LLVM-based Intel(R) Fortran Compiler (ifx) for continued Windows* and Linux* support, new language support, new language features, and optimizations. Use '-diag-disable=10448' to disable this message.
ifort: remark #10448: Intel(R) Fortran Compiler Classic (ifort) is now deprecated and will be discontinued late 2024. Intel recommends that customers transition now to using the LLVM-based Intel(R) Fortran Compiler (ifx) for continued Windows* and Linux* support, new language support, new language features, and optimizations. Use '-diag-disable=10448' to disable this message.
ifort: remark #10448: Intel(R) Fortran Compiler Classic (ifort) is now deprecated and will be discontinued late 2024. Intel recommends that customers transition now to using the LLVM-based Intel(R) Fortran Compiler (ifx) for continued Windows* and Linux* support, new language support, new language features, and optimizations. Use '-diag-disable=10448' to disable this message.
ifort: remark #10448: Intel(R) Fortran Compiler Classic (ifort) is now deprecated and will be discontinued late 2024. Intel recommends that customers transition now to using the LLVM-based Intel(R) Fortran Compiler (ifx) for continued Windows* and Linux* support, new language support, new language features, and optimizations. Use '-diag-disable=10448' to disable this message.
ifort: remark #10448: Intel(R) Fortran Compiler Classic (ifort) is now deprecated and will be discontinued late 2024. Intel recommends that customers transition now to using the LLVM-based Intel(R) Fortran Compiler (ifx) for continued Windows* and Linux* support, new language support, new language features, and optimizations. Use '-diag-disable=10448' to disable this message.
ifort: remark #10448: Intel(R) Fortran Compiler Classic (ifort) is now deprecated and will be discontinued late 2024. Intel recommends that customers transition now to using the LLVM-based Intel(R) Fortran Compiler (ifx) for continued Windows* and Linux* support, new language support, new language features, and optimizations. Use '-diag-disable=10448' to disable this message.
ifort: remark #10448: Intel(R) Fortran Compiler Classic (ifort) is now deprecated and will be discontinued late 2024. Intel recommends that customers transition now to using the LLVM-based Intel(R) Fortran Compiler (ifx) for continued Windows* and Linux* support, new language support, new language features, and optimizations. Use '-diag-disable=10448' to disable this message.
ifort: remark #10448: Intel(R) Fortran Compiler Classic (ifort) is now deprecated and will be discontinued late 2024. Intel recommends that customers transition now to using the LLVM-based Intel(R) Fortran Compiler (ifx) for continued Windows* and Linux* support, new language support, new language features, and optimizations. Use '-diag-disable=10448' to disable this message.
ifort: remark #10448: Intel(R) Fortran Compiler Classic (ifort) is now deprecated and will be discontinued late 2024. Intel recommends that customers transition now to using the LLVM-based Intel(R) Fortran Compiler (ifx) for continued Windows* and Linux* support, new language support, new language features, and optimizations. Use '-diag-disable=10448' to disable this message.
ifort: remark #10448: Intel(R) Fortran Compiler Classic (ifort) is now deprecated and will be discontinued late 2024. Intel recommends that customers transition now to using the LLVM-based Intel(R) Fortran Compiler (ifx) for continued Windows* and Linux* support, new language support, new language features, and optimizations. Use '-diag-disable=10448' to disable this message.
ifort: remark #10448: Intel(R) Fortran Compiler Classic (ifort) is now deprecated and will be discontinued late 2024. Intel recommends that customers transition now to using the LLVM-based Intel(R) Fortran Compiler (ifx) for continued Windows* and Linux* support, new language support, new language features, and optimizations. Use '-diag-disable=10448' to disable this message.
ifort: remark #10448: Intel(R) Fortran Compiler Classic (ifort) is now deprecated and will be discontinued late 2024. Intel recommends that customers transition now to using the LLVM-based Intel(R) Fortran Compiler (ifx) for continued Windows* and Linux* support, new language support, new language features, and optimizations. Use '-diag-disable=10448' to disable this message.
ifort: remark #10448: Intel(R) Fortran Compiler Classic (ifort) is now deprecated and will be discontinued late 2024. Intel recommends that customers transition now to using the LLVM-based Intel(R) Fortran Compiler (ifx) for continued Windows* and Linux* support, new language support, new language features, and optimizations. Use '-diag-disable=10448' to disable this message.
ifort: remark #10448: Intel(R) Fortran Compiler Classic (ifort) is now deprecated and will be discontinued late 2024. Intel recommends that customers transition now to using the LLVM-based Intel(R) Fortran Compiler (ifx) for continued Windows* and Linux* support, new language support, new language features, and optimizations. Use '-diag-disable=10448' to disable this message.
ifort: remark #10448: Intel(R) Fortran Compiler Classic (ifort) is now deprecated and will be discontinued late 2024. Intel recommends that customers transition now to using the LLVM-based Intel(R) Fortran Compiler (ifx) for continued Windows* and Linux* support, new language support, new language features, and optimizations. Use '-diag-disable=10448' to disable this message.
ifort: remark #10448: Intel(R) Fortran Compiler Classic (ifort) is now deprecated and will be discontinued late 2024. Intel recommends that customers transition now to using the LLVM-based Intel(R) Fortran Compiler (ifx) for continued Windows* and Linux* support, new language support, new language features, and optimizations. Use '-diag-disable=10448' to disable this message.
ifort: remark #10448: Intel(R) Fortran Compiler Classic (ifort) is now deprecated and will be discontinued late 2024. Intel recommends that customers transition now to using the LLVM-based Intel(R) Fortran Compiler (ifx) for continued Windows* and Linux* support, new language support, new language features, and optimizations. Use '-diag-disable=10448' to disable this message.
ifort: remark #10448: Intel(R) Fortran Compiler Classic (ifort) is now deprecated and will be discontinued late 2024. Intel recommends that customers transition now to using the LLVM-based Intel(R) Fortran Compiler (ifx) for continued Windows* and Linux* support, new language support, new language features, and optimizations. Use '-diag-disable=10448' to disable this message.
ifort: remark #10448: Intel(R) Fortran Compiler Classic (ifort) is now deprecated and will be discontinued late 2024. Intel recommends that customers transition now to using the LLVM-based Intel(R) Fortran Compiler (ifx) for continued Windows* and Linux* support, new language support, new language features, and optimizations. Use '-diag-disable=10448' to disable this message.
ifort: remark #10448: Intel(R) Fortran Compiler Classic (ifort) is now deprecated and will be discontinued late 2024. Intel recommends that customers transition now to using the LLVM-based Intel(R) Fortran Compiler (ifx) for continued Windows* and Linux* support, new language support, new language features, and optimizations. Use '-diag-disable=10448' to disable this message.
ifort: remark #10448: Intel(R) Fortran Compiler Classic (ifort) is now deprecated and will be discontinued late 2024. Intel recommends that customers transition now to using the LLVM-based Intel(R) Fortran Compiler (ifx) for continued Windows* and Linux* support, new language support, new language features, and optimizations. Use '-diag-disable=10448' to disable this message.
ifort: remark #10448: Intel(R) Fortran Compiler Classic (ifort) is now deprecated and will be discontinued late 2024. Intel recommends that customers transition now to using the LLVM-based Intel(R) Fortran Compiler (ifx) for continued Windows* and Linux* support, new language support, new language features, and optimizations. Use '-diag-disable=10448' to disable this message.
ifort: remark #10448: Intel(R) Fortran Compiler Classic (ifort) is now deprecated and will be discontinued late 2024. Intel recommends that customers transition now to using the LLVM-based Intel(R) Fortran Compiler (ifx) for continued Windows* and Linux* support, new language support, new language features, and optimizations. Use '-diag-disable=10448' to disable this message.
ifort: remark #10448: Intel(R) Fortran Compiler Classic (ifort) is now deprecated and will be discontinued late 2024. Intel recommends that customers transition now to using the LLVM-based Intel(R) Fortran Compiler (ifx) for continued Windows* and Linux* support, new language support, new language features, and optimizations. Use '-diag-disable=10448' to disable this message.
ifort: remark #10448: Intel(R) Fortran Compiler Classic (ifort) is now deprecated and will be discontinued late 2024. Intel recommends that customers transition now to using the LLVM-based Intel(R) Fortran Compiler (ifx) for continued Windows* and Linux* support, new language support, new language features, and optimizations. Use '-diag-disable=10448' to disable this message.
ifort: remark #10448: Intel(R) Fortran Compiler Classic (ifort) is now deprecated and will be discontinued late 2024. Intel recommends that customers transition now to using the LLVM-based Intel(R) Fortran Compiler (ifx) for continued Windows* and Linux* support, new language support, new language features, and optimizations. Use '-diag-disable=10448' to disable this message.
ifort: remark #10448: Intel(R) Fortran Compiler Classic (ifort) is now deprecated and will be discontinued late 2024. Intel recommends that customers transition now to using the LLVM-based Intel(R) Fortran Compiler (ifx) for continued Windows* and Linux* support, new language support, new language features, and optimizations. Use '-diag-disable=10448' to disable this message.
ifort: remark #10448: Intel(R) Fortran Compiler Classic (ifort) is now deprecated and will be discontinued late 2024. Intel recommends that customers transition now to using the LLVM-based Intel(R) Fortran Compiler (ifx) for continued Windows* and Linux* support, new language support, new language features, and optimizations. Use '-diag-disable=10448' to disable this message.
ifort: remark #10448: Intel(R) Fortran Compiler Classic (ifort) is now deprecated and will be discontinued late 2024. Intel recommends that customers transition now to using the LLVM-based Intel(R) Fortran Compiler (ifx) for continued Windows* and Linux* support, new language support, new language features, and optimizations. Use '-diag-disable=10448' to disable this message.
ifort: remark #10448: Intel(R) Fortran Compiler Classic (ifort) is now deprecated and will be discontinued late 2024. Intel recommends that customers transition now to using the LLVM-based Intel(R) Fortran Compiler (ifx) for continued Windows* and Linux* support, new language support, new language features, and optimizations. Use '-diag-disable=10448' to disable this message.
ifort: remark #10448: Intel(R) Fortran Compiler Classic (ifort) is now deprecated and will be discontinued late 2024. Intel recommends that customers transition now to using the LLVM-based Intel(R) Fortran Compiler (ifx) for continued Windows* and Linux* support, new language support, new language features, and optimizations. Use '-diag-disable=10448' to disable this message.
ifort: remark #10448: Intel(R) Fortran Compiler Classic (ifort) is now deprecated and will be discontinued late 2024. Intel recommends that customers transition now to using the LLVM-based Intel(R) Fortran Compiler (ifx) for continued Windows* and Linux* support, new language support, new language features, and optimizations. Use '-diag-disable=10448' to disable this message.
ifort: remark #10448: Intel(R) Fortran Compiler Classic (ifort) is now deprecated and will be discontinued late 2024. Intel recommends that customers transition now to using the LLVM-based Intel(R) Fortran Compiler (ifx) for continued Windows* and Linux* support, new language support, new language features, and optimizations. Use '-diag-disable=10448' to disable this message.
ifort: remark #10448: Intel(R) Fortran Compiler Classic (ifort) is now deprecated and will be discontinued late 2024. Intel recommends that customers transition now to using the LLVM-based Intel(R) Fortran Compiler (ifx) for continued Windows* and Linux* support, new language support, new language features, and optimizations. Use '-diag-disable=10448' to disable this message.
ifort: remark #10448: Intel(R) Fortran Compiler Classic (ifort) is now deprecated and will be discontinued late 2024. Intel recommends that customers transition now to using the LLVM-based Intel(R) Fortran Compiler (ifx) for continued Windows* and Linux* support, new language support, new language features, and optimizations. Use '-diag-disable=10448' to disable this message.
ifort: remark #10448: Intel(R) Fortran Compiler Classic (ifort) is now deprecated and will be discontinued late 2024. Intel recommends that customers transition now to using the LLVM-based Intel(R) Fortran Compiler (ifx) for continued Windows* and Linux* support, new language support, new language features, and optimizations. Use '-diag-disable=10448' to disable this message.
ifort: remark #10448: Intel(R) Fortran Compiler Classic (ifort) is now deprecated and will be discontinued late 2024. Intel recommends that customers transition now to using the LLVM-based Intel(R) Fortran Compiler (ifx) for continued Windows* and Linux* support, new language support, new language features, and optimizations. Use '-diag-disable=10448' to disable this message.
ifort: remark #10448: Intel(R) Fortran Compiler Classic (ifort) is now deprecated and will be discontinued late 2024. Intel recommends that customers transition now to using the LLVM-based Intel(R) Fortran Compiler (ifx) for continued Windows* and Linux* support, new language support, new language features, and optimizations. Use '-diag-disable=10448' to disable this message.
ifort: remark #10448: Intel(R) Fortran Compiler Classic (ifort) is now deprecated and will be discontinued late 2024. Intel recommends that customers transition now to using the LLVM-based Intel(R) Fortran Compiler (ifx) for continued Windows* and Linux* support, new language support, new language features, and optimizations. Use '-diag-disable=10448' to disable this message.
ifort: remark #10448: Intel(R) Fortran Compiler Classic (ifort) is now deprecated and will be discontinued late 2024. Intel recommends that customers transition now to using the LLVM-based Intel(R) Fortran Compiler (ifx) for continued Windows* and Linux* support, new language support, new language features, and optimizations. Use '-diag-disable=10448' to disable this message.
ifort: remark #10448: Intel(R) Fortran Compiler Classic (ifort) is now deprecated and will be discontinued late 2024. Intel recommends that customers transition now to using the LLVM-based Intel(R) Fortran Compiler (ifx) for continued Windows* and Linux* support, new language support, new language features, and optimizations. Use '-diag-disable=10448' to disable this message.
ifort: remark #10448: Intel(R) Fortran Compiler Classic (ifort) is now deprecated and will be discontinued late 2024. Intel recommends that customers transition now to using the LLVM-based Intel(R) Fortran Compiler (ifx) for continued Windows* and Linux* support, new language support, new language features, and optimizations. Use '-diag-disable=10448' to disable this message.
ifort: remark #10448: Intel(R) Fortran Compiler Classic (ifort) is now deprecated and will be discontinued late 2024. Intel recommends that customers transition now to using the LLVM-based Intel(R) Fortran Compiler (ifx) for continued Windows* and Linux* support, new language support, new language features, and optimizations. Use '-diag-disable=10448' to disable this message.
ifort: remark #10448: Intel(R) Fortran Compiler Classic (ifort) is now deprecated and will be discontinued late 2024. Intel recommends that customers transition now to using the LLVM-based Intel(R) Fortran Compiler (ifx) for continued Windows* and Linux* support, new language support, new language features, and optimizations. Use '-diag-disable=10448' to disable this message.
ifort: remark #10448: Intel(R) Fortran Compiler Classic (ifort) is now deprecated and will be discontinued late 2024. Intel recommends that customers transition now to using the LLVM-based Intel(R) Fortran Compiler (ifx) for continued Windows* and Linux* support, new language support, new language features, and optimizations. Use '-diag-disable=10448' to disable this message.
ifort: remark #10448: Intel(R) Fortran Compiler Classic (ifort) is now deprecated and will be discontinued late 2024. Intel recommends that customers transition now to using the LLVM-based Intel(R) Fortran Compiler (ifx) for continued Windows* and Linux* support, new language support, new language features, and optimizations. Use '-diag-disable=10448' to disable this message.
ifort: remark #10448: Intel(R) Fortran Compiler Classic (ifort) is now deprecated and will be discontinued late 2024. Intel recommends that customers transition now to using the LLVM-based Intel(R) Fortran Compiler (ifx) for continued Windows* and Linux* support, new language support, new language features, and optimizations. Use '-diag-disable=10448' to disable this message.
ifort: remark #10448: Intel(R) Fortran Compiler Classic (ifort) is now deprecated and will be discontinued late 2024. Intel recommends that customers transition now to using the LLVM-based Intel(R) Fortran Compiler (ifx) for continued Windows* and Linux* support, new language support, new language features, and optimizations. Use '-diag-disable=10448' to disable this message.
ifort: remark #10448: Intel(R) Fortran Compiler Classic (ifort) is now deprecated and will be discontinued late 2024. Intel recommends that customers transition now to using the LLVM-based Intel(R) Fortran Compiler (ifx) for continued Windows* and Linux* support, new language support, new language features, and optimizations. Use '-diag-disable=10448' to disable this message.
ifort: remark #10448: Intel(R) Fortran Compiler Classic (ifort) is now deprecated and will be discontinued late 2024. Intel recommends that customers transition now to using the LLVM-based Intel(R) Fortran Compiler (ifx) for continued Windows* and Linux* support, new language support, new language features, and optimizations. Use '-diag-disable=10448' to disable this message.
ifort: remark #10448: Intel(R) Fortran Compiler Classic (ifort) is now deprecated and will be discontinued late 2024. Intel recommends that customers transition now to using the LLVM-based Intel(R) Fortran Compiler (ifx) for continued Windows* and Linux* support, new language support, new language features, and optimizations. Use '-diag-disable=10448' to disable this message.
ifort: remark #10448: Intel(R) Fortran Compiler Classic (ifort) is now deprecated and will be discontinued late 2024. Intel recommends that customers transition now to using the LLVM-based Intel(R) Fortran Compiler (ifx) for continued Windows* and Linux* support, new language support, new language features, and optimizations. Use '-diag-disable=10448' to disable this message.
ifort: remark #10448: Intel(R) Fortran Compiler Classic (ifort) is now deprecated and will be discontinued late 2024. Intel recommends that customers transition now to using the LLVM-based Intel(R) Fortran Compiler (ifx) for continued Windows* and Linux* support, new language support, new language features, and optimizations. Use '-diag-disable=10448' to disable this message.
ifort: remark #10448: Intel(R) Fortran Compiler Classic (ifort) is now deprecated and will be discontinued late 2024. Intel recommends that customers transition now to using the LLVM-based Intel(R) Fortran Compiler (ifx) for continued Windows* and Linux* support, new language support, new language features, and optimizations. Use '-diag-disable=10448' to disable this message.
ifort: remark #10448: Intel(R) Fortran Compiler Classic (ifort) is now deprecated and will be discontinued late 2024. Intel recommends that customers transition now to using the LLVM-based Intel(R) Fortran Compiler (ifx) for continued Windows* and Linux* support, new language support, new language features, and optimizations. Use '-diag-disable=10448' to disable this message.
ifort: remark #10448: Intel(R) Fortran Compiler Classic (ifort) is now deprecated and will be discontinued late 2024. Intel recommends that customers transition now to using the LLVM-based Intel(R) Fortran Compiler (ifx) for continued Windows* and Linux* support, new language support, new language features, and optimizations. Use '-diag-disable=10448' to disable this message.
ifort: remark #10448: Intel(R) Fortran Compiler Classic (ifort) is now deprecated and will be discontinued late 2024. Intel recommends that customers transition now to using the LLVM-based Intel(R) Fortran Compiler (ifx) for continued Windows* and Linux* support, new language support, new language features, and optimizations. Use '-diag-disable=10448' to disable this message.
ifort: remark #10448: Intel(R) Fortran Compiler Classic (ifort) is now deprecated and will be discontinued late 2024. Intel recommends that customers transition now to using the LLVM-based Intel(R) Fortran Compiler (ifx) for continued Windows* and Linux* support, new language support, new language features, and optimizations. Use '-diag-disable=10448' to disable this message.
ifort: remark #10448: Intel(R) Fortran Compiler Classic (ifort) is now deprecated and will be discontinued late 2024. Intel recommends that customers transition now to using the LLVM-based Intel(R) Fortran Compiler (ifx) for continued Windows* and Linux* support, new language support, new language features, and optimizations. Use '-diag-disable=10448' to disable this message.
ifort: remark #10448: Intel(R) Fortran Compiler Classic (ifort) is now deprecated and will be discontinued late 2024. Intel recommends that customers transition now to using the LLVM-based Intel(R) Fortran Compiler (ifx) for continued Windows* and Linux* support, new language support, new language features, and optimizations. Use '-diag-disable=10448' to disable this message.
ifort: remark #10448: Intel(R) Fortran Compiler Classic (ifort) is now deprecated and will be discontinued late 2024. Intel recommends that customers transition now to using the LLVM-based Intel(R) Fortran Compiler (ifx) for continued Windows* and Linux* support, new language support, new language features, and optimizations. Use '-diag-disable=10448' to disable this message.
ifort: remark #10448: Intel(R) Fortran Compiler Classic (ifort) is now deprecated and will be discontinued late 2024. Intel recommends that customers transition now to using the LLVM-based Intel(R) Fortran Compiler (ifx) for continued Windows* and Linux* support, new language support, new language features, and optimizations. Use '-diag-disable=10448' to disable this message.
ifort: remark #10448: Intel(R) Fortran Compiler Classic (ifort) is now deprecated and will be discontinued late 2024. Intel recommends that customers transition now to using the LLVM-based Intel(R) Fortran Compiler (ifx) for continued Windows* and Linux* support, new language support, new language features, and optimizations. Use '-diag-disable=10448' to disable this message.
ifort: remark #10448: Intel(R) Fortran Compiler Classic (ifort) is now deprecated and will be discontinued late 2024. Intel recommends that customers transition now to using the LLVM-based Intel(R) Fortran Compiler (ifx) for continued Windows* and Linux* support, new language support, new language features, and optimizations. Use '-diag-disable=10448' to disable this message.
ifort: remark #10448: Intel(R) Fortran Compiler Classic (ifort) is now deprecated and will be discontinued late 2024. Intel recommends that customers transition now to using the LLVM-based Intel(R) Fortran Compiler (ifx) for continued Windows* and Linux* support, new language support, new language features, and optimizations. Use '-diag-disable=10448' to disable this message.
ifort: remark #10448: Intel(R) Fortran Compiler Classic (ifort) is now deprecated and will be discontinued late 2024. Intel recommends that customers transition now to using the LLVM-based Intel(R) Fortran Compiler (ifx) for continued Windows* and Linux* support, new language support, new language features, and optimizations. Use '-diag-disable=10448' to disable this message.
ifort: remark #10448: Intel(R) Fortran Compiler Classic (ifort) is now deprecated and will be discontinued late 2024. Intel recommends that customers transition now to using the LLVM-based Intel(R) Fortran Compiler (ifx) for continued Windows* and Linux* support, new language support, new language features, and optimizations. Use '-diag-disable=10448' to disable this message.
ifort: remark #10448: Intel(R) Fortran Compiler Classic (ifort) is now deprecated and will be discontinued late 2024. Intel recommends that customers transition now to using the LLVM-based Intel(R) Fortran Compiler (ifx) for continued Windows* and Linux* support, new language support, new language features, and optimizations. Use '-diag-disable=10448' to disable this message.
ifort: remark #10448: Intel(R) Fortran Compiler Classic (ifort) is now deprecated and will be discontinued late 2024. Intel recommends that customers transition now to using the LLVM-based Intel(R) Fortran Compiler (ifx) for continued Windows* and Linux* support, new language support, new language features, and optimizations. Use '-diag-disable=10448' to disable this message.
ifort: remark #10448: Intel(R) Fortran Compiler Classic (ifort) is now deprecated and will be discontinued late 2024. Intel recommends that customers transition now to using the LLVM-based Intel(R) Fortran Compiler (ifx) for continued Windows* and Linux* support, new language support, new language features, and optimizations. Use '-diag-disable=10448' to disable this message.
ifort: remark #10448: Intel(R) Fortran Compiler Classic (ifort) is now deprecated and will be discontinued late 2024. Intel recommends that customers transition now to using the LLVM-based Intel(R) Fortran Compiler (ifx) for continued Windows* and Linux* support, new language support, new language features, and optimizations. Use '-diag-disable=10448' to disable this message.
ifort: remark #10448: Intel(R) Fortran Compiler Classic (ifort) is now deprecated and will be discontinued late 2024. Intel recommends that customers transition now to using the LLVM-based Intel(R) Fortran Compiler (ifx) for continued Windows* and Linux* support, new language support, new language features, and optimizations. Use '-diag-disable=10448' to disable this message.
ifort: remark #10448: Intel(R) Fortran Compiler Classic (ifort) is now deprecated and will be discontinued late 2024. Intel recommends that customers transition now to using the LLVM-based Intel(R) Fortran Compiler (ifx) for continued Windows* and Linux* support, new language support, new language features, and optimizations. Use '-diag-disable=10448' to disable this message.
ifort: remark #10448: Intel(R) Fortran Compiler Classic (ifort) is now deprecated and will be discontinued late 2024. Intel recommends that customers transition now to using the LLVM-based Intel(R) Fortran Compiler (ifx) for continued Windows* and Linux* support, new language support, new language features, and optimizations. Use '-diag-disable=10448' to disable this message.
ifort: remark #10448: Intel(R) Fortran Compiler Classic (ifort) is now deprecated and will be discontinued late 2024. Intel recommends that customers transition now to using the LLVM-based Intel(R) Fortran Compiler (ifx) for continued Windows* and Linux* support, new language support, new language features, and optimizations. Use '-diag-disable=10448' to disable this message.
ifort: remark #10448: Intel(R) Fortran Compiler Classic (ifort) is now deprecated and will be discontinued late 2024. Intel recommends that customers transition now to using the LLVM-based Intel(R) Fortran Compiler (ifx) for continued Windows* and Linux* support, new language support, new language features, and optimizations. Use '-diag-disable=10448' to disable this message.
ifort: remark #10448: Intel(R) Fortran Compiler Classic (ifort) is now deprecated and will be discontinued late 2024. Intel recommends that customers transition now to using the LLVM-based Intel(R) Fortran Compiler (ifx) for continued Windows* and Linux* support, new language support, new language features, and optimizations. Use '-diag-disable=10448' to disable this message.
ifort: remark #10448: Intel(R) Fortran Compiler Classic (ifort) is now deprecated and will be discontinued late 2024. Intel recommends that customers transition now to using the LLVM-based Intel(R) Fortran Compiler (ifx) for continued Windows* and Linux* support, new language support, new language features, and optimizations. Use '-diag-disable=10448' to disable this message.
ifort: remark #10448: Intel(R) Fortran Compiler Classic (ifort) is now deprecated and will be discontinued late 2024. Intel recommends that customers transition now to using the LLVM-based Intel(R) Fortran Compiler (ifx) for continued Windows* and Linux* support, new language support, new language features, and optimizations. Use '-diag-disable=10448' to disable this message.
ifort: remark #10448: Intel(R) Fortran Compiler Classic (ifort) is now deprecated and will be discontinued late 2024. Intel recommends that customers transition now to using the LLVM-based Intel(R) Fortran Compiler (ifx) for continued Windows* and Linux* support, new language support, new language features, and optimizations. Use '-diag-disable=10448' to disable this message.
ifort: remark #10448: Intel(R) Fortran Compiler Classic (ifort) is now deprecated and will be discontinued late 2024. Intel recommends that customers transition now to using the LLVM-based Intel(R) Fortran Compiler (ifx) for continued Windows* and Linux* support, new language support, new language features, and optimizations. Use '-diag-disable=10448' to disable this message.
ifort: remark #10448: Intel(R) Fortran Compiler Classic (ifort) is now deprecated and will be discontinued late 2024. Intel recommends that customers transition now to using the LLVM-based Intel(R) Fortran Compiler (ifx) for continued Windows* and Linux* support, new language support, new language features, and optimizations. Use '-diag-disable=10448' to disable this message.
ifort: remark #10448: Intel(R) Fortran Compiler Classic (ifort) is now deprecated and will be discontinued late 2024. Intel recommends that customers transition now to using the LLVM-based Intel(R) Fortran Compiler (ifx) for continued Windows* and Linux* support, new language support, new language features, and optimizations. Use '-diag-disable=10448' to disable this message.
ifort: remark #10448: Intel(R) Fortran Compiler Classic (ifort) is now deprecated and will be discontinued late 2024. Intel recommends that customers transition now to using the LLVM-based Intel(R) Fortran Compiler (ifx) for continued Windows* and Linux* support, new language support, new language features, and optimizations. Use '-diag-disable=10448' to disable this message.
ifort: remark #10448: Intel(R) Fortran Compiler Classic (ifort) is now deprecated and will be discontinued late 2024. Intel recommends that customers transition now to using the LLVM-based Intel(R) Fortran Compiler (ifx) for continued Windows* and Linux* support, new language support, new language features, and optimizations. Use '-diag-disable=10448' to disable this message.
ifort: remark #10448: Intel(R) Fortran Compiler Classic (ifort) is now deprecated and will be discontinued late 2024. Intel recommends that customers transition now to using the LLVM-based Intel(R) Fortran Compiler (ifx) for continued Windows* and Linux* support, new language support, new language features, and optimizations. Use '-diag-disable=10448' to disable this message.
ifort: remark #10448: Intel(R) Fortran Compiler Classic (ifort) is now deprecated and will be discontinued late 2024. Intel recommends that customers transition now to using the LLVM-based Intel(R) Fortran Compiler (ifx) for continued Windows* and Linux* support, new language support, new language features, and optimizations. Use '-diag-disable=10448' to disable this message.
ifort: remark #10448: Intel(R) Fortran Compiler Classic (ifort) is now deprecated and will be discontinued late 2024. Intel recommends that customers transition now to using the LLVM-based Intel(R) Fortran Compiler (ifx) for continued Windows* and Linux* support, new language support, new language features, and optimizations. Use '-diag-disable=10448' to disable this message.
ifort: remark #10448: Intel(R) Fortran Compiler Classic (ifort) is now deprecated and will be discontinued late 2024. Intel recommends that customers transition now to using the LLVM-based Intel(R) Fortran Compiler (ifx) for continued Windows* and Linux* support, new language support, new language features, and optimizations. Use '-diag-disable=10448' to disable this message.
ifort: remark #10448: Intel(R) Fortran Compiler Classic (ifort) is now deprecated and will be discontinued late 2024. Intel recommends that customers transition now to using the LLVM-based Intel(R) Fortran Compiler (ifx) for continued Windows* and Linux* support, new language support, new language features, and optimizations. Use '-diag-disable=10448' to disable this message.
ifort: remark #10448: Intel(R) Fortran Compiler Classic (ifort) is now deprecated and will be discontinued late 2024. Intel recommends that customers transition now to using the LLVM-based Intel(R) Fortran Compiler (ifx) for continued Windows* and Linux* support, new language support, new language features, and optimizations. Use '-diag-disable=10448' to disable this message.
ifort: remark #10448: Intel(R) Fortran Compiler Classic (ifort) is now deprecated and will be discontinued late 2024. Intel recommends that customers transition now to using the LLVM-based Intel(R) Fortran Compiler (ifx) for continued Windows* and Linux* support, new language support, new language features, and optimizations. Use '-diag-disable=10448' to disable this message.
ifort: remark #10448: Intel(R) Fortran Compiler Classic (ifort) is now deprecated and will be discontinued late 2024. Intel recommends that customers transition now to using the LLVM-based Intel(R) Fortran Compiler (ifx) for continued Windows* and Linux* support, new language support, new language features, and optimizations. Use '-diag-disable=10448' to disable this message.
ifort: remark #10448: Intel(R) Fortran Compiler Classic (ifort) is now deprecated and will be discontinued late 2024. Intel recommends that customers transition now to using the LLVM-based Intel(R) Fortran Compiler (ifx) for continued Windows* and Linux* support, new language support, new language features, and optimizations. Use '-diag-disable=10448' to disable this message.
ifort: remark #10448: Intel(R) Fortran Compiler Classic (ifort) is now deprecated and will be discontinued late 2024. Intel recommends that customers transition now to using the LLVM-based Intel(R) Fortran Compiler (ifx) for continued Windows* and Linux* support, new language support, new language features, and optimizations. Use '-diag-disable=10448' to disable this message.
ifort: remark #10448: Intel(R) Fortran Compiler Classic (ifort) is now deprecated and will be discontinued late 2024. Intel recommends that customers transition now to using the LLVM-based Intel(R) Fortran Compiler (ifx) for continued Windows* and Linux* support, new language support, new language features, and optimizations. Use '-diag-disable=10448' to disable this message.
ifort: remark #10448: Intel(R) Fortran Compiler Classic (ifort) is now deprecated and will be discontinued late 2024. Intel recommends that customers transition now to using the LLVM-based Intel(R) Fortran Compiler (ifx) for continued Windows* and Linux* support, new language support, new language features, and optimizations. Use '-diag-disable=10448' to disable this message.
ifort: remark #10448: Intel(R) Fortran Compiler Classic (ifort) is now deprecated and will be discontinued late 2024. Intel recommends that customers transition now to using the LLVM-based Intel(R) Fortran Compiler (ifx) for continued Windows* and Linux* support, new language support, new language features, and optimizations. Use '-diag-disable=10448' to disable this message.
ifort: remark #10448: Intel(R) Fortran Compiler Classic (ifort) is now deprecated and will be discontinued late 2024. Intel recommends that customers transition now to using the LLVM-based Intel(R) Fortran Compiler (ifx) for continued Windows* and Linux* support, new language support, new language features, and optimizations. Use '-diag-disable=10448' to disable this message.
ifort: remark #10448: Intel(R) Fortran Compiler Classic (ifort) is now deprecated and will be discontinued late 2024. Intel recommends that customers transition now to using the LLVM-based Intel(R) Fortran Compiler (ifx) for continued Windows* and Linux* support, new language support, new language features, and optimizations. Use '-diag-disable=10448' to disable this message.
ifort: remark #10448: Intel(R) Fortran Compiler Classic (ifort) is now deprecated and will be discontinued late 2024. Intel recommends that customers transition now to using the LLVM-based Intel(R) Fortran Compiler (ifx) for continued Windows* and Linux* support, new language support, new language features, and optimizations. Use '-diag-disable=10448' to disable this message.
ifort: remark #10448: Intel(R) Fortran Compiler Classic (ifort) is now deprecated and will be discontinued late 2024. Intel recommends that customers transition now to using the LLVM-based Intel(R) Fortran Compiler (ifx) for continued Windows* and Linux* support, new language support, new language features, and optimizations. Use '-diag-disable=10448' to disable this message.
ifort: remark #10448: Intel(R) Fortran Compiler Classic (ifort) is now deprecated and will be discontinued late 2024. Intel recommends that customers transition now to using the LLVM-based Intel(R) Fortran Compiler (ifx) for continued Windows* and Linux* support, new language support, new language features, and optimizations. Use '-diag-disable=10448' to disable this message.
ifort: remark #10448: Intel(R) Fortran Compiler Classic (ifort) is now deprecated and will be discontinued late 2024. Intel recommends that customers transition now to using the LLVM-based Intel(R) Fortran Compiler (ifx) for continued Windows* and Linux* support, new language support, new language features, and optimizations. Use '-diag-disable=10448' to disable this message.
ifort: remark #10448: Intel(R) Fortran Compiler Classic (ifort) is now deprecated and will be discontinued late 2024. Intel recommends that customers transition now to using the LLVM-based Intel(R) Fortran Compiler (ifx) for continued Windows* and Linux* support, new language support, new language features, and optimizations. Use '-diag-disable=10448' to disable this message.
ifort: remark #10448: Intel(R) Fortran Compiler Classic (ifort) is now deprecated and will be discontinued late 2024. Intel recommends that customers transition now to using the LLVM-based Intel(R) Fortran Compiler (ifx) for continued Windows* and Linux* support, new language support, new language features, and optimizations. Use '-diag-disable=10448' to disable this message.
ifort: remark #10448: Intel(R) Fortran Compiler Classic (ifort) is now deprecated and will be discontinued late 2024. Intel recommends that customers transition now to using the LLVM-based Intel(R) Fortran Compiler (ifx) for continued Windows* and Linux* support, new language support, new language features, and optimizations. Use '-diag-disable=10448' to disable this message.
ifort: remark #10448: Intel(R) Fortran Compiler Classic (ifort) is now deprecated and will be discontinued late 2024. Intel recommends that customers transition now to using the LLVM-based Intel(R) Fortran Compiler (ifx) for continued Windows* and Linux* support, new language support, new language features, and optimizations. Use '-diag-disable=10448' to disable this message.
ifort: remark #10448: Intel(R) Fortran Compiler Classic (ifort) is now deprecated and will be discontinued late 2024. Intel recommends that customers transition now to using the LLVM-based Intel(R) Fortran Compiler (ifx) for continued Windows* and Linux* support, new language support, new language features, and optimizations. Use '-diag-disable=10448' to disable this message.
ifort: remark #10448: Intel(R) Fortran Compiler Classic (ifort) is now deprecated and will be discontinued late 2024. Intel recommends that customers transition now to using the LLVM-based Intel(R) Fortran Compiler (ifx) for continued Windows* and Linux* support, new language support, new language features, and optimizations. Use '-diag-disable=10448' to disable this message.
ifort: remark #10448: Intel(R) Fortran Compiler Classic (ifort) is now deprecated and will be discontinued late 2024. Intel recommends that customers transition now to using the LLVM-based Intel(R) Fortran Compiler (ifx) for continued Windows* and Linux* support, new language support, new language features, and optimizations. Use '-diag-disable=10448' to disable this message.
ifort: remark #10448: Intel(R) Fortran Compiler Classic (ifort) is now deprecated and will be discontinued late 2024. Intel recommends that customers transition now to using the LLVM-based Intel(R) Fortran Compiler (ifx) for continued Windows* and Linux* support, new language support, new language features, and optimizations. Use '-diag-disable=10448' to disable this message.
ifort: remark #10448: Intel(R) Fortran Compiler Classic (ifort) is now deprecated and will be discontinued late 2024. Intel recommends that customers transition now to using the LLVM-based Intel(R) Fortran Compiler (ifx) for continued Windows* and Linux* support, new language support, new language features, and optimizations. Use '-diag-disable=10448' to disable this message.
ifort: remark #10448: Intel(R) Fortran Compiler Classic (ifort) is now deprecated and will be discontinued late 2024. Intel recommends that customers transition now to using the LLVM-based Intel(R) Fortran Compiler (ifx) for continued Windows* and Linux* support, new language support, new language features, and optimizations. Use '-diag-disable=10448' to disable this message.
ifort: remark #10448: Intel(R) Fortran Compiler Classic (ifort) is now deprecated and will be discontinued late 2024. Intel recommends that customers transition now to using the LLVM-based Intel(R) Fortran Compiler (ifx) for continued Windows* and Linux* support, new language support, new language features, and optimizations. Use '-diag-disable=10448' to disable this message.
ifort: remark #10448: Intel(R) Fortran Compiler Classic (ifort) is now deprecated and will be discontinued late 2024. Intel recommends that customers transition now to using the LLVM-based Intel(R) Fortran Compiler (ifx) for continued Windows* and Linux* support, new language support, new language features, and optimizations. Use '-diag-disable=10448' to disable this message.
ifort: remark #10448: Intel(R) Fortran Compiler Classic (ifort) is now deprecated and will be discontinued late 2024. Intel recommends that customers transition now to using the LLVM-based Intel(R) Fortran Compiler (ifx) for continued Windows* and Linux* support, new language support, new language features, and optimizations. Use '-diag-disable=10448' to disable this message.
ifort: remark #10448: Intel(R) Fortran Compiler Classic (ifort) is now deprecated and will be discontinued late 2024. Intel recommends that customers transition now to using the LLVM-based Intel(R) Fortran Compiler (ifx) for continued Windows* and Linux* support, new language support, new language features, and optimizations. Use '-diag-disable=10448' to disable this message.
ifort: remark #10448: Intel(R) Fortran Compiler Classic (ifort) is now deprecated and will be discontinued late 2024. Intel recommends that customers transition now to using the LLVM-based Intel(R) Fortran Compiler (ifx) for continued Windows* and Linux* support, new language support, new language features, and optimizations. Use '-diag-disable=10448' to disable this message.
ifort: remark #10448: Intel(R) Fortran Compiler Classic (ifort) is now deprecated and will be discontinued late 2024. Intel recommends that customers transition now to using the LLVM-based Intel(R) Fortran Compiler (ifx) for continued Windows* and Linux* support, new language support, new language features, and optimizations. Use '-diag-disable=10448' to disable this message.
ifort: remark #10448: Intel(R) Fortran Compiler Classic (ifort) is now deprecated and will be discontinued late 2024. Intel recommends that customers transition now to using the LLVM-based Intel(R) Fortran Compiler (ifx) for continued Windows* and Linux* support, new language support, new language features, and optimizations. Use '-diag-disable=10448' to disable this message.
ifort: remark #10448: Intel(R) Fortran Compiler Classic (ifort) is now deprecated and will be discontinued late 2024. Intel recommends that customers transition now to using the LLVM-based Intel(R) Fortran Compiler (ifx) for continued Windows* and Linux* support, new language support, new language features, and optimizations. Use '-diag-disable=10448' to disable this message.
ifort: remark #10448: Intel(R) Fortran Compiler Classic (ifort) is now deprecated and will be discontinued late 2024. Intel recommends that customers transition now to using the LLVM-based Intel(R) Fortran Compiler (ifx) for continued Windows* and Linux* support, new language support, new language features, and optimizations. Use '-diag-disable=10448' to disable this message.
+ make install
+ exit
